2026-05-25 08:13:50,317:WARNING:
'cuml' is a soft dependency and not included in the pycaret installation. Please run: `pip install cuml` to install.
2026-05-25 08:13:50,317:WARNING:
'cuml' is a soft dependency and not included in the pycaret installation. Please run: `pip install cuml` to install.
2026-05-25 08:13:50,317:WARNING:
'cuml' is a soft dependency and not included in the pycaret installation. Please run: `pip install cuml` to install.
2026-05-25 08:13:50,317:WARNING:
'cuml' is a soft dependency and not included in the pycaret installation. Please run: `pip install cuml` to install.
2026-05-25 08:19:28,847:WARNING:
'cuml' is a soft dependency and not included in the pycaret installation. Please run: `pip install cuml` to install.
2026-05-25 08:19:28,849:WARNING:
'cuml' is a soft dependency and not included in the pycaret installation. Please run: `pip install cuml` to install.
2026-05-25 08:19:28,849:WARNING:
'cuml' is a soft dependency and not included in the pycaret installation. Please run: `pip install cuml` to install.
2026-05-25 08:19:28,849:WARNING:
'cuml' is a soft dependency and not included in the pycaret installation. Please run: `pip install cuml` to install.
2026-05-25 08:19:29,696:INFO:PyCaret ClassificationExperiment
2026-05-25 08:19:29,696:INFO:Logging name: clf-default-name
2026-05-25 08:19:29,696:INFO:ML Usecase: MLUsecase.CLASSIFICATION
2026-05-25 08:19:29,696:INFO:version 3.3.2
2026-05-25 08:19:29,696:INFO:Initializing setup()
2026-05-25 08:19:29,696:INFO:self.USI: 9540
2026-05-25 08:19:29,696:INFO:self._variable_keys: {'_ml_usecase', 'idx', 'is_multiclass', 'n_jobs_param', 'gpu_n_jobs_param', 'USI', 'target_param', 'fold_groups_param', 'fix_imbalance', 'seed', 'pipeline', 'y', 'logging_param', '_available_plots', 'memory', 'y_test', 'data', 'log_plots_param', 'y_train', 'exp_id', 'X_train', 'fold_generator', 'html_param', 'fold_shuffle_param', 'X_test', 'X', 'gpu_param', 'exp_name_log'}
2026-05-25 08:19:29,696:INFO:Checking environment
2026-05-25 08:19:29,696:INFO:python_version: 3.11.9
2026-05-25 08:19:29,697:INFO:python_build: ('tags/v3.11.9:de54cf5', 'Apr  2 2024 10:12:12')
2026-05-25 08:19:29,697:INFO:machine: AMD64
2026-05-25 08:19:29,697:INFO:platform: Windows-10-10.0.26200-SP0
2026-05-25 08:19:29,697:INFO:Memory: svmem(total=25087217664, available=10886451200, percent=56.6, used=14200766464, free=10886451200)
2026-05-25 08:19:29,697:INFO:Physical Core: 6
2026-05-25 08:19:29,697:INFO:Logical Core: 12
2026-05-25 08:19:29,697:INFO:Checking libraries
2026-05-25 08:19:29,698:INFO:System:
2026-05-25 08:19:29,698:INFO:    python: 3.11.9 (tags/v3.11.9:de54cf5, Apr  2 2024, 10:12:12) [MSC v.1938 64 bit (AMD64)]
2026-05-25 08:19:29,698:INFO:executable: c:\Users\HP\Documents\GitHub\ML-dating-app-behaviour\.venv\Scripts\python.exe
2026-05-25 08:19:29,698:INFO:   machine: Windows-10-10.0.26200-SP0
2026-05-25 08:19:29,698:INFO:PyCaret required dependencies:
2026-05-25 08:19:29,701:INFO:                 pip: 26.1.1
2026-05-25 08:19:29,701:INFO:          setuptools: 65.5.0
2026-05-25 08:19:29,701:INFO:             pycaret: 3.3.2
2026-05-25 08:19:29,701:INFO:             IPython: 9.13.0
2026-05-25 08:19:29,701:INFO:          ipywidgets: 8.1.8
2026-05-25 08:19:29,701:INFO:                tqdm: 4.67.3
2026-05-25 08:19:29,701:INFO:               numpy: 1.26.4
2026-05-25 08:19:29,701:INFO:              pandas: 2.1.4
2026-05-25 08:19:29,701:INFO:              jinja2: 3.1.6
2026-05-25 08:19:29,701:INFO:               scipy: 1.11.4
2026-05-25 08:19:29,702:INFO:              joblib: 1.3.2
2026-05-25 08:19:29,702:INFO:             sklearn: 1.4.2
2026-05-25 08:19:29,702:INFO:                pyod: 3.4.0
2026-05-25 08:19:29,702:INFO:            imblearn: 0.14.1
2026-05-25 08:19:29,702:INFO:   category_encoders: 2.7.0
2026-05-25 08:19:29,702:INFO:            lightgbm: 4.6.0
2026-05-25 08:19:29,702:INFO:               numba: 0.65.1
2026-05-25 08:19:29,702:INFO:            requests: 2.34.2
2026-05-25 08:19:29,702:INFO:          matplotlib: 3.7.5
2026-05-25 08:19:29,702:INFO:          scikitplot: 0.3.7
2026-05-25 08:19:29,703:INFO:         yellowbrick: 1.5
2026-05-25 08:19:29,703:INFO:              plotly: 6.7.0
2026-05-25 08:19:29,703:INFO:    plotly-resampler: Not installed
2026-05-25 08:19:29,703:INFO:             kaleido: 1.3.0
2026-05-25 08:19:29,703:INFO:           schemdraw: 0.15
2026-05-25 08:19:29,703:INFO:         statsmodels: 0.14.6
2026-05-25 08:19:29,703:INFO:              sktime: 0.26.0
2026-05-25 08:19:29,703:INFO:               tbats: 1.1.3
2026-05-25 08:19:29,703:INFO:            pmdarima: 2.0.4
2026-05-25 08:19:29,703:INFO:              psutil: 7.2.2
2026-05-25 08:19:29,703:INFO:          markupsafe: 3.0.3
2026-05-25 08:19:29,703:INFO:             pickle5: Not installed
2026-05-25 08:19:29,703:INFO:         cloudpickle: 3.1.2
2026-05-25 08:19:29,703:INFO:         deprecation: 2.1.0
2026-05-25 08:19:29,703:INFO:              xxhash: 3.7.0
2026-05-25 08:19:29,703:INFO:           wurlitzer: Not installed
2026-05-25 08:19:29,704:INFO:PyCaret optional dependencies:
2026-05-25 08:19:29,713:INFO:                shap: Not installed
2026-05-25 08:19:29,713:INFO:           interpret: Not installed
2026-05-25 08:19:29,713:INFO:                umap: Not installed
2026-05-25 08:19:29,714:INFO:     ydata_profiling: Not installed
2026-05-25 08:19:29,714:INFO:  explainerdashboard: Not installed
2026-05-25 08:19:29,714:INFO:             autoviz: Not installed
2026-05-25 08:19:29,714:INFO:           fairlearn: Not installed
2026-05-25 08:19:29,714:INFO:          deepchecks: Not installed
2026-05-25 08:19:29,714:INFO:             xgboost: 3.2.0
2026-05-25 08:19:29,714:INFO:            catboost: Not installed
2026-05-25 08:19:29,715:INFO:              kmodes: Not installed
2026-05-25 08:19:29,715:INFO:             mlxtend: Not installed
2026-05-25 08:19:29,715:INFO:       statsforecast: Not installed
2026-05-25 08:19:29,715:INFO:        tune_sklearn: Not installed
2026-05-25 08:19:29,715:INFO:                 ray: Not installed
2026-05-25 08:19:29,715:INFO:            hyperopt: Not installed
2026-05-25 08:19:29,715:INFO:              optuna: Not installed
2026-05-25 08:19:29,715:INFO:               skopt: Not installed
2026-05-25 08:19:29,715:INFO:              mlflow: Not installed
2026-05-25 08:19:29,715:INFO:              gradio: Not installed
2026-05-25 08:19:29,715:INFO:             fastapi: Not installed
2026-05-25 08:19:29,715:INFO:             uvicorn: Not installed
2026-05-25 08:19:29,715:INFO:              m2cgen: Not installed
2026-05-25 08:19:29,715:INFO:           evidently: Not installed
2026-05-25 08:19:29,715:INFO:               fugue: Not installed
2026-05-25 08:19:29,715:INFO:           streamlit: Not installed
2026-05-25 08:19:29,715:INFO:             prophet: Not installed
2026-05-25 08:19:29,715:INFO:None
2026-05-25 08:19:29,715:INFO:Set up data.
2026-05-25 08:19:29,750:INFO:Set up folding strategy.
2026-05-25 08:19:29,752:INFO:Set up train/test split.
2026-05-25 08:19:29,801:INFO:Set up index.
2026-05-25 08:19:29,802:INFO:Assigning column types.
2026-05-25 08:19:29,843:INFO:Engine successfully changes for model 'lr' to 'sklearn'.
2026-05-25 08:19:29,895:INFO:Engine for model 'knn' has not been set explicitly, hence returning None.
2026-05-25 08:19:29,900:INFO:Engine for model 'rbfsvm' has not been set explicitly, hence returning None.
2026-05-25 08:19:29,942:INFO:Soft dependency imported: xgboost: 3.2.0
2026-05-25 08:19:29,946:WARNING:
'catboost' is a soft dependency and not included in the pycaret installation. Please run: `pip install catboost` to install.
Alternately, you can install this by running `pip install pycaret[models]`
2026-05-25 08:19:29,997:INFO:Engine for model 'knn' has not been set explicitly, hence returning None.
2026-05-25 08:19:29,999:INFO:Engine for model 'rbfsvm' has not been set explicitly, hence returning None.
2026-05-25 08:19:30,029:INFO:Soft dependency imported: xgboost: 3.2.0
2026-05-25 08:19:30,033:WARNING:
'catboost' is a soft dependency and not included in the pycaret installation. Please run: `pip install catboost` to install.
Alternately, you can install this by running `pip install pycaret[models]`
2026-05-25 08:19:30,033:INFO:Engine successfully changes for model 'knn' to 'sklearn'.
2026-05-25 08:19:30,083:INFO:Engine for model 'rbfsvm' has not been set explicitly, hence returning None.
2026-05-25 08:19:30,113:INFO:Soft dependency imported: xgboost: 3.2.0
2026-05-25 08:19:30,116:WARNING:
'catboost' is a soft dependency and not included in the pycaret installation. Please run: `pip install catboost` to install.
Alternately, you can install this by running `pip install pycaret[models]`
2026-05-25 08:19:30,165:INFO:Engine for model 'rbfsvm' has not been set explicitly, hence returning None.
2026-05-25 08:19:30,196:INFO:Soft dependency imported: xgboost: 3.2.0
2026-05-25 08:19:30,199:WARNING:
'catboost' is a soft dependency and not included in the pycaret installation. Please run: `pip install catboost` to install.
Alternately, you can install this by running `pip install pycaret[models]`
2026-05-25 08:19:30,199:INFO:Engine successfully changes for model 'rbfsvm' to 'sklearn'.
2026-05-25 08:19:30,278:INFO:Soft dependency imported: xgboost: 3.2.0
2026-05-25 08:19:30,281:WARNING:
'catboost' is a soft dependency and not included in the pycaret installation. Please run: `pip install catboost` to install.
Alternately, you can install this by running `pip install pycaret[models]`
2026-05-25 08:19:30,363:INFO:Soft dependency imported: xgboost: 3.2.0
2026-05-25 08:19:30,367:WARNING:
'catboost' is a soft dependency and not included in the pycaret installation. Please run: `pip install catboost` to install.
Alternately, you can install this by running `pip install pycaret[models]`
2026-05-25 08:19:30,385:INFO:Preparing preprocessing pipeline...
2026-05-25 08:19:30,394:INFO:Set up simple imputation.
2026-05-25 08:19:30,399:INFO:Set up column name cleaning.
2026-05-25 08:19:30,522:INFO:Finished creating preprocessing pipeline.
2026-05-25 08:19:30,527:INFO:Pipeline: Pipeline(memory=FastMemory(location=C:\Users\HP\AppData\Local\Temp\joblib),
         steps=[('numerical_imputer',
                 TransformerWrapper(exclude=None,
                                    include=['body_type_Average',
                                             'body_type_Curvy',
                                             'body_type_Muscular',
                                             'body_type_Slim', 'education_enc',
                                             'gender_Female', 'gender_Male',
                                             'gender_Non-binary',
                                             'gender_Prefer Not to Say',
                                             'gender_Transgender', 'height_cm',
                                             'intere...
                ('categorical_imputer',
                 TransformerWrapper(exclude=None, include=[],
                                    transformer=SimpleImputer(add_indicator=False,
                                                              copy=True,
                                                              fill_value=None,
                                                              keep_empty_features=False,
                                                              missing_values=nan,
                                                              strategy='most_frequent'))),
                ('clean_column_names',
                 TransformerWrapper(exclude=None, include=None,
                                    transformer=CleanColumnNames(match='[\\]\\[\\,\\{\\}\\"\\:]+')))],
         verbose=False)
2026-05-25 08:19:30,528:INFO:Creating final display dataframe.
2026-05-25 08:19:30,893:INFO:Setup _display_container:                     Description             Value
0                    Session id               123
1                        Target            target
2                   Target type            Binary
3           Original data shape       (40000, 68)
4        Transformed data shape       (40000, 68)
5   Transformed train set shape       (28000, 68)
6    Transformed test set shape       (12000, 68)
7              Numeric features                67
8                    Preprocess              True
9               Imputation type            simple
10           Numeric imputation              mean
11       Categorical imputation              mode
12               Fold Generator   StratifiedKFold
13                  Fold Number                10
14                     CPU Jobs                -1
15                      Use GPU             False
16               Log Experiment             False
17              Experiment Name  clf-default-name
18                          USI              9540
2026-05-25 08:19:30,973:INFO:Soft dependency imported: xgboost: 3.2.0
2026-05-25 08:19:30,977:WARNING:
'catboost' is a soft dependency and not included in the pycaret installation. Please run: `pip install catboost` to install.
Alternately, you can install this by running `pip install pycaret[models]`
2026-05-25 08:19:31,062:INFO:Soft dependency imported: xgboost: 3.2.0
2026-05-25 08:19:31,065:WARNING:
'catboost' is a soft dependency and not included in the pycaret installation. Please run: `pip install catboost` to install.
Alternately, you can install this by running `pip install pycaret[models]`
2026-05-25 08:19:31,066:INFO:setup() successfully completed in 1.38s...............
2026-05-25 08:19:31,066:INFO:Initializing compare_models()
2026-05-25 08:19:31,068:INFO:compare_models(self=<pycaret.classification.oop.ClassificationExperiment object at 0x0000020E8CE77C10>, include=None, exclude=None, fold=None, round=4, cross_validation=True, sort=Accuracy, n_select=1, budget_time=2, turbo=True, errors=ignore, fit_kwargs=None, groups=None, experiment_custom_tags=None, probability_threshold=None, verbose=True, parallel=None, caller_params={'self': <pycaret.classification.oop.ClassificationExperiment object at 0x0000020E8CE77C10>, 'include': None, 'exclude': None, 'fold': None, 'round': 4, 'cross_validation': True, 'sort': 'Accuracy', 'n_select': 1, 'budget_time': 2, 'turbo': True, 'errors': 'ignore', 'fit_kwargs': None, 'groups': None, 'experiment_custom_tags': None, 'probability_threshold': None, 'engine': None, 'verbose': True, 'parallel': None, '__class__': <class 'pycaret.classification.oop.ClassificationExperiment'>})
2026-05-25 08:19:31,068:INFO:Checking exceptions
2026-05-25 08:19:31,099:INFO:Preparing display monitor
2026-05-25 08:19:31,104:INFO:Time budget is 2 minutes
2026-05-25 08:19:31,105:INFO:Initializing Logistic Regression
2026-05-25 08:19:31,105:INFO:Total runtime is 1.6486644744873048e-05 minutes
2026-05-25 08:19:31,105:INFO:SubProcess create_model() called ==================================
2026-05-25 08:19:31,105:INFO:Initializing create_model()
2026-05-25 08:19:31,106:INFO:create_model(self=<pycaret.classification.oop.ClassificationExperiment object at 0x0000020E8CE77C10>, estimator=lr, fold=StratifiedKFold(n_splits=10, random_state=None, shuffle=False), round=4, cross_validation=True, predict=True, fit_kwargs={}, groups=None, refit=False, probability_threshold=None, experiment_custom_tags=None, verbose=False, system=False, add_to_model_list=True, metrics=None, display=<pycaret.internal.display.display.CommonDisplay object at 0x0000020E9445A310>, model_only=True, return_train_score=False, error_score=0.0, kwargs={})
2026-05-25 08:19:31,106:INFO:Checking exceptions
2026-05-25 08:19:31,106:INFO:Importing libraries
2026-05-25 08:19:31,106:INFO:Copying training dataset
2026-05-25 08:19:31,156:INFO:Defining folds
2026-05-25 08:19:31,156:INFO:Declaring metric variables
2026-05-25 08:19:31,156:INFO:Importing untrained model
2026-05-25 08:19:31,157:INFO:Logistic Regression Imported successfully
2026-05-25 08:19:31,157:INFO:Starting cross validation
2026-05-25 08:19:31,158:INFO:Cross validating with StratifiedKFold(n_splits=10, random_state=None, shuffle=False), n_jobs=-1
2026-05-25 08:19:38,365:WARNING:c:\Users\HP\Documents\GitHub\ML-dating-app-behaviour\.venv\Lib\site-packages\_distutils_hack\__init__.py:33: UserWarning: Setuptools is replacing distutils.
  warnings.warn("Setuptools is replacing distutils.")

2026-05-25 08:19:38,377:WARNING:c:\Users\HP\Documents\GitHub\ML-dating-app-behaviour\.venv\Lib\site-packages\_distutils_hack\__init__.py:33: UserWarning: Setuptools is replacing distutils.
  warnings.warn("Setuptools is replacing distutils.")

2026-05-25 08:19:38,383:WARNING:c:\Users\HP\Documents\GitHub\ML-dating-app-behaviour\.venv\Lib\site-packages\_distutils_hack\__init__.py:33: UserWarning: Setuptools is replacing distutils.
  warnings.warn("Setuptools is replacing distutils.")

2026-05-25 08:19:38,442:WARNING:c:\Users\HP\Documents\GitHub\ML-dating-app-behaviour\.venv\Lib\site-packages\_distutils_hack\__init__.py:33: UserWarning: Setuptools is replacing distutils.
  warnings.warn("Setuptools is replacing distutils.")

2026-05-25 08:19:38,693:WARNING:c:\Users\HP\Documents\GitHub\ML-dating-app-behaviour\.venv\Lib\site-packages\_distutils_hack\__init__.py:33: UserWarning: Setuptools is replacing distutils.
  warnings.warn("Setuptools is replacing distutils.")

2026-05-25 08:19:38,759:WARNING:c:\Users\HP\Documents\GitHub\ML-dating-app-behaviour\.venv\Lib\site-packages\_distutils_hack\__init__.py:33: UserWarning: Setuptools is replacing distutils.
  warnings.warn("Setuptools is replacing distutils.")

2026-05-25 08:19:39,081:WARNING:c:\Users\HP\Documents\GitHub\ML-dating-app-behaviour\.venv\Lib\site-packages\_distutils_hack\__init__.py:33: UserWarning: Setuptools is replacing distutils.
  warnings.warn("Setuptools is replacing distutils.")

2026-05-25 08:19:39,121:WARNING:c:\Users\HP\Documents\GitHub\ML-dating-app-behaviour\.venv\Lib\site-packages\_distutils_hack\__init__.py:33: UserWarning: Setuptools is replacing distutils.
  warnings.warn("Setuptools is replacing distutils.")

2026-05-25 08:19:39,298:WARNING:c:\Users\HP\Documents\GitHub\ML-dating-app-behaviour\.venv\Lib\site-packages\_distutils_hack\__init__.py:33: UserWarning: Setuptools is replacing distutils.
  warnings.warn("Setuptools is replacing distutils.")

2026-05-25 08:19:39,350:WARNING:c:\Users\HP\Documents\GitHub\ML-dating-app-behaviour\.venv\Lib\site-packages\sklearn\metrics\_classification.py:1509: UndefinedMetricWarning: Precision is ill-defined and being set to 0.0 due to no predicted samples. Use `zero_division` parameter to control this behavior.
  _warn_prf(average, modifier, f"{metric.capitalize()} is", len(result))

2026-05-25 08:19:39,352:WARNING:c:\Users\HP\Documents\GitHub\ML-dating-app-behaviour\.venv\Lib\site-packages\sklearn\metrics\_classification.py:1509: UndefinedMetricWarning: Precision is ill-defined and being set to 0.0 due to no predicted samples. Use `zero_division` parameter to control this behavior.
  _warn_prf(average, modifier, f"{metric.capitalize()} is", len(result))

2026-05-25 08:19:39,368:WARNING:c:\Users\HP\Documents\GitHub\ML-dating-app-behaviour\.venv\Lib\site-packages\sklearn\metrics\_classification.py:1509: UndefinedMetricWarning: Precision is ill-defined and being set to 0.0 due to no predicted samples. Use `zero_division` parameter to control this behavior.
  _warn_prf(average, modifier, f"{metric.capitalize()} is", len(result))

2026-05-25 08:19:39,510:WARNING:c:\Users\HP\Documents\GitHub\ML-dating-app-behaviour\.venv\Lib\site-packages\_distutils_hack\__init__.py:33: UserWarning: Setuptools is replacing distutils.
  warnings.warn("Setuptools is replacing distutils.")

2026-05-25 08:19:39,755:WARNING:c:\Users\HP\Documents\GitHub\ML-dating-app-behaviour\.venv\Lib\site-packages\sklearn\metrics\_classification.py:1509: UndefinedMetricWarning: Precision is ill-defined and being set to 0.0 due to no predicted samples. Use `zero_division` parameter to control this behavior.
  _warn_prf(average, modifier, f"{metric.capitalize()} is", len(result))

2026-05-25 08:19:39,952:WARNING:c:\Users\HP\Documents\GitHub\ML-dating-app-behaviour\.venv\Lib\site-packages\sklearn\metrics\_classification.py:1509: UndefinedMetricWarning: Precision is ill-defined and being set to 0.0 due to no predicted samples. Use `zero_division` parameter to control this behavior.
  _warn_prf(average, modifier, f"{metric.capitalize()} is", len(result))

2026-05-25 08:19:39,975:WARNING:c:\Users\HP\Documents\GitHub\ML-dating-app-behaviour\.venv\Lib\site-packages\sklearn\metrics\_classification.py:1509: UndefinedMetricWarning: Precision is ill-defined and being set to 0.0 due to no predicted samples. Use `zero_division` parameter to control this behavior.
  _warn_prf(average, modifier, f"{metric.capitalize()} is", len(result))

2026-05-25 08:19:40,196:WARNING:c:\Users\HP\Documents\GitHub\ML-dating-app-behaviour\.venv\Lib\site-packages\sklearn\metrics\_classification.py:1509: UndefinedMetricWarning: Precision is ill-defined and being set to 0.0 due to no predicted samples. Use `zero_division` parameter to control this behavior.
  _warn_prf(average, modifier, f"{metric.capitalize()} is", len(result))

2026-05-25 08:19:40,211:INFO:Calculating mean and std
2026-05-25 08:19:40,214:INFO:Creating metrics dataframe
2026-05-25 08:19:40,216:INFO:Uploading results into container
2026-05-25 08:19:40,218:INFO:Uploading model into container now
2026-05-25 08:19:40,218:INFO:_master_model_container: 1
2026-05-25 08:19:40,218:INFO:_display_container: 2
2026-05-25 08:19:40,218:INFO:LogisticRegression(C=1.0, class_weight=None, dual=False, fit_intercept=True,
                   intercept_scaling=1, l1_ratio=None, max_iter=1000,
                   multi_class='auto', n_jobs=None, penalty='l2',
                   random_state=123, solver='lbfgs', tol=0.0001, verbose=0,
                   warm_start=False)
2026-05-25 08:19:40,218:INFO:create_model() successfully completed......................................
2026-05-25 08:19:40,348:INFO:SubProcess create_model() end ==================================
2026-05-25 08:19:40,349:INFO:Creating metrics dataframe
2026-05-25 08:19:40,351:INFO:Initializing K Neighbors Classifier
2026-05-25 08:19:40,351:INFO:Total runtime is 0.15411715507507326 minutes
2026-05-25 08:19:40,351:INFO:SubProcess create_model() called ==================================
2026-05-25 08:19:40,351:INFO:Initializing create_model()
2026-05-25 08:19:40,351:INFO:create_model(self=<pycaret.classification.oop.ClassificationExperiment object at 0x0000020E8CE77C10>, estimator=knn, fold=StratifiedKFold(n_splits=10, random_state=None, shuffle=False), round=4, cross_validation=True, predict=True, fit_kwargs={}, groups=None, refit=False, probability_threshold=None, experiment_custom_tags=None, verbose=False, system=False, add_to_model_list=True, metrics=None, display=<pycaret.internal.display.display.CommonDisplay object at 0x0000020E9445A310>, model_only=True, return_train_score=False, error_score=0.0, kwargs={})
2026-05-25 08:19:40,351:INFO:Checking exceptions
2026-05-25 08:19:40,351:INFO:Importing libraries
2026-05-25 08:19:40,351:INFO:Copying training dataset
2026-05-25 08:19:40,413:INFO:Defining folds
2026-05-25 08:19:40,413:INFO:Declaring metric variables
2026-05-25 08:19:40,413:INFO:Importing untrained model
2026-05-25 08:19:40,413:INFO:K Neighbors Classifier Imported successfully
2026-05-25 08:19:40,413:INFO:Starting cross validation
2026-05-25 08:19:40,415:INFO:Cross validating with StratifiedKFold(n_splits=10, random_state=None, shuffle=False), n_jobs=-1
2026-05-25 08:19:45,273:WARNING:c:\Users\HP\Documents\GitHub\ML-dating-app-behaviour\.venv\Lib\site-packages\_distutils_hack\__init__.py:33: UserWarning: Setuptools is replacing distutils.
  warnings.warn("Setuptools is replacing distutils.")

2026-05-25 08:19:45,289:WARNING:c:\Users\HP\Documents\GitHub\ML-dating-app-behaviour\.venv\Lib\site-packages\_distutils_hack\__init__.py:33: UserWarning: Setuptools is replacing distutils.
  warnings.warn("Setuptools is replacing distutils.")

2026-05-25 08:19:46,736:INFO:Calculating mean and std
2026-05-25 08:19:46,739:INFO:Creating metrics dataframe
2026-05-25 08:19:46,742:INFO:Uploading results into container
2026-05-25 08:19:46,742:INFO:Uploading model into container now
2026-05-25 08:19:46,743:INFO:_master_model_container: 2
2026-05-25 08:19:46,743:INFO:_display_container: 2
2026-05-25 08:19:46,744:INFO:KNeighborsClassifier(algorithm='auto', leaf_size=30, metric='minkowski',
                     metric_params=None, n_jobs=-1, n_neighbors=5, p=2,
                     weights='uniform')
2026-05-25 08:19:46,744:INFO:create_model() successfully completed......................................
2026-05-25 08:19:46,866:INFO:SubProcess create_model() end ==================================
2026-05-25 08:19:46,866:INFO:Creating metrics dataframe
2026-05-25 08:19:46,869:INFO:Initializing Naive Bayes
2026-05-25 08:19:46,869:INFO:Total runtime is 0.26275156736373906 minutes
2026-05-25 08:19:46,869:INFO:SubProcess create_model() called ==================================
2026-05-25 08:19:46,869:INFO:Initializing create_model()
2026-05-25 08:19:46,869:INFO:create_model(self=<pycaret.classification.oop.ClassificationExperiment object at 0x0000020E8CE77C10>, estimator=nb, fold=StratifiedKFold(n_splits=10, random_state=None, shuffle=False), round=4, cross_validation=True, predict=True, fit_kwargs={}, groups=None, refit=False, probability_threshold=None, experiment_custom_tags=None, verbose=False, system=False, add_to_model_list=True, metrics=None, display=<pycaret.internal.display.display.CommonDisplay object at 0x0000020E9445A310>, model_only=True, return_train_score=False, error_score=0.0, kwargs={})
2026-05-25 08:19:46,869:INFO:Checking exceptions
2026-05-25 08:19:46,869:INFO:Importing libraries
2026-05-25 08:19:46,869:INFO:Copying training dataset
2026-05-25 08:19:46,921:INFO:Defining folds
2026-05-25 08:19:46,922:INFO:Declaring metric variables
2026-05-25 08:19:46,922:INFO:Importing untrained model
2026-05-25 08:19:46,923:INFO:Naive Bayes Imported successfully
2026-05-25 08:19:46,923:INFO:Starting cross validation
2026-05-25 08:19:46,924:INFO:Cross validating with StratifiedKFold(n_splits=10, random_state=None, shuffle=False), n_jobs=-1
2026-05-25 08:19:47,569:INFO:Calculating mean and std
2026-05-25 08:19:47,570:INFO:Creating metrics dataframe
2026-05-25 08:19:47,572:INFO:Uploading results into container
2026-05-25 08:19:47,573:INFO:Uploading model into container now
2026-05-25 08:19:47,573:INFO:_master_model_container: 3
2026-05-25 08:19:47,573:INFO:_display_container: 2
2026-05-25 08:19:47,573:INFO:GaussianNB(priors=None, var_smoothing=1e-09)
2026-05-25 08:19:47,573:INFO:create_model() successfully completed......................................
2026-05-25 08:19:47,709:INFO:SubProcess create_model() end ==================================
2026-05-25 08:19:47,709:INFO:Creating metrics dataframe
2026-05-25 08:19:47,712:INFO:Initializing Decision Tree Classifier
2026-05-25 08:19:47,712:INFO:Total runtime is 0.27679682970047004 minutes
2026-05-25 08:19:47,713:INFO:SubProcess create_model() called ==================================
2026-05-25 08:19:47,713:INFO:Initializing create_model()
2026-05-25 08:19:47,713:INFO:create_model(self=<pycaret.classification.oop.ClassificationExperiment object at 0x0000020E8CE77C10>, estimator=dt, fold=StratifiedKFold(n_splits=10, random_state=None, shuffle=False), round=4, cross_validation=True, predict=True, fit_kwargs={}, groups=None, refit=False, probability_threshold=None, experiment_custom_tags=None, verbose=False, system=False, add_to_model_list=True, metrics=None, display=<pycaret.internal.display.display.CommonDisplay object at 0x0000020E9445A310>, model_only=True, return_train_score=False, error_score=0.0, kwargs={})
2026-05-25 08:19:47,713:INFO:Checking exceptions
2026-05-25 08:19:47,713:INFO:Importing libraries
2026-05-25 08:19:47,713:INFO:Copying training dataset
2026-05-25 08:19:47,768:INFO:Defining folds
2026-05-25 08:19:47,768:INFO:Declaring metric variables
2026-05-25 08:19:47,768:INFO:Importing untrained model
2026-05-25 08:19:47,768:INFO:Decision Tree Classifier Imported successfully
2026-05-25 08:19:47,768:INFO:Starting cross validation
2026-05-25 08:19:47,771:INFO:Cross validating with StratifiedKFold(n_splits=10, random_state=None, shuffle=False), n_jobs=-1
2026-05-25 08:19:48,861:INFO:Calculating mean and std
2026-05-25 08:19:48,864:INFO:Creating metrics dataframe
2026-05-25 08:19:48,865:INFO:Uploading results into container
2026-05-25 08:19:48,867:INFO:Uploading model into container now
2026-05-25 08:19:48,867:INFO:_master_model_container: 4
2026-05-25 08:19:48,867:INFO:_display_container: 2
2026-05-25 08:19:48,867:INFO:DecisionTreeClassifier(ccp_alpha=0.0, class_weight=None, criterion='gini',
                       max_depth=None, max_features=None, max_leaf_nodes=None,
                       min_impurity_decrease=0.0, min_samples_leaf=1,
                       min_samples_split=2, min_weight_fraction_leaf=0.0,
                       monotonic_cst=None, random_state=123, splitter='best')
2026-05-25 08:19:48,867:INFO:create_model() successfully completed......................................
2026-05-25 08:19:48,981:INFO:SubProcess create_model() end ==================================
2026-05-25 08:19:48,981:INFO:Creating metrics dataframe
2026-05-25 08:19:48,984:INFO:Initializing SVM - Linear Kernel
2026-05-25 08:19:48,984:INFO:Total runtime is 0.29799177249272674 minutes
2026-05-25 08:19:48,984:INFO:SubProcess create_model() called ==================================
2026-05-25 08:19:48,984:INFO:Initializing create_model()
2026-05-25 08:19:48,984:INFO:create_model(self=<pycaret.classification.oop.ClassificationExperiment object at 0x0000020E8CE77C10>, estimator=svm, fold=StratifiedKFold(n_splits=10, random_state=None, shuffle=False), round=4, cross_validation=True, predict=True, fit_kwargs={}, groups=None, refit=False, probability_threshold=None, experiment_custom_tags=None, verbose=False, system=False, add_to_model_list=True, metrics=None, display=<pycaret.internal.display.display.CommonDisplay object at 0x0000020E9445A310>, model_only=True, return_train_score=False, error_score=0.0, kwargs={})
2026-05-25 08:19:48,984:INFO:Checking exceptions
2026-05-25 08:19:48,985:INFO:Importing libraries
2026-05-25 08:19:48,985:INFO:Copying training dataset
2026-05-25 08:19:49,034:INFO:Defining folds
2026-05-25 08:19:49,034:INFO:Declaring metric variables
2026-05-25 08:19:49,034:INFO:Importing untrained model
2026-05-25 08:19:49,035:INFO:SVM - Linear Kernel Imported successfully
2026-05-25 08:19:49,035:INFO:Starting cross validation
2026-05-25 08:19:49,036:INFO:Cross validating with StratifiedKFold(n_splits=10, random_state=None, shuffle=False), n_jobs=-1
2026-05-25 08:19:49,963:WARNING:c:\Users\HP\Documents\GitHub\ML-dating-app-behaviour\.venv\Lib\site-packages\sklearn\metrics\_classification.py:1509: UndefinedMetricWarning: Precision is ill-defined and being set to 0.0 due to no predicted samples. Use `zero_division` parameter to control this behavior.
  _warn_prf(average, modifier, f"{metric.capitalize()} is", len(result))

2026-05-25 08:19:49,980:WARNING:c:\Users\HP\Documents\GitHub\ML-dating-app-behaviour\.venv\Lib\site-packages\sklearn\metrics\_classification.py:1509: UndefinedMetricWarning: Precision is ill-defined and being set to 0.0 due to no predicted samples. Use `zero_division` parameter to control this behavior.
  _warn_prf(average, modifier, f"{metric.capitalize()} is", len(result))

2026-05-25 08:19:49,993:WARNING:c:\Users\HP\Documents\GitHub\ML-dating-app-behaviour\.venv\Lib\site-packages\sklearn\metrics\_classification.py:1509: UndefinedMetricWarning: Precision is ill-defined and being set to 0.0 due to no predicted samples. Use `zero_division` parameter to control this behavior.
  _warn_prf(average, modifier, f"{metric.capitalize()} is", len(result))

2026-05-25 08:19:50,003:WARNING:c:\Users\HP\Documents\GitHub\ML-dating-app-behaviour\.venv\Lib\site-packages\sklearn\metrics\_classification.py:1509: UndefinedMetricWarning: Precision is ill-defined and being set to 0.0 due to no predicted samples. Use `zero_division` parameter to control this behavior.
  _warn_prf(average, modifier, f"{metric.capitalize()} is", len(result))

2026-05-25 08:19:50,024:WARNING:c:\Users\HP\Documents\GitHub\ML-dating-app-behaviour\.venv\Lib\site-packages\sklearn\metrics\_classification.py:1509: UndefinedMetricWarning: Precision is ill-defined and being set to 0.0 due to no predicted samples. Use `zero_division` parameter to control this behavior.
  _warn_prf(average, modifier, f"{metric.capitalize()} is", len(result))

2026-05-25 08:19:50,024:WARNING:c:\Users\HP\Documents\GitHub\ML-dating-app-behaviour\.venv\Lib\site-packages\sklearn\metrics\_classification.py:1509: UndefinedMetricWarning: Precision is ill-defined and being set to 0.0 due to no predicted samples. Use `zero_division` parameter to control this behavior.
  _warn_prf(average, modifier, f"{metric.capitalize()} is", len(result))

2026-05-25 08:19:50,047:WARNING:c:\Users\HP\Documents\GitHub\ML-dating-app-behaviour\.venv\Lib\site-packages\sklearn\metrics\_classification.py:1509: UndefinedMetricWarning: Precision is ill-defined and being set to 0.0 due to no predicted samples. Use `zero_division` parameter to control this behavior.
  _warn_prf(average, modifier, f"{metric.capitalize()} is", len(result))

2026-05-25 08:19:50,057:WARNING:c:\Users\HP\Documents\GitHub\ML-dating-app-behaviour\.venv\Lib\site-packages\sklearn\metrics\_classification.py:1509: UndefinedMetricWarning: Precision is ill-defined and being set to 0.0 due to no predicted samples. Use `zero_division` parameter to control this behavior.
  _warn_prf(average, modifier, f"{metric.capitalize()} is", len(result))

2026-05-25 08:19:50,057:WARNING:c:\Users\HP\Documents\GitHub\ML-dating-app-behaviour\.venv\Lib\site-packages\sklearn\metrics\_classification.py:1509: UndefinedMetricWarning: Precision is ill-defined and being set to 0.0 due to no predicted samples. Use `zero_division` parameter to control this behavior.
  _warn_prf(average, modifier, f"{metric.capitalize()} is", len(result))

2026-05-25 08:19:50,060:WARNING:c:\Users\HP\Documents\GitHub\ML-dating-app-behaviour\.venv\Lib\site-packages\sklearn\metrics\_classification.py:1509: UndefinedMetricWarning: Precision is ill-defined and being set to 0.0 due to no predicted samples. Use `zero_division` parameter to control this behavior.
  _warn_prf(average, modifier, f"{metric.capitalize()} is", len(result))

2026-05-25 08:19:50,075:INFO:Calculating mean and std
2026-05-25 08:19:50,076:INFO:Creating metrics dataframe
2026-05-25 08:19:50,079:INFO:Uploading results into container
2026-05-25 08:19:50,079:INFO:Uploading model into container now
2026-05-25 08:19:50,080:INFO:_master_model_container: 5
2026-05-25 08:19:50,080:INFO:_display_container: 2
2026-05-25 08:19:50,080:INFO:SGDClassifier(alpha=0.0001, average=False, class_weight=None,
              early_stopping=False, epsilon=0.1, eta0=0.001, fit_intercept=True,
              l1_ratio=0.15, learning_rate='optimal', loss='hinge',
              max_iter=1000, n_iter_no_change=5, n_jobs=-1, penalty='l2',
              power_t=0.5, random_state=123, shuffle=True, tol=0.001,
              validation_fraction=0.1, verbose=0, warm_start=False)
2026-05-25 08:19:50,080:INFO:create_model() successfully completed......................................
2026-05-25 08:19:50,201:INFO:SubProcess create_model() end ==================================
2026-05-25 08:19:50,201:INFO:Creating metrics dataframe
2026-05-25 08:19:50,203:INFO:Initializing Ridge Classifier
2026-05-25 08:19:50,203:INFO:Total runtime is 0.3183055957158408 minutes
2026-05-25 08:19:50,204:INFO:SubProcess create_model() called ==================================
2026-05-25 08:19:50,204:INFO:Initializing create_model()
2026-05-25 08:19:50,204:INFO:create_model(self=<pycaret.classification.oop.ClassificationExperiment object at 0x0000020E8CE77C10>, estimator=ridge, fold=StratifiedKFold(n_splits=10, random_state=None, shuffle=False), round=4, cross_validation=True, predict=True, fit_kwargs={}, groups=None, refit=False, probability_threshold=None, experiment_custom_tags=None, verbose=False, system=False, add_to_model_list=True, metrics=None, display=<pycaret.internal.display.display.CommonDisplay object at 0x0000020E9445A310>, model_only=True, return_train_score=False, error_score=0.0, kwargs={})
2026-05-25 08:19:50,205:INFO:Checking exceptions
2026-05-25 08:19:50,205:INFO:Importing libraries
2026-05-25 08:19:50,205:INFO:Copying training dataset
2026-05-25 08:19:50,257:INFO:Defining folds
2026-05-25 08:19:50,258:INFO:Declaring metric variables
2026-05-25 08:19:50,258:INFO:Importing untrained model
2026-05-25 08:19:50,258:INFO:Ridge Classifier Imported successfully
2026-05-25 08:19:50,258:INFO:Starting cross validation
2026-05-25 08:19:50,258:INFO:Cross validating with StratifiedKFold(n_splits=10, random_state=None, shuffle=False), n_jobs=-1
2026-05-25 08:19:50,549:WARNING:c:\Users\HP\Documents\GitHub\ML-dating-app-behaviour\.venv\Lib\site-packages\sklearn\metrics\_classification.py:1509: UndefinedMetricWarning: Precision is ill-defined and being set to 0.0 due to no predicted samples. Use `zero_division` parameter to control this behavior.
  _warn_prf(average, modifier, f"{metric.capitalize()} is", len(result))

2026-05-25 08:19:50,604:WARNING:c:\Users\HP\Documents\GitHub\ML-dating-app-behaviour\.venv\Lib\site-packages\sklearn\metrics\_classification.py:1509: UndefinedMetricWarning: Precision is ill-defined and being set to 0.0 due to no predicted samples. Use `zero_division` parameter to control this behavior.
  _warn_prf(average, modifier, f"{metric.capitalize()} is", len(result))

2026-05-25 08:19:50,621:WARNING:c:\Users\HP\Documents\GitHub\ML-dating-app-behaviour\.venv\Lib\site-packages\sklearn\metrics\_classification.py:1509: UndefinedMetricWarning: Precision is ill-defined and being set to 0.0 due to no predicted samples. Use `zero_division` parameter to control this behavior.
  _warn_prf(average, modifier, f"{metric.capitalize()} is", len(result))

2026-05-25 08:19:50,673:WARNING:c:\Users\HP\Documents\GitHub\ML-dating-app-behaviour\.venv\Lib\site-packages\sklearn\metrics\_classification.py:1509: UndefinedMetricWarning: Precision is ill-defined and being set to 0.0 due to no predicted samples. Use `zero_division` parameter to control this behavior.
  _warn_prf(average, modifier, f"{metric.capitalize()} is", len(result))

2026-05-25 08:19:50,676:WARNING:c:\Users\HP\Documents\GitHub\ML-dating-app-behaviour\.venv\Lib\site-packages\sklearn\metrics\_classification.py:1509: UndefinedMetricWarning: Precision is ill-defined and being set to 0.0 due to no predicted samples. Use `zero_division` parameter to control this behavior.
  _warn_prf(average, modifier, f"{metric.capitalize()} is", len(result))

2026-05-25 08:19:50,693:WARNING:c:\Users\HP\Documents\GitHub\ML-dating-app-behaviour\.venv\Lib\site-packages\sklearn\metrics\_classification.py:1509: UndefinedMetricWarning: Precision is ill-defined and being set to 0.0 due to no predicted samples. Use `zero_division` parameter to control this behavior.
  _warn_prf(average, modifier, f"{metric.capitalize()} is", len(result))

2026-05-25 08:19:50,698:WARNING:c:\Users\HP\Documents\GitHub\ML-dating-app-behaviour\.venv\Lib\site-packages\sklearn\metrics\_classification.py:1509: UndefinedMetricWarning: Precision is ill-defined and being set to 0.0 due to no predicted samples. Use `zero_division` parameter to control this behavior.
  _warn_prf(average, modifier, f"{metric.capitalize()} is", len(result))

2026-05-25 08:19:50,701:WARNING:c:\Users\HP\Documents\GitHub\ML-dating-app-behaviour\.venv\Lib\site-packages\sklearn\metrics\_classification.py:1509: UndefinedMetricWarning: Precision is ill-defined and being set to 0.0 due to no predicted samples. Use `zero_division` parameter to control this behavior.
  _warn_prf(average, modifier, f"{metric.capitalize()} is", len(result))

2026-05-25 08:19:50,715:INFO:Calculating mean and std
2026-05-25 08:19:50,716:INFO:Creating metrics dataframe
2026-05-25 08:19:50,718:INFO:Uploading results into container
2026-05-25 08:19:50,719:INFO:Uploading model into container now
2026-05-25 08:19:50,719:INFO:_master_model_container: 6
2026-05-25 08:19:50,720:INFO:_display_container: 2
2026-05-25 08:19:50,720:INFO:RidgeClassifier(alpha=1.0, class_weight=None, copy_X=True, fit_intercept=True,
                max_iter=None, positive=False, random_state=123, solver='auto',
                tol=0.0001)
2026-05-25 08:19:50,720:INFO:create_model() successfully completed......................................
2026-05-25 08:19:50,847:INFO:SubProcess create_model() end ==================================
2026-05-25 08:19:50,848:INFO:Creating metrics dataframe
2026-05-25 08:19:50,850:INFO:Initializing Random Forest Classifier
2026-05-25 08:19:50,850:INFO:Total runtime is 0.329092049598694 minutes
2026-05-25 08:19:50,851:INFO:SubProcess create_model() called ==================================
2026-05-25 08:19:50,851:INFO:Initializing create_model()
2026-05-25 08:19:50,851:INFO:create_model(self=<pycaret.classification.oop.ClassificationExperiment object at 0x0000020E8CE77C10>, estimator=rf, fold=StratifiedKFold(n_splits=10, random_state=None, shuffle=False), round=4, cross_validation=True, predict=True, fit_kwargs={}, groups=None, refit=False, probability_threshold=None, experiment_custom_tags=None, verbose=False, system=False, add_to_model_list=True, metrics=None, display=<pycaret.internal.display.display.CommonDisplay object at 0x0000020E9445A310>, model_only=True, return_train_score=False, error_score=0.0, kwargs={})
2026-05-25 08:19:50,851:INFO:Checking exceptions
2026-05-25 08:19:50,851:INFO:Importing libraries
2026-05-25 08:19:50,851:INFO:Copying training dataset
2026-05-25 08:19:50,903:INFO:Defining folds
2026-05-25 08:19:50,903:INFO:Declaring metric variables
2026-05-25 08:19:50,904:INFO:Importing untrained model
2026-05-25 08:19:50,905:INFO:Random Forest Classifier Imported successfully
2026-05-25 08:19:50,905:INFO:Starting cross validation
2026-05-25 08:19:50,906:INFO:Cross validating with StratifiedKFold(n_splits=10, random_state=None, shuffle=False), n_jobs=-1
2026-05-25 08:20:00,332:INFO:Calculating mean and std
2026-05-25 08:20:00,335:INFO:Creating metrics dataframe
2026-05-25 08:20:00,338:INFO:Uploading results into container
2026-05-25 08:20:00,338:INFO:Uploading model into container now
2026-05-25 08:20:00,340:INFO:_master_model_container: 7
2026-05-25 08:20:00,340:INFO:_display_container: 2
2026-05-25 08:20:00,341:INFO:RandomForestClassifier(bootstrap=True, ccp_alpha=0.0, class_weight=None,
                       criterion='gini', max_depth=None, max_features='sqrt',
                       max_leaf_nodes=None, max_samples=None,
                       min_impurity_decrease=0.0, min_samples_leaf=1,
                       min_samples_split=2, min_weight_fraction_leaf=0.0,
                       monotonic_cst=None, n_estimators=100, n_jobs=-1,
                       oob_score=False, random_state=123, verbose=0,
                       warm_start=False)
2026-05-25 08:20:00,341:INFO:create_model() successfully completed......................................
2026-05-25 08:20:00,535:INFO:SubProcess create_model() end ==================================
2026-05-25 08:20:00,535:INFO:Creating metrics dataframe
2026-05-25 08:20:00,539:INFO:Initializing Quadratic Discriminant Analysis
2026-05-25 08:20:00,539:INFO:Total runtime is 0.49057045777638764 minutes
2026-05-25 08:20:00,539:INFO:SubProcess create_model() called ==================================
2026-05-25 08:20:00,540:INFO:Initializing create_model()
2026-05-25 08:20:00,540:INFO:create_model(self=<pycaret.classification.oop.ClassificationExperiment object at 0x0000020E8CE77C10>, estimator=qda, fold=StratifiedKFold(n_splits=10, random_state=None, shuffle=False), round=4, cross_validation=True, predict=True, fit_kwargs={}, groups=None, refit=False, probability_threshold=None, experiment_custom_tags=None, verbose=False, system=False, add_to_model_list=True, metrics=None, display=<pycaret.internal.display.display.CommonDisplay object at 0x0000020E9445A310>, model_only=True, return_train_score=False, error_score=0.0, kwargs={})
2026-05-25 08:20:00,540:INFO:Checking exceptions
2026-05-25 08:20:00,540:INFO:Importing libraries
2026-05-25 08:20:00,540:INFO:Copying training dataset
2026-05-25 08:20:00,603:INFO:Defining folds
2026-05-25 08:20:00,603:INFO:Declaring metric variables
2026-05-25 08:20:00,605:INFO:Importing untrained model
2026-05-25 08:20:00,605:INFO:Quadratic Discriminant Analysis Imported successfully
2026-05-25 08:20:00,605:INFO:Starting cross validation
2026-05-25 08:20:00,606:INFO:Cross validating with StratifiedKFold(n_splits=10, random_state=None, shuffle=False), n_jobs=-1
2026-05-25 08:20:02,567:INFO:Calculating mean and std
2026-05-25 08:20:02,568:INFO:Creating metrics dataframe
2026-05-25 08:20:02,571:INFO:Uploading results into container
2026-05-25 08:20:02,572:INFO:Uploading model into container now
2026-05-25 08:20:02,572:INFO:_master_model_container: 8
2026-05-25 08:20:02,572:INFO:_display_container: 2
2026-05-25 08:20:02,573:INFO:QuadraticDiscriminantAnalysis(priors=None, reg_param=0.0,
                              store_covariance=False, tol=0.0001)
2026-05-25 08:20:02,573:INFO:create_model() successfully completed......................................
2026-05-25 08:20:02,736:INFO:SubProcess create_model() end ==================================
2026-05-25 08:20:02,736:INFO:Creating metrics dataframe
2026-05-25 08:20:02,739:INFO:Initializing Ada Boost Classifier
2026-05-25 08:20:02,739:INFO:Total runtime is 0.5272393902142843 minutes
2026-05-25 08:20:02,739:INFO:SubProcess create_model() called ==================================
2026-05-25 08:20:02,740:INFO:Initializing create_model()
2026-05-25 08:20:02,740:INFO:create_model(self=<pycaret.classification.oop.ClassificationExperiment object at 0x0000020E8CE77C10>, estimator=ada, fold=StratifiedKFold(n_splits=10, random_state=None, shuffle=False), round=4, cross_validation=True, predict=True, fit_kwargs={}, groups=None, refit=False, probability_threshold=None, experiment_custom_tags=None, verbose=False, system=False, add_to_model_list=True, metrics=None, display=<pycaret.internal.display.display.CommonDisplay object at 0x0000020E9445A310>, model_only=True, return_train_score=False, error_score=0.0, kwargs={})
2026-05-25 08:20:02,740:INFO:Checking exceptions
2026-05-25 08:20:02,740:INFO:Importing libraries
2026-05-25 08:20:02,740:INFO:Copying training dataset
2026-05-25 08:20:02,806:INFO:Defining folds
2026-05-25 08:20:02,807:INFO:Declaring metric variables
2026-05-25 08:20:02,807:INFO:Importing untrained model
2026-05-25 08:20:02,807:INFO:Ada Boost Classifier Imported successfully
2026-05-25 08:20:02,807:INFO:Starting cross validation
2026-05-25 08:20:02,808:INFO:Cross validating with StratifiedKFold(n_splits=10, random_state=None, shuffle=False), n_jobs=-1
2026-05-25 08:20:02,962:WARNING:c:\Users\HP\Documents\GitHub\ML-dating-app-behaviour\.venv\Lib\site-packages\sklearn\ensemble\_weight_boosting.py:519: FutureWarning: The SAMME.R algorithm (the default) is deprecated and will be removed in 1.6. Use the SAMME algorithm to circumvent this warning.
  warnings.warn(

2026-05-25 08:20:02,986:WARNING:c:\Users\HP\Documents\GitHub\ML-dating-app-behaviour\.venv\Lib\site-packages\sklearn\ensemble\_weight_boosting.py:519: FutureWarning: The SAMME.R algorithm (the default) is deprecated and will be removed in 1.6. Use the SAMME algorithm to circumvent this warning.
  warnings.warn(

2026-05-25 08:20:03,012:WARNING:c:\Users\HP\Documents\GitHub\ML-dating-app-behaviour\.venv\Lib\site-packages\sklearn\ensemble\_weight_boosting.py:519: FutureWarning: The SAMME.R algorithm (the default) is deprecated and will be removed in 1.6. Use the SAMME algorithm to circumvent this warning.
  warnings.warn(

2026-05-25 08:20:03,045:WARNING:c:\Users\HP\Documents\GitHub\ML-dating-app-behaviour\.venv\Lib\site-packages\sklearn\ensemble\_weight_boosting.py:519: FutureWarning: The SAMME.R algorithm (the default) is deprecated and will be removed in 1.6. Use the SAMME algorithm to circumvent this warning.
  warnings.warn(

2026-05-25 08:20:03,067:WARNING:c:\Users\HP\Documents\GitHub\ML-dating-app-behaviour\.venv\Lib\site-packages\sklearn\ensemble\_weight_boosting.py:519: FutureWarning: The SAMME.R algorithm (the default) is deprecated and will be removed in 1.6. Use the SAMME algorithm to circumvent this warning.
  warnings.warn(

2026-05-25 08:20:03,099:WARNING:c:\Users\HP\Documents\GitHub\ML-dating-app-behaviour\.venv\Lib\site-packages\sklearn\ensemble\_weight_boosting.py:519: FutureWarning: The SAMME.R algorithm (the default) is deprecated and will be removed in 1.6. Use the SAMME algorithm to circumvent this warning.
  warnings.warn(

2026-05-25 08:20:03,138:WARNING:c:\Users\HP\Documents\GitHub\ML-dating-app-behaviour\.venv\Lib\site-packages\sklearn\ensemble\_weight_boosting.py:519: FutureWarning: The SAMME.R algorithm (the default) is deprecated and will be removed in 1.6. Use the SAMME algorithm to circumvent this warning.
  warnings.warn(

2026-05-25 08:20:03,165:WARNING:c:\Users\HP\Documents\GitHub\ML-dating-app-behaviour\.venv\Lib\site-packages\sklearn\ensemble\_weight_boosting.py:519: FutureWarning: The SAMME.R algorithm (the default) is deprecated and will be removed in 1.6. Use the SAMME algorithm to circumvent this warning.
  warnings.warn(

2026-05-25 08:20:03,178:WARNING:c:\Users\HP\Documents\GitHub\ML-dating-app-behaviour\.venv\Lib\site-packages\sklearn\ensemble\_weight_boosting.py:519: FutureWarning: The SAMME.R algorithm (the default) is deprecated and will be removed in 1.6. Use the SAMME algorithm to circumvent this warning.
  warnings.warn(

2026-05-25 08:20:03,180:WARNING:c:\Users\HP\Documents\GitHub\ML-dating-app-behaviour\.venv\Lib\site-packages\sklearn\ensemble\_weight_boosting.py:519: FutureWarning: The SAMME.R algorithm (the default) is deprecated and will be removed in 1.6. Use the SAMME algorithm to circumvent this warning.
  warnings.warn(

2026-05-25 08:20:05,733:INFO:Calculating mean and std
2026-05-25 08:20:05,734:INFO:Creating metrics dataframe
2026-05-25 08:20:05,737:INFO:Uploading results into container
2026-05-25 08:20:05,738:INFO:Uploading model into container now
2026-05-25 08:20:05,738:INFO:_master_model_container: 9
2026-05-25 08:20:05,739:INFO:_display_container: 2
2026-05-25 08:20:05,739:INFO:AdaBoostClassifier(algorithm='SAMME.R', estimator=None, learning_rate=1.0,
                   n_estimators=50, random_state=123)
2026-05-25 08:20:05,739:INFO:create_model() successfully completed......................................
2026-05-25 08:20:05,878:INFO:SubProcess create_model() end ==================================
2026-05-25 08:20:05,878:INFO:Creating metrics dataframe
2026-05-25 08:20:05,881:INFO:Initializing Gradient Boosting Classifier
2026-05-25 08:20:05,881:INFO:Total runtime is 0.5796077609062196 minutes
2026-05-25 08:20:05,881:INFO:SubProcess create_model() called ==================================
2026-05-25 08:20:05,882:INFO:Initializing create_model()
2026-05-25 08:20:05,882:INFO:create_model(self=<pycaret.classification.oop.ClassificationExperiment object at 0x0000020E8CE77C10>, estimator=gbc, fold=StratifiedKFold(n_splits=10, random_state=None, shuffle=False), round=4, cross_validation=True, predict=True, fit_kwargs={}, groups=None, refit=False, probability_threshold=None, experiment_custom_tags=None, verbose=False, system=False, add_to_model_list=True, metrics=None, display=<pycaret.internal.display.display.CommonDisplay object at 0x0000020E9445A310>, model_only=True, return_train_score=False, error_score=0.0, kwargs={})
2026-05-25 08:20:05,882:INFO:Checking exceptions
2026-05-25 08:20:05,882:INFO:Importing libraries
2026-05-25 08:20:05,882:INFO:Copying training dataset
2026-05-25 08:20:05,941:INFO:Defining folds
2026-05-25 08:20:05,941:INFO:Declaring metric variables
2026-05-25 08:20:05,942:INFO:Importing untrained model
2026-05-25 08:20:05,942:INFO:Gradient Boosting Classifier Imported successfully
2026-05-25 08:20:05,942:INFO:Starting cross validation
2026-05-25 08:20:05,944:INFO:Cross validating with StratifiedKFold(n_splits=10, random_state=None, shuffle=False), n_jobs=-1
2026-05-25 08:20:15,028:INFO:Calculating mean and std
2026-05-25 08:20:15,029:INFO:Creating metrics dataframe
2026-05-25 08:20:15,031:INFO:Uploading results into container
2026-05-25 08:20:15,033:INFO:Uploading model into container now
2026-05-25 08:20:15,033:INFO:_master_model_container: 10
2026-05-25 08:20:15,033:INFO:_display_container: 2
2026-05-25 08:20:15,033:INFO:GradientBoostingClassifier(ccp_alpha=0.0, criterion='friedman_mse', init=None,
                           learning_rate=0.1, loss='log_loss', max_depth=3,
                           max_features=None, max_leaf_nodes=None,
                           min_impurity_decrease=0.0, min_samples_leaf=1,
                           min_samples_split=2, min_weight_fraction_leaf=0.0,
                           n_estimators=100, n_iter_no_change=None,
                           random_state=123, subsample=1.0, tol=0.0001,
                           validation_fraction=0.1, verbose=0,
                           warm_start=False)
2026-05-25 08:20:15,034:INFO:create_model() successfully completed......................................
2026-05-25 08:20:15,165:INFO:SubProcess create_model() end ==================================
2026-05-25 08:20:15,165:INFO:Creating metrics dataframe
2026-05-25 08:20:15,167:INFO:Initializing Linear Discriminant Analysis
2026-05-25 08:20:15,167:INFO:Total runtime is 0.7343827565511069 minutes
2026-05-25 08:20:15,167:INFO:SubProcess create_model() called ==================================
2026-05-25 08:20:15,167:INFO:Initializing create_model()
2026-05-25 08:20:15,167:INFO:create_model(self=<pycaret.classification.oop.ClassificationExperiment object at 0x0000020E8CE77C10>, estimator=lda, fold=StratifiedKFold(n_splits=10, random_state=None, shuffle=False), round=4, cross_validation=True, predict=True, fit_kwargs={}, groups=None, refit=False, probability_threshold=None, experiment_custom_tags=None, verbose=False, system=False, add_to_model_list=True, metrics=None, display=<pycaret.internal.display.display.CommonDisplay object at 0x0000020E9445A310>, model_only=True, return_train_score=False, error_score=0.0, kwargs={})
2026-05-25 08:20:15,167:INFO:Checking exceptions
2026-05-25 08:20:15,167:INFO:Importing libraries
2026-05-25 08:20:15,167:INFO:Copying training dataset
2026-05-25 08:20:15,224:INFO:Defining folds
2026-05-25 08:20:15,224:INFO:Declaring metric variables
2026-05-25 08:20:15,224:INFO:Importing untrained model
2026-05-25 08:20:15,225:INFO:Linear Discriminant Analysis Imported successfully
2026-05-25 08:20:15,225:INFO:Starting cross validation
2026-05-25 08:20:15,226:INFO:Cross validating with StratifiedKFold(n_splits=10, random_state=None, shuffle=False), n_jobs=-1
2026-05-25 08:20:16,225:WARNING:c:\Users\HP\Documents\GitHub\ML-dating-app-behaviour\.venv\Lib\site-packages\sklearn\metrics\_classification.py:1509: UndefinedMetricWarning: Precision is ill-defined and being set to 0.0 due to no predicted samples. Use `zero_division` parameter to control this behavior.
  _warn_prf(average, modifier, f"{metric.capitalize()} is", len(result))

2026-05-25 08:20:16,253:WARNING:c:\Users\HP\Documents\GitHub\ML-dating-app-behaviour\.venv\Lib\site-packages\sklearn\metrics\_classification.py:1509: UndefinedMetricWarning: Precision is ill-defined and being set to 0.0 due to no predicted samples. Use `zero_division` parameter to control this behavior.
  _warn_prf(average, modifier, f"{metric.capitalize()} is", len(result))

2026-05-25 08:20:16,308:WARNING:c:\Users\HP\Documents\GitHub\ML-dating-app-behaviour\.venv\Lib\site-packages\sklearn\metrics\_classification.py:1509: UndefinedMetricWarning: Precision is ill-defined and being set to 0.0 due to no predicted samples. Use `zero_division` parameter to control this behavior.
  _warn_prf(average, modifier, f"{metric.capitalize()} is", len(result))

2026-05-25 08:20:16,339:WARNING:c:\Users\HP\Documents\GitHub\ML-dating-app-behaviour\.venv\Lib\site-packages\sklearn\metrics\_classification.py:1509: UndefinedMetricWarning: Precision is ill-defined and being set to 0.0 due to no predicted samples. Use `zero_division` parameter to control this behavior.
  _warn_prf(average, modifier, f"{metric.capitalize()} is", len(result))

2026-05-25 08:20:16,369:WARNING:c:\Users\HP\Documents\GitHub\ML-dating-app-behaviour\.venv\Lib\site-packages\sklearn\metrics\_classification.py:1509: UndefinedMetricWarning: Precision is ill-defined and being set to 0.0 due to no predicted samples. Use `zero_division` parameter to control this behavior.
  _warn_prf(average, modifier, f"{metric.capitalize()} is", len(result))

2026-05-25 08:20:16,459:WARNING:c:\Users\HP\Documents\GitHub\ML-dating-app-behaviour\.venv\Lib\site-packages\sklearn\metrics\_classification.py:1509: UndefinedMetricWarning: Precision is ill-defined and being set to 0.0 due to no predicted samples. Use `zero_division` parameter to control this behavior.
  _warn_prf(average, modifier, f"{metric.capitalize()} is", len(result))

2026-05-25 08:20:16,473:INFO:Calculating mean and std
2026-05-25 08:20:16,475:INFO:Creating metrics dataframe
2026-05-25 08:20:16,477:INFO:Uploading results into container
2026-05-25 08:20:16,477:INFO:Uploading model into container now
2026-05-25 08:20:16,478:INFO:_master_model_container: 11
2026-05-25 08:20:16,478:INFO:_display_container: 2
2026-05-25 08:20:16,479:INFO:LinearDiscriminantAnalysis(covariance_estimator=None, n_components=None,
                           priors=None, shrinkage=None, solver='svd',
                           store_covariance=False, tol=0.0001)
2026-05-25 08:20:16,479:INFO:create_model() successfully completed......................................
2026-05-25 08:20:16,611:INFO:SubProcess create_model() end ==================================
2026-05-25 08:20:16,611:INFO:Creating metrics dataframe
2026-05-25 08:20:16,612:INFO:Initializing Extra Trees Classifier
2026-05-25 08:20:16,612:INFO:Total runtime is 0.7584566950798035 minutes
2026-05-25 08:20:16,614:INFO:SubProcess create_model() called ==================================
2026-05-25 08:20:16,614:INFO:Initializing create_model()
2026-05-25 08:20:16,614:INFO:create_model(self=<pycaret.classification.oop.ClassificationExperiment object at 0x0000020E8CE77C10>, estimator=et, fold=StratifiedKFold(n_splits=10, random_state=None, shuffle=False), round=4, cross_validation=True, predict=True, fit_kwargs={}, groups=None, refit=False, probability_threshold=None, experiment_custom_tags=None, verbose=False, system=False, add_to_model_list=True, metrics=None, display=<pycaret.internal.display.display.CommonDisplay object at 0x0000020E9445A310>, model_only=True, return_train_score=False, error_score=0.0, kwargs={})
2026-05-25 08:20:16,614:INFO:Checking exceptions
2026-05-25 08:20:16,614:INFO:Importing libraries
2026-05-25 08:20:16,614:INFO:Copying training dataset
2026-05-25 08:20:16,672:INFO:Defining folds
2026-05-25 08:20:16,673:INFO:Declaring metric variables
2026-05-25 08:20:16,673:INFO:Importing untrained model
2026-05-25 08:20:16,674:INFO:Extra Trees Classifier Imported successfully
2026-05-25 08:20:16,674:INFO:Starting cross validation
2026-05-25 08:20:16,675:INFO:Cross validating with StratifiedKFold(n_splits=10, random_state=None, shuffle=False), n_jobs=-1
2026-05-25 08:20:34,077:INFO:Calculating mean and std
2026-05-25 08:20:34,081:INFO:Creating metrics dataframe
2026-05-25 08:20:34,086:INFO:Uploading results into container
2026-05-25 08:20:34,088:INFO:Uploading model into container now
2026-05-25 08:20:34,089:INFO:_master_model_container: 12
2026-05-25 08:20:34,089:INFO:_display_container: 2
2026-05-25 08:20:34,090:INFO:ExtraTreesClassifier(bootstrap=False, ccp_alpha=0.0, class_weight=None,
                     criterion='gini', max_depth=None, max_features='sqrt',
                     max_leaf_nodes=None, max_samples=None,
                     min_impurity_decrease=0.0, min_samples_leaf=1,
                     min_samples_split=2, min_weight_fraction_leaf=0.0,
                     monotonic_cst=None, n_estimators=100, n_jobs=-1,
                     oob_score=False, random_state=123, verbose=0,
                     warm_start=False)
2026-05-25 08:20:34,091:INFO:create_model() successfully completed......................................
2026-05-25 08:20:34,355:INFO:SubProcess create_model() end ==================================
2026-05-25 08:20:34,355:INFO:Creating metrics dataframe
2026-05-25 08:20:34,360:INFO:Initializing Extreme Gradient Boosting
2026-05-25 08:20:34,360:INFO:Total runtime is 1.0542583465576172 minutes
2026-05-25 08:20:34,360:INFO:SubProcess create_model() called ==================================
2026-05-25 08:20:34,360:INFO:Initializing create_model()
2026-05-25 08:20:34,360:INFO:create_model(self=<pycaret.classification.oop.ClassificationExperiment object at 0x0000020E8CE77C10>, estimator=xgboost, fold=StratifiedKFold(n_splits=10, random_state=None, shuffle=False), round=4, cross_validation=True, predict=True, fit_kwargs={}, groups=None, refit=False, probability_threshold=None, experiment_custom_tags=None, verbose=False, system=False, add_to_model_list=True, metrics=None, display=<pycaret.internal.display.display.CommonDisplay object at 0x0000020E9445A310>, model_only=True, return_train_score=False, error_score=0.0, kwargs={})
2026-05-25 08:20:34,360:INFO:Checking exceptions
2026-05-25 08:20:34,360:INFO:Importing libraries
2026-05-25 08:20:34,360:INFO:Copying training dataset
2026-05-25 08:20:34,452:INFO:Defining folds
2026-05-25 08:20:34,452:INFO:Declaring metric variables
2026-05-25 08:20:34,453:INFO:Importing untrained model
2026-05-25 08:20:34,454:INFO:Extreme Gradient Boosting Imported successfully
2026-05-25 08:20:34,455:INFO:Starting cross validation
2026-05-25 08:20:34,457:INFO:Cross validating with StratifiedKFold(n_splits=10, random_state=None, shuffle=False), n_jobs=-1
2026-05-25 08:20:37,183:INFO:Calculating mean and std
2026-05-25 08:20:37,185:INFO:Creating metrics dataframe
2026-05-25 08:20:37,188:INFO:Uploading results into container
2026-05-25 08:20:37,189:INFO:Uploading model into container now
2026-05-25 08:20:37,190:INFO:_master_model_container: 13
2026-05-25 08:20:37,190:INFO:_display_container: 2
2026-05-25 08:20:37,191:INFO:XGBClassifier(base_score=None, booster='gbtree', callbacks=None,
              colsample_bylevel=None, colsample_bynode=None,
              colsample_bytree=None, device='cpu', early_stopping_rounds=None,
              enable_categorical=False, eval_metric=None, feature_types=None,
              feature_weights=None, gamma=None, grow_policy=None,
              importance_type=None, interaction_constraints=None,
              learning_rate=None, max_bin=None, max_cat_threshold=None,
              max_cat_to_onehot=None, max_delta_step=None, max_depth=None,
              max_leaves=None, min_child_weight=None, missing=nan,
              monotone_constraints=None, multi_strategy=None, n_estimators=None,
              n_jobs=-1, num_parallel_tree=None, ...)
2026-05-25 08:20:37,191:INFO:create_model() successfully completed......................................
2026-05-25 08:20:37,316:INFO:SubProcess create_model() end ==================================
2026-05-25 08:20:37,316:INFO:Creating metrics dataframe
2026-05-25 08:20:37,318:INFO:Initializing Light Gradient Boosting Machine
2026-05-25 08:20:37,318:INFO:Total runtime is 1.1035656531651814 minutes
2026-05-25 08:20:37,319:INFO:SubProcess create_model() called ==================================
2026-05-25 08:20:37,319:INFO:Initializing create_model()
2026-05-25 08:20:37,319:INFO:create_model(self=<pycaret.classification.oop.ClassificationExperiment object at 0x0000020E8CE77C10>, estimator=lightgbm, fold=StratifiedKFold(n_splits=10, random_state=None, shuffle=False), round=4, cross_validation=True, predict=True, fit_kwargs={}, groups=None, refit=False, probability_threshold=None, experiment_custom_tags=None, verbose=False, system=False, add_to_model_list=True, metrics=None, display=<pycaret.internal.display.display.CommonDisplay object at 0x0000020E9445A310>, model_only=True, return_train_score=False, error_score=0.0, kwargs={})
2026-05-25 08:20:37,319:INFO:Checking exceptions
2026-05-25 08:20:37,319:INFO:Importing libraries
2026-05-25 08:20:37,319:INFO:Copying training dataset
2026-05-25 08:20:37,371:INFO:Defining folds
2026-05-25 08:20:37,372:INFO:Declaring metric variables
2026-05-25 08:20:37,372:INFO:Importing untrained model
2026-05-25 08:20:37,373:INFO:Light Gradient Boosting Machine Imported successfully
2026-05-25 08:20:37,373:INFO:Starting cross validation
2026-05-25 08:20:37,374:INFO:Cross validating with StratifiedKFold(n_splits=10, random_state=None, shuffle=False), n_jobs=-1
2026-05-25 08:20:40,330:INFO:Calculating mean and std
2026-05-25 08:20:40,332:INFO:Creating metrics dataframe
2026-05-25 08:20:40,335:INFO:Uploading results into container
2026-05-25 08:20:40,337:INFO:Uploading model into container now
2026-05-25 08:20:40,338:INFO:_master_model_container: 14
2026-05-25 08:20:40,338:INFO:_display_container: 2
2026-05-25 08:20:40,339:INFO:LGBMClassifier(boosting_type='gbdt', class_weight=None, colsample_bytree=1.0,
               importance_type='split', learning_rate=0.1, max_depth=-1,
               min_child_samples=20, min_child_weight=0.001, min_split_gain=0.0,
               n_estimators=100, n_jobs=-1, num_leaves=31, objective=None,
               random_state=123, reg_alpha=0.0, reg_lambda=0.0, subsample=1.0,
               subsample_for_bin=200000, subsample_freq=0)
2026-05-25 08:20:40,339:INFO:create_model() successfully completed......................................
2026-05-25 08:20:40,511:INFO:SubProcess create_model() end ==================================
2026-05-25 08:20:40,511:INFO:Creating metrics dataframe
2026-05-25 08:20:40,514:INFO:Initializing Dummy Classifier
2026-05-25 08:20:40,514:INFO:Total runtime is 1.1568331321080525 minutes
2026-05-25 08:20:40,514:INFO:SubProcess create_model() called ==================================
2026-05-25 08:20:40,514:INFO:Initializing create_model()
2026-05-25 08:20:40,514:INFO:create_model(self=<pycaret.classification.oop.ClassificationExperiment object at 0x0000020E8CE77C10>, estimator=dummy, fold=StratifiedKFold(n_splits=10, random_state=None, shuffle=False), round=4, cross_validation=True, predict=True, fit_kwargs={}, groups=None, refit=False, probability_threshold=None, experiment_custom_tags=None, verbose=False, system=False, add_to_model_list=True, metrics=None, display=<pycaret.internal.display.display.CommonDisplay object at 0x0000020E9445A310>, model_only=True, return_train_score=False, error_score=0.0, kwargs={})
2026-05-25 08:20:40,514:INFO:Checking exceptions
2026-05-25 08:20:40,514:INFO:Importing libraries
2026-05-25 08:20:40,514:INFO:Copying training dataset
2026-05-25 08:20:40,579:INFO:Defining folds
2026-05-25 08:20:40,579:INFO:Declaring metric variables
2026-05-25 08:20:40,579:INFO:Importing untrained model
2026-05-25 08:20:40,579:INFO:Dummy Classifier Imported successfully
2026-05-25 08:20:40,579:INFO:Starting cross validation
2026-05-25 08:20:40,580:INFO:Cross validating with StratifiedKFold(n_splits=10, random_state=None, shuffle=False), n_jobs=-1
2026-05-25 08:20:40,765:WARNING:c:\Users\HP\Documents\GitHub\ML-dating-app-behaviour\.venv\Lib\site-packages\sklearn\metrics\_classification.py:1509: UndefinedMetricWarning: Precision is ill-defined and being set to 0.0 due to no predicted samples. Use `zero_division` parameter to control this behavior.
  _warn_prf(average, modifier, f"{metric.capitalize()} is", len(result))

2026-05-25 08:20:40,789:WARNING:c:\Users\HP\Documents\GitHub\ML-dating-app-behaviour\.venv\Lib\site-packages\sklearn\metrics\_classification.py:1509: UndefinedMetricWarning: Precision is ill-defined and being set to 0.0 due to no predicted samples. Use `zero_division` parameter to control this behavior.
  _warn_prf(average, modifier, f"{metric.capitalize()} is", len(result))

2026-05-25 08:20:40,829:WARNING:c:\Users\HP\Documents\GitHub\ML-dating-app-behaviour\.venv\Lib\site-packages\sklearn\metrics\_classification.py:1509: UndefinedMetricWarning: Precision is ill-defined and being set to 0.0 due to no predicted samples. Use `zero_division` parameter to control this behavior.
  _warn_prf(average, modifier, f"{metric.capitalize()} is", len(result))

2026-05-25 08:20:40,852:WARNING:c:\Users\HP\Documents\GitHub\ML-dating-app-behaviour\.venv\Lib\site-packages\sklearn\metrics\_classification.py:1509: UndefinedMetricWarning: Precision is ill-defined and being set to 0.0 due to no predicted samples. Use `zero_division` parameter to control this behavior.
  _warn_prf(average, modifier, f"{metric.capitalize()} is", len(result))

2026-05-25 08:20:40,872:WARNING:c:\Users\HP\Documents\GitHub\ML-dating-app-behaviour\.venv\Lib\site-packages\sklearn\metrics\_classification.py:1509: UndefinedMetricWarning: Precision is ill-defined and being set to 0.0 due to no predicted samples. Use `zero_division` parameter to control this behavior.
  _warn_prf(average, modifier, f"{metric.capitalize()} is", len(result))

2026-05-25 08:20:40,894:WARNING:c:\Users\HP\Documents\GitHub\ML-dating-app-behaviour\.venv\Lib\site-packages\sklearn\metrics\_classification.py:1509: UndefinedMetricWarning: Precision is ill-defined and being set to 0.0 due to no predicted samples. Use `zero_division` parameter to control this behavior.
  _warn_prf(average, modifier, f"{metric.capitalize()} is", len(result))

2026-05-25 08:20:40,908:WARNING:c:\Users\HP\Documents\GitHub\ML-dating-app-behaviour\.venv\Lib\site-packages\sklearn\metrics\_classification.py:1509: UndefinedMetricWarning: Precision is ill-defined and being set to 0.0 due to no predicted samples. Use `zero_division` parameter to control this behavior.
  _warn_prf(average, modifier, f"{metric.capitalize()} is", len(result))

2026-05-25 08:20:40,935:WARNING:c:\Users\HP\Documents\GitHub\ML-dating-app-behaviour\.venv\Lib\site-packages\sklearn\metrics\_classification.py:1509: UndefinedMetricWarning: Precision is ill-defined and being set to 0.0 due to no predicted samples. Use `zero_division` parameter to control this behavior.
  _warn_prf(average, modifier, f"{metric.capitalize()} is", len(result))

2026-05-25 08:20:40,944:WARNING:c:\Users\HP\Documents\GitHub\ML-dating-app-behaviour\.venv\Lib\site-packages\sklearn\metrics\_classification.py:1509: UndefinedMetricWarning: Precision is ill-defined and being set to 0.0 due to no predicted samples. Use `zero_division` parameter to control this behavior.
  _warn_prf(average, modifier, f"{metric.capitalize()} is", len(result))

2026-05-25 08:20:40,953:WARNING:c:\Users\HP\Documents\GitHub\ML-dating-app-behaviour\.venv\Lib\site-packages\sklearn\metrics\_classification.py:1509: UndefinedMetricWarning: Precision is ill-defined and being set to 0.0 due to no predicted samples. Use `zero_division` parameter to control this behavior.
  _warn_prf(average, modifier, f"{metric.capitalize()} is", len(result))

2026-05-25 08:20:40,966:INFO:Calculating mean and std
2026-05-25 08:20:40,967:INFO:Creating metrics dataframe
2026-05-25 08:20:40,969:INFO:Uploading results into container
2026-05-25 08:20:40,970:INFO:Uploading model into container now
2026-05-25 08:20:40,970:INFO:_master_model_container: 15
2026-05-25 08:20:40,970:INFO:_display_container: 2
2026-05-25 08:20:40,970:INFO:DummyClassifier(constant=None, random_state=123, strategy='prior')
2026-05-25 08:20:40,970:INFO:create_model() successfully completed......................................
2026-05-25 08:20:41,104:INFO:SubProcess create_model() end ==================================
2026-05-25 08:20:41,104:INFO:Creating metrics dataframe
2026-05-25 08:20:41,109:INFO:Initializing create_model()
2026-05-25 08:20:41,109:INFO:create_model(self=<pycaret.classification.oop.ClassificationExperiment object at 0x0000020E8CE77C10>, estimator=SGDClassifier(alpha=0.0001, average=False, class_weight=None,
              early_stopping=False, epsilon=0.1, eta0=0.001, fit_intercept=True,
              l1_ratio=0.15, learning_rate='optimal', loss='hinge',
              max_iter=1000, n_iter_no_change=5, n_jobs=-1, penalty='l2',
              power_t=0.5, random_state=123, shuffle=True, tol=0.001,
              validation_fraction=0.1, verbose=0, warm_start=False), fold=StratifiedKFold(n_splits=10, random_state=None, shuffle=False), round=4, cross_validation=False, predict=False, fit_kwargs={}, groups=None, refit=True, probability_threshold=None, experiment_custom_tags=None, verbose=False, system=False, add_to_model_list=True, metrics=None, display=None, model_only=True, return_train_score=False, error_score=0.0, kwargs={})
2026-05-25 08:20:41,109:INFO:Checking exceptions
2026-05-25 08:20:41,110:INFO:Importing libraries
2026-05-25 08:20:41,110:INFO:Copying training dataset
2026-05-25 08:20:41,165:INFO:Defining folds
2026-05-25 08:20:41,165:INFO:Declaring metric variables
2026-05-25 08:20:41,165:INFO:Importing untrained model
2026-05-25 08:20:41,165:INFO:Declaring custom model
2026-05-25 08:20:41,166:INFO:SVM - Linear Kernel Imported successfully
2026-05-25 08:20:41,167:INFO:Cross validation set to False
2026-05-25 08:20:41,167:INFO:Fitting Model
2026-05-25 08:20:41,752:INFO:SGDClassifier(alpha=0.0001, average=False, class_weight=None,
              early_stopping=False, epsilon=0.1, eta0=0.001, fit_intercept=True,
              l1_ratio=0.15, learning_rate='optimal', loss='hinge',
              max_iter=1000, n_iter_no_change=5, n_jobs=-1, penalty='l2',
              power_t=0.5, random_state=123, shuffle=True, tol=0.001,
              validation_fraction=0.1, verbose=0, warm_start=False)
2026-05-25 08:20:41,752:INFO:create_model() successfully completed......................................
2026-05-25 08:20:41,893:INFO:_master_model_container: 15
2026-05-25 08:20:41,893:INFO:_display_container: 2
2026-05-25 08:20:41,893:INFO:SGDClassifier(alpha=0.0001, average=False, class_weight=None,
              early_stopping=False, epsilon=0.1, eta0=0.001, fit_intercept=True,
              l1_ratio=0.15, learning_rate='optimal', loss='hinge',
              max_iter=1000, n_iter_no_change=5, n_jobs=-1, penalty='l2',
              power_t=0.5, random_state=123, shuffle=True, tol=0.001,
              validation_fraction=0.1, verbose=0, warm_start=False)
2026-05-25 08:20:41,894:INFO:compare_models() successfully completed......................................
2026-05-25 08:22:20,466:INFO:PyCaret ClassificationExperiment
2026-05-25 08:22:20,466:INFO:Logging name: clf-default-name
2026-05-25 08:22:20,466:INFO:ML Usecase: MLUsecase.CLASSIFICATION
2026-05-25 08:22:20,466:INFO:version 3.3.2
2026-05-25 08:22:20,466:INFO:Initializing setup()
2026-05-25 08:22:20,466:INFO:self.USI: 385f
2026-05-25 08:22:20,466:INFO:self._variable_keys: {'_ml_usecase', 'idx', 'is_multiclass', 'n_jobs_param', 'gpu_n_jobs_param', 'USI', 'target_param', 'fold_groups_param', 'fix_imbalance', 'seed', 'pipeline', 'y', 'logging_param', '_available_plots', 'memory', 'y_test', 'data', 'log_plots_param', 'y_train', 'exp_id', 'X_train', 'fold_generator', 'html_param', 'fold_shuffle_param', 'X_test', 'X', 'gpu_param', 'exp_name_log'}
2026-05-25 08:22:20,466:INFO:Checking environment
2026-05-25 08:22:20,466:INFO:python_version: 3.11.9
2026-05-25 08:22:20,466:INFO:python_build: ('tags/v3.11.9:de54cf5', 'Apr  2 2024 10:12:12')
2026-05-25 08:22:20,466:INFO:machine: AMD64
2026-05-25 08:22:20,467:INFO:platform: Windows-10-10.0.26200-SP0
2026-05-25 08:22:20,467:INFO:Memory: svmem(total=25087217664, available=7748919296, percent=69.1, used=17338298368, free=7748919296)
2026-05-25 08:22:20,468:INFO:Physical Core: 6
2026-05-25 08:22:20,468:INFO:Logical Core: 12
2026-05-25 08:22:20,468:INFO:Checking libraries
2026-05-25 08:22:20,468:INFO:System:
2026-05-25 08:22:20,468:INFO:    python: 3.11.9 (tags/v3.11.9:de54cf5, Apr  2 2024, 10:12:12) [MSC v.1938 64 bit (AMD64)]
2026-05-25 08:22:20,468:INFO:executable: c:\Users\HP\Documents\GitHub\ML-dating-app-behaviour\.venv\Scripts\python.exe
2026-05-25 08:22:20,468:INFO:   machine: Windows-10-10.0.26200-SP0
2026-05-25 08:22:20,468:INFO:PyCaret required dependencies:
2026-05-25 08:22:20,468:INFO:                 pip: 26.1.1
2026-05-25 08:22:20,468:INFO:          setuptools: 65.5.0
2026-05-25 08:22:20,469:INFO:             pycaret: 3.3.2
2026-05-25 08:22:20,469:INFO:             IPython: 9.13.0
2026-05-25 08:22:20,469:INFO:          ipywidgets: 8.1.8
2026-05-25 08:22:20,469:INFO:                tqdm: 4.67.3
2026-05-25 08:22:20,469:INFO:               numpy: 1.26.4
2026-05-25 08:22:20,469:INFO:              pandas: 2.1.4
2026-05-25 08:22:20,469:INFO:              jinja2: 3.1.6
2026-05-25 08:22:20,469:INFO:               scipy: 1.11.4
2026-05-25 08:22:20,469:INFO:              joblib: 1.3.2
2026-05-25 08:22:20,469:INFO:             sklearn: 1.4.2
2026-05-25 08:22:20,469:INFO:                pyod: 3.4.0
2026-05-25 08:22:20,469:INFO:            imblearn: 0.14.1
2026-05-25 08:22:20,469:INFO:   category_encoders: 2.7.0
2026-05-25 08:22:20,469:INFO:            lightgbm: 4.6.0
2026-05-25 08:22:20,469:INFO:               numba: 0.65.1
2026-05-25 08:22:20,469:INFO:            requests: 2.34.2
2026-05-25 08:22:20,469:INFO:          matplotlib: 3.7.5
2026-05-25 08:22:20,469:INFO:          scikitplot: 0.3.7
2026-05-25 08:22:20,470:INFO:         yellowbrick: 1.5
2026-05-25 08:22:20,470:INFO:              plotly: 6.7.0
2026-05-25 08:22:20,470:INFO:    plotly-resampler: Not installed
2026-05-25 08:22:20,470:INFO:             kaleido: 1.3.0
2026-05-25 08:22:20,470:INFO:           schemdraw: 0.15
2026-05-25 08:22:20,470:INFO:         statsmodels: 0.14.6
2026-05-25 08:22:20,470:INFO:              sktime: 0.26.0
2026-05-25 08:22:20,470:INFO:               tbats: 1.1.3
2026-05-25 08:22:20,470:INFO:            pmdarima: 2.0.4
2026-05-25 08:22:20,470:INFO:              psutil: 7.2.2
2026-05-25 08:22:20,471:INFO:          markupsafe: 3.0.3
2026-05-25 08:22:20,471:INFO:             pickle5: Not installed
2026-05-25 08:22:20,471:INFO:         cloudpickle: 3.1.2
2026-05-25 08:22:20,471:INFO:         deprecation: 2.1.0
2026-05-25 08:22:20,471:INFO:              xxhash: 3.7.0
2026-05-25 08:22:20,471:INFO:           wurlitzer: Not installed
2026-05-25 08:22:20,471:INFO:PyCaret optional dependencies:
2026-05-25 08:22:20,471:INFO:                shap: Not installed
2026-05-25 08:22:20,471:INFO:           interpret: Not installed
2026-05-25 08:22:20,471:INFO:                umap: Not installed
2026-05-25 08:22:20,471:INFO:     ydata_profiling: Not installed
2026-05-25 08:22:20,471:INFO:  explainerdashboard: Not installed
2026-05-25 08:22:20,471:INFO:             autoviz: Not installed
2026-05-25 08:22:20,471:INFO:           fairlearn: Not installed
2026-05-25 08:22:20,471:INFO:          deepchecks: Not installed
2026-05-25 08:22:20,471:INFO:             xgboost: 3.2.0
2026-05-25 08:22:20,472:INFO:            catboost: Not installed
2026-05-25 08:22:20,472:INFO:              kmodes: Not installed
2026-05-25 08:22:20,472:INFO:             mlxtend: Not installed
2026-05-25 08:22:20,472:INFO:       statsforecast: Not installed
2026-05-25 08:22:20,472:INFO:        tune_sklearn: Not installed
2026-05-25 08:22:20,472:INFO:                 ray: Not installed
2026-05-25 08:22:20,472:INFO:            hyperopt: Not installed
2026-05-25 08:22:20,473:INFO:              optuna: Not installed
2026-05-25 08:22:20,473:INFO:               skopt: Not installed
2026-05-25 08:22:20,473:INFO:              mlflow: Not installed
2026-05-25 08:22:20,473:INFO:              gradio: Not installed
2026-05-25 08:22:20,473:INFO:             fastapi: Not installed
2026-05-25 08:22:20,473:INFO:             uvicorn: Not installed
2026-05-25 08:22:20,473:INFO:              m2cgen: Not installed
2026-05-25 08:22:20,473:INFO:           evidently: Not installed
2026-05-25 08:22:20,473:INFO:               fugue: Not installed
2026-05-25 08:22:20,473:INFO:           streamlit: Not installed
2026-05-25 08:22:20,473:INFO:             prophet: Not installed
2026-05-25 08:22:20,474:INFO:None
2026-05-25 08:22:20,474:INFO:Set up data.
2026-05-25 08:22:20,510:INFO:Set up folding strategy.
2026-05-25 08:22:20,510:INFO:Set up train/test split.
2026-05-25 08:22:20,559:INFO:Set up index.
2026-05-25 08:22:20,560:INFO:Assigning column types.
2026-05-25 08:22:20,607:INFO:Engine successfully changes for model 'lr' to 'sklearn'.
2026-05-25 08:22:20,657:INFO:Engine for model 'knn' has not been set explicitly, hence returning None.
2026-05-25 08:22:20,658:INFO:Engine for model 'rbfsvm' has not been set explicitly, hence returning None.
2026-05-25 08:22:20,689:INFO:Soft dependency imported: xgboost: 3.2.0
2026-05-25 08:22:20,692:WARNING:
'catboost' is a soft dependency and not included in the pycaret installation. Please run: `pip install catboost` to install.
Alternately, you can install this by running `pip install pycaret[models]`
2026-05-25 08:22:20,750:INFO:Engine for model 'knn' has not been set explicitly, hence returning None.
2026-05-25 08:22:20,751:INFO:Engine for model 'rbfsvm' has not been set explicitly, hence returning None.
2026-05-25 08:22:20,782:INFO:Soft dependency imported: xgboost: 3.2.0
2026-05-25 08:22:20,784:WARNING:
'catboost' is a soft dependency and not included in the pycaret installation. Please run: `pip install catboost` to install.
Alternately, you can install this by running `pip install pycaret[models]`
2026-05-25 08:22:20,786:INFO:Engine successfully changes for model 'knn' to 'sklearn'.
2026-05-25 08:22:20,837:INFO:Engine for model 'rbfsvm' has not been set explicitly, hence returning None.
2026-05-25 08:22:20,866:INFO:Soft dependency imported: xgboost: 3.2.0
2026-05-25 08:22:20,868:WARNING:
'catboost' is a soft dependency and not included in the pycaret installation. Please run: `pip install catboost` to install.
Alternately, you can install this by running `pip install pycaret[models]`
2026-05-25 08:22:20,915:INFO:Engine for model 'rbfsvm' has not been set explicitly, hence returning None.
2026-05-25 08:22:20,947:INFO:Soft dependency imported: xgboost: 3.2.0
2026-05-25 08:22:20,952:WARNING:
'catboost' is a soft dependency and not included in the pycaret installation. Please run: `pip install catboost` to install.
Alternately, you can install this by running `pip install pycaret[models]`
2026-05-25 08:22:20,952:INFO:Engine successfully changes for model 'rbfsvm' to 'sklearn'.
2026-05-25 08:22:21,029:INFO:Soft dependency imported: xgboost: 3.2.0
2026-05-25 08:22:21,032:WARNING:
'catboost' is a soft dependency and not included in the pycaret installation. Please run: `pip install catboost` to install.
Alternately, you can install this by running `pip install pycaret[models]`
2026-05-25 08:22:21,111:INFO:Soft dependency imported: xgboost: 3.2.0
2026-05-25 08:22:21,114:WARNING:
'catboost' is a soft dependency and not included in the pycaret installation. Please run: `pip install catboost` to install.
Alternately, you can install this by running `pip install pycaret[models]`
2026-05-25 08:22:21,115:INFO:Preparing preprocessing pipeline...
2026-05-25 08:22:21,121:INFO:Set up simple imputation.
2026-05-25 08:22:21,127:INFO:Set up column name cleaning.
2026-05-25 08:22:21,249:INFO:Finished creating preprocessing pipeline.
2026-05-25 08:22:21,252:INFO:Pipeline: Pipeline(memory=FastMemory(location=C:\Users\HP\AppData\Local\Temp\joblib),
         steps=[('numerical_imputer',
                 TransformerWrapper(exclude=None,
                                    include=['body_type_Average',
                                             'body_type_Curvy',
                                             'body_type_Muscular',
                                             'body_type_Slim', 'education_enc',
                                             'gender_Female', 'gender_Male',
                                             'gender_Non-binary',
                                             'gender_Prefer Not to Say',
                                             'gender_Transgender', 'height_cm',
                                             'intere...
                ('categorical_imputer',
                 TransformerWrapper(exclude=None, include=[],
                                    transformer=SimpleImputer(add_indicator=False,
                                                              copy=True,
                                                              fill_value=None,
                                                              keep_empty_features=False,
                                                              missing_values=nan,
                                                              strategy='most_frequent'))),
                ('clean_column_names',
                 TransformerWrapper(exclude=None, include=None,
                                    transformer=CleanColumnNames(match='[\\]\\[\\,\\{\\}\\"\\:]+')))],
         verbose=False)
2026-05-25 08:22:21,253:INFO:Creating final display dataframe.
2026-05-25 08:22:21,620:INFO:Setup _display_container:                     Description             Value
0                    Session id               123
1                        Target            target
2                   Target type            Binary
3           Original data shape       (40000, 68)
4        Transformed data shape       (40000, 68)
5   Transformed train set shape       (28000, 68)
6    Transformed test set shape       (12000, 68)
7              Numeric features                67
8                    Preprocess              True
9               Imputation type            simple
10           Numeric imputation              mean
11       Categorical imputation              mode
12               Fold Generator   StratifiedKFold
13                  Fold Number                10
14                     CPU Jobs                -1
15                      Use GPU             False
16               Log Experiment             False
17              Experiment Name  clf-default-name
18                          USI              385f
2026-05-25 08:22:21,699:INFO:Soft dependency imported: xgboost: 3.2.0
2026-05-25 08:22:21,702:WARNING:
'catboost' is a soft dependency and not included in the pycaret installation. Please run: `pip install catboost` to install.
Alternately, you can install this by running `pip install pycaret[models]`
2026-05-25 08:22:21,791:INFO:Soft dependency imported: xgboost: 3.2.0
2026-05-25 08:22:21,796:WARNING:
'catboost' is a soft dependency and not included in the pycaret installation. Please run: `pip install catboost` to install.
Alternately, you can install this by running `pip install pycaret[models]`
2026-05-25 08:22:21,798:INFO:setup() successfully completed in 1.33s...............
2026-05-25 08:22:21,806:INFO:Initializing compare_models()
2026-05-25 08:22:21,806:INFO:compare_models(self=<pycaret.classification.oop.ClassificationExperiment object at 0x0000020E9445BD50>, include=None, exclude=None, fold=None, round=4, cross_validation=True, sort=Accuracy, n_select=1, budget_time=2, turbo=True, errors=ignore, fit_kwargs=None, groups=None, experiment_custom_tags=None, probability_threshold=None, verbose=True, parallel=None, caller_params={'self': <pycaret.classification.oop.ClassificationExperiment object at 0x0000020E9445BD50>, 'include': None, 'exclude': None, 'fold': None, 'round': 4, 'cross_validation': True, 'sort': 'Accuracy', 'n_select': 1, 'budget_time': 2, 'turbo': True, 'errors': 'ignore', 'fit_kwargs': None, 'groups': None, 'experiment_custom_tags': None, 'probability_threshold': None, 'engine': None, 'verbose': True, 'parallel': None, '__class__': <class 'pycaret.classification.oop.ClassificationExperiment'>})
2026-05-25 08:22:21,806:INFO:Checking exceptions
2026-05-25 08:22:21,861:INFO:Preparing display monitor
2026-05-25 08:22:21,863:INFO:Time budget is 2 minutes
2026-05-25 08:22:21,864:INFO:Initializing Logistic Regression
2026-05-25 08:22:21,864:INFO:Total runtime is 1.688400904337565e-05 minutes
2026-05-25 08:22:21,864:INFO:SubProcess create_model() called ==================================
2026-05-25 08:22:21,864:INFO:Initializing create_model()
2026-05-25 08:22:21,864:INFO:create_model(self=<pycaret.classification.oop.ClassificationExperiment object at 0x0000020E9445BD50>, estimator=lr, fold=StratifiedKFold(n_splits=10, random_state=None, shuffle=False), round=4, cross_validation=True, predict=True, fit_kwargs={}, groups=None, refit=False, probability_threshold=None, experiment_custom_tags=None, verbose=False, system=False, add_to_model_list=True, metrics=None, display=<pycaret.internal.display.display.CommonDisplay object at 0x0000020E8130F490>, model_only=True, return_train_score=False, error_score=0.0, kwargs={})
2026-05-25 08:22:21,864:INFO:Checking exceptions
2026-05-25 08:22:21,866:INFO:Importing libraries
2026-05-25 08:22:21,866:INFO:Copying training dataset
2026-05-25 08:22:21,923:INFO:Defining folds
2026-05-25 08:22:21,923:INFO:Declaring metric variables
2026-05-25 08:22:21,924:INFO:Importing untrained model
2026-05-25 08:22:21,924:INFO:Logistic Regression Imported successfully
2026-05-25 08:22:21,924:INFO:Starting cross validation
2026-05-25 08:22:21,925:INFO:Cross validating with StratifiedKFold(n_splits=10, random_state=None, shuffle=False), n_jobs=-1
2026-05-25 08:22:22,685:WARNING:c:\Users\HP\Documents\GitHub\ML-dating-app-behaviour\.venv\Lib\site-packages\sklearn\metrics\_classification.py:1509: UndefinedMetricWarning: Precision is ill-defined and being set to 0.0 due to no predicted samples. Use `zero_division` parameter to control this behavior.
  _warn_prf(average, modifier, f"{metric.capitalize()} is", len(result))

2026-05-25 08:22:22,735:WARNING:c:\Users\HP\Documents\GitHub\ML-dating-app-behaviour\.venv\Lib\site-packages\sklearn\metrics\_classification.py:1509: UndefinedMetricWarning: Precision is ill-defined and being set to 0.0 due to no predicted samples. Use `zero_division` parameter to control this behavior.
  _warn_prf(average, modifier, f"{metric.capitalize()} is", len(result))

2026-05-25 08:22:22,752:WARNING:c:\Users\HP\Documents\GitHub\ML-dating-app-behaviour\.venv\Lib\site-packages\sklearn\metrics\_classification.py:1509: UndefinedMetricWarning: Precision is ill-defined and being set to 0.0 due to no predicted samples. Use `zero_division` parameter to control this behavior.
  _warn_prf(average, modifier, f"{metric.capitalize()} is", len(result))

2026-05-25 08:22:22,769:WARNING:c:\Users\HP\Documents\GitHub\ML-dating-app-behaviour\.venv\Lib\site-packages\sklearn\metrics\_classification.py:1509: UndefinedMetricWarning: Precision is ill-defined and being set to 0.0 due to no predicted samples. Use `zero_division` parameter to control this behavior.
  _warn_prf(average, modifier, f"{metric.capitalize()} is", len(result))

2026-05-25 08:22:22,845:WARNING:c:\Users\HP\Documents\GitHub\ML-dating-app-behaviour\.venv\Lib\site-packages\sklearn\metrics\_classification.py:1509: UndefinedMetricWarning: Precision is ill-defined and being set to 0.0 due to no predicted samples. Use `zero_division` parameter to control this behavior.
  _warn_prf(average, modifier, f"{metric.capitalize()} is", len(result))

2026-05-25 08:22:22,875:WARNING:c:\Users\HP\Documents\GitHub\ML-dating-app-behaviour\.venv\Lib\site-packages\sklearn\metrics\_classification.py:1509: UndefinedMetricWarning: Precision is ill-defined and being set to 0.0 due to no predicted samples. Use `zero_division` parameter to control this behavior.
  _warn_prf(average, modifier, f"{metric.capitalize()} is", len(result))

2026-05-25 08:22:22,882:WARNING:c:\Users\HP\Documents\GitHub\ML-dating-app-behaviour\.venv\Lib\site-packages\sklearn\metrics\_classification.py:1509: UndefinedMetricWarning: Precision is ill-defined and being set to 0.0 due to no predicted samples. Use `zero_division` parameter to control this behavior.
  _warn_prf(average, modifier, f"{metric.capitalize()} is", len(result))

2026-05-25 08:22:22,897:INFO:Calculating mean and std
2026-05-25 08:22:22,899:INFO:Creating metrics dataframe
2026-05-25 08:22:22,900:INFO:Uploading results into container
2026-05-25 08:22:22,901:INFO:Uploading model into container now
2026-05-25 08:22:22,902:INFO:_master_model_container: 1
2026-05-25 08:22:22,902:INFO:_display_container: 2
2026-05-25 08:22:22,903:INFO:LogisticRegression(C=1.0, class_weight=None, dual=False, fit_intercept=True,
                   intercept_scaling=1, l1_ratio=None, max_iter=1000,
                   multi_class='auto', n_jobs=None, penalty='l2',
                   random_state=123, solver='lbfgs', tol=0.0001, verbose=0,
                   warm_start=False)
2026-05-25 08:22:22,903:INFO:create_model() successfully completed......................................
2026-05-25 08:22:23,062:INFO:SubProcess create_model() end ==================================
2026-05-25 08:22:23,062:INFO:Creating metrics dataframe
2026-05-25 08:22:23,065:INFO:Initializing K Neighbors Classifier
2026-05-25 08:22:23,065:INFO:Total runtime is 0.020028400421142577 minutes
2026-05-25 08:22:23,065:INFO:SubProcess create_model() called ==================================
2026-05-25 08:22:23,065:INFO:Initializing create_model()
2026-05-25 08:22:23,065:INFO:create_model(self=<pycaret.classification.oop.ClassificationExperiment object at 0x0000020E9445BD50>, estimator=knn, fold=StratifiedKFold(n_splits=10, random_state=None, shuffle=False), round=4, cross_validation=True, predict=True, fit_kwargs={}, groups=None, refit=False, probability_threshold=None, experiment_custom_tags=None, verbose=False, system=False, add_to_model_list=True, metrics=None, display=<pycaret.internal.display.display.CommonDisplay object at 0x0000020E8130F490>, model_only=True, return_train_score=False, error_score=0.0, kwargs={})
2026-05-25 08:22:23,065:INFO:Checking exceptions
2026-05-25 08:22:23,065:INFO:Importing libraries
2026-05-25 08:22:23,065:INFO:Copying training dataset
2026-05-25 08:22:23,124:INFO:Defining folds
2026-05-25 08:22:23,124:INFO:Declaring metric variables
2026-05-25 08:22:23,124:INFO:Importing untrained model
2026-05-25 08:22:23,126:INFO:K Neighbors Classifier Imported successfully
2026-05-25 08:22:23,127:INFO:Starting cross validation
2026-05-25 08:22:23,128:INFO:Cross validating with StratifiedKFold(n_splits=10, random_state=None, shuffle=False), n_jobs=-1
2026-05-25 08:22:26,539:INFO:Calculating mean and std
2026-05-25 08:22:26,541:INFO:Creating metrics dataframe
2026-05-25 08:22:26,544:INFO:Uploading results into container
2026-05-25 08:22:26,545:INFO:Uploading model into container now
2026-05-25 08:22:26,546:INFO:_master_model_container: 2
2026-05-25 08:22:26,546:INFO:_display_container: 2
2026-05-25 08:22:26,547:INFO:KNeighborsClassifier(algorithm='auto', leaf_size=30, metric='minkowski',
                     metric_params=None, n_jobs=-1, n_neighbors=5, p=2,
                     weights='uniform')
2026-05-25 08:22:26,547:INFO:create_model() successfully completed......................................
2026-05-25 08:22:26,735:INFO:SubProcess create_model() end ==================================
2026-05-25 08:22:26,736:INFO:Creating metrics dataframe
2026-05-25 08:22:26,739:INFO:Initializing Naive Bayes
2026-05-25 08:22:26,739:INFO:Total runtime is 0.08126744429270426 minutes
2026-05-25 08:22:26,739:INFO:SubProcess create_model() called ==================================
2026-05-25 08:22:26,739:INFO:Initializing create_model()
2026-05-25 08:22:26,739:INFO:create_model(self=<pycaret.classification.oop.ClassificationExperiment object at 0x0000020E9445BD50>, estimator=nb, fold=StratifiedKFold(n_splits=10, random_state=None, shuffle=False), round=4, cross_validation=True, predict=True, fit_kwargs={}, groups=None, refit=False, probability_threshold=None, experiment_custom_tags=None, verbose=False, system=False, add_to_model_list=True, metrics=None, display=<pycaret.internal.display.display.CommonDisplay object at 0x0000020E8130F490>, model_only=True, return_train_score=False, error_score=0.0, kwargs={})
2026-05-25 08:22:26,739:INFO:Checking exceptions
2026-05-25 08:22:26,739:INFO:Importing libraries
2026-05-25 08:22:26,739:INFO:Copying training dataset
2026-05-25 08:22:26,803:INFO:Defining folds
2026-05-25 08:22:26,804:INFO:Declaring metric variables
2026-05-25 08:22:26,804:INFO:Importing untrained model
2026-05-25 08:22:26,805:INFO:Naive Bayes Imported successfully
2026-05-25 08:22:26,805:INFO:Starting cross validation
2026-05-25 08:22:26,807:INFO:Cross validating with StratifiedKFold(n_splits=10, random_state=None, shuffle=False), n_jobs=-1
2026-05-25 08:22:27,347:INFO:Calculating mean and std
2026-05-25 08:22:27,348:INFO:Creating metrics dataframe
2026-05-25 08:22:27,352:INFO:Uploading results into container
2026-05-25 08:22:27,354:INFO:Uploading model into container now
2026-05-25 08:22:27,354:INFO:_master_model_container: 3
2026-05-25 08:22:27,354:INFO:_display_container: 2
2026-05-25 08:22:27,354:INFO:GaussianNB(priors=None, var_smoothing=1e-09)
2026-05-25 08:22:27,354:INFO:create_model() successfully completed......................................
2026-05-25 08:22:27,496:INFO:SubProcess create_model() end ==================================
2026-05-25 08:22:27,497:INFO:Creating metrics dataframe
2026-05-25 08:22:27,499:INFO:Initializing Decision Tree Classifier
2026-05-25 08:22:27,499:INFO:Total runtime is 0.09392751852671305 minutes
2026-05-25 08:22:27,499:INFO:SubProcess create_model() called ==================================
2026-05-25 08:22:27,499:INFO:Initializing create_model()
2026-05-25 08:22:27,499:INFO:create_model(self=<pycaret.classification.oop.ClassificationExperiment object at 0x0000020E9445BD50>, estimator=dt, fold=StratifiedKFold(n_splits=10, random_state=None, shuffle=False), round=4, cross_validation=True, predict=True, fit_kwargs={}, groups=None, refit=False, probability_threshold=None, experiment_custom_tags=None, verbose=False, system=False, add_to_model_list=True, metrics=None, display=<pycaret.internal.display.display.CommonDisplay object at 0x0000020E8130F490>, model_only=True, return_train_score=False, error_score=0.0, kwargs={})
2026-05-25 08:22:27,499:INFO:Checking exceptions
2026-05-25 08:22:27,499:INFO:Importing libraries
2026-05-25 08:22:27,499:INFO:Copying training dataset
2026-05-25 08:22:27,562:INFO:Defining folds
2026-05-25 08:22:27,563:INFO:Declaring metric variables
2026-05-25 08:22:27,563:INFO:Importing untrained model
2026-05-25 08:22:27,564:INFO:Decision Tree Classifier Imported successfully
2026-05-25 08:22:27,564:INFO:Starting cross validation
2026-05-25 08:22:27,566:INFO:Cross validating with StratifiedKFold(n_splits=10, random_state=None, shuffle=False), n_jobs=-1
2026-05-25 08:22:29,028:INFO:Calculating mean and std
2026-05-25 08:22:29,029:INFO:Creating metrics dataframe
2026-05-25 08:22:29,032:INFO:Uploading results into container
2026-05-25 08:22:29,032:INFO:Uploading model into container now
2026-05-25 08:22:29,033:INFO:_master_model_container: 4
2026-05-25 08:22:29,033:INFO:_display_container: 2
2026-05-25 08:22:29,034:INFO:DecisionTreeClassifier(ccp_alpha=0.0, class_weight=None, criterion='gini',
                       max_depth=None, max_features=None, max_leaf_nodes=None,
                       min_impurity_decrease=0.0, min_samples_leaf=1,
                       min_samples_split=2, min_weight_fraction_leaf=0.0,
                       monotonic_cst=None, random_state=123, splitter='best')
2026-05-25 08:22:29,034:INFO:create_model() successfully completed......................................
2026-05-25 08:22:29,164:INFO:SubProcess create_model() end ==================================
2026-05-25 08:22:29,164:INFO:Creating metrics dataframe
2026-05-25 08:22:29,166:INFO:Initializing SVM - Linear Kernel
2026-05-25 08:22:29,166:INFO:Total runtime is 0.1217122197151184 minutes
2026-05-25 08:22:29,166:INFO:SubProcess create_model() called ==================================
2026-05-25 08:22:29,166:INFO:Initializing create_model()
2026-05-25 08:22:29,166:INFO:create_model(self=<pycaret.classification.oop.ClassificationExperiment object at 0x0000020E9445BD50>, estimator=svm, fold=StratifiedKFold(n_splits=10, random_state=None, shuffle=False), round=4, cross_validation=True, predict=True, fit_kwargs={}, groups=None, refit=False, probability_threshold=None, experiment_custom_tags=None, verbose=False, system=False, add_to_model_list=True, metrics=None, display=<pycaret.internal.display.display.CommonDisplay object at 0x0000020E8130F490>, model_only=True, return_train_score=False, error_score=0.0, kwargs={})
2026-05-25 08:22:29,166:INFO:Checking exceptions
2026-05-25 08:22:29,166:INFO:Importing libraries
2026-05-25 08:22:29,166:INFO:Copying training dataset
2026-05-25 08:22:29,219:INFO:Defining folds
2026-05-25 08:22:29,219:INFO:Declaring metric variables
2026-05-25 08:22:29,219:INFO:Importing untrained model
2026-05-25 08:22:29,219:INFO:SVM - Linear Kernel Imported successfully
2026-05-25 08:22:29,219:INFO:Starting cross validation
2026-05-25 08:22:29,220:INFO:Cross validating with StratifiedKFold(n_splits=10, random_state=None, shuffle=False), n_jobs=-1
2026-05-25 08:22:30,191:WARNING:c:\Users\HP\Documents\GitHub\ML-dating-app-behaviour\.venv\Lib\site-packages\sklearn\metrics\_classification.py:1509: UndefinedMetricWarning: Precision is ill-defined and being set to 0.0 due to no predicted samples. Use `zero_division` parameter to control this behavior.
  _warn_prf(average, modifier, f"{metric.capitalize()} is", len(result))

2026-05-25 08:22:30,217:WARNING:c:\Users\HP\Documents\GitHub\ML-dating-app-behaviour\.venv\Lib\site-packages\sklearn\metrics\_classification.py:1509: UndefinedMetricWarning: Precision is ill-defined and being set to 0.0 due to no predicted samples. Use `zero_division` parameter to control this behavior.
  _warn_prf(average, modifier, f"{metric.capitalize()} is", len(result))

2026-05-25 08:22:30,225:WARNING:c:\Users\HP\Documents\GitHub\ML-dating-app-behaviour\.venv\Lib\site-packages\sklearn\metrics\_classification.py:1509: UndefinedMetricWarning: Precision is ill-defined and being set to 0.0 due to no predicted samples. Use `zero_division` parameter to control this behavior.
  _warn_prf(average, modifier, f"{metric.capitalize()} is", len(result))

2026-05-25 08:22:30,225:WARNING:c:\Users\HP\Documents\GitHub\ML-dating-app-behaviour\.venv\Lib\site-packages\sklearn\metrics\_classification.py:1509: UndefinedMetricWarning: Precision is ill-defined and being set to 0.0 due to no predicted samples. Use `zero_division` parameter to control this behavior.
  _warn_prf(average, modifier, f"{metric.capitalize()} is", len(result))

2026-05-25 08:22:30,236:WARNING:c:\Users\HP\Documents\GitHub\ML-dating-app-behaviour\.venv\Lib\site-packages\sklearn\metrics\_classification.py:1509: UndefinedMetricWarning: Precision is ill-defined and being set to 0.0 due to no predicted samples. Use `zero_division` parameter to control this behavior.
  _warn_prf(average, modifier, f"{metric.capitalize()} is", len(result))

2026-05-25 08:22:30,251:WARNING:c:\Users\HP\Documents\GitHub\ML-dating-app-behaviour\.venv\Lib\site-packages\sklearn\metrics\_classification.py:1509: UndefinedMetricWarning: Precision is ill-defined and being set to 0.0 due to no predicted samples. Use `zero_division` parameter to control this behavior.
  _warn_prf(average, modifier, f"{metric.capitalize()} is", len(result))

2026-05-25 08:22:30,287:WARNING:c:\Users\HP\Documents\GitHub\ML-dating-app-behaviour\.venv\Lib\site-packages\sklearn\metrics\_classification.py:1509: UndefinedMetricWarning: Precision is ill-defined and being set to 0.0 due to no predicted samples. Use `zero_division` parameter to control this behavior.
  _warn_prf(average, modifier, f"{metric.capitalize()} is", len(result))

2026-05-25 08:22:30,290:WARNING:c:\Users\HP\Documents\GitHub\ML-dating-app-behaviour\.venv\Lib\site-packages\sklearn\metrics\_classification.py:1509: UndefinedMetricWarning: Precision is ill-defined and being set to 0.0 due to no predicted samples. Use `zero_division` parameter to control this behavior.
  _warn_prf(average, modifier, f"{metric.capitalize()} is", len(result))

2026-05-25 08:22:30,299:WARNING:c:\Users\HP\Documents\GitHub\ML-dating-app-behaviour\.venv\Lib\site-packages\sklearn\metrics\_classification.py:1509: UndefinedMetricWarning: Precision is ill-defined and being set to 0.0 due to no predicted samples. Use `zero_division` parameter to control this behavior.
  _warn_prf(average, modifier, f"{metric.capitalize()} is", len(result))

2026-05-25 08:22:30,313:WARNING:c:\Users\HP\Documents\GitHub\ML-dating-app-behaviour\.venv\Lib\site-packages\sklearn\metrics\_classification.py:1509: UndefinedMetricWarning: Precision is ill-defined and being set to 0.0 due to no predicted samples. Use `zero_division` parameter to control this behavior.
  _warn_prf(average, modifier, f"{metric.capitalize()} is", len(result))

2026-05-25 08:22:30,325:INFO:Calculating mean and std
2026-05-25 08:22:30,326:INFO:Creating metrics dataframe
2026-05-25 08:22:30,328:INFO:Uploading results into container
2026-05-25 08:22:30,329:INFO:Uploading model into container now
2026-05-25 08:22:30,329:INFO:_master_model_container: 5
2026-05-25 08:22:30,330:INFO:_display_container: 2
2026-05-25 08:22:30,330:INFO:SGDClassifier(alpha=0.0001, average=False, class_weight=None,
              early_stopping=False, epsilon=0.1, eta0=0.001, fit_intercept=True,
              l1_ratio=0.15, learning_rate='optimal', loss='hinge',
              max_iter=1000, n_iter_no_change=5, n_jobs=-1, penalty='l2',
              power_t=0.5, random_state=123, shuffle=True, tol=0.001,
              validation_fraction=0.1, verbose=0, warm_start=False)
2026-05-25 08:22:30,330:INFO:create_model() successfully completed......................................
2026-05-25 08:22:30,453:INFO:SubProcess create_model() end ==================================
2026-05-25 08:22:30,453:INFO:Creating metrics dataframe
2026-05-25 08:22:30,455:INFO:Initializing Ridge Classifier
2026-05-25 08:22:30,455:INFO:Total runtime is 0.14319607019424438 minutes
2026-05-25 08:22:30,455:INFO:SubProcess create_model() called ==================================
2026-05-25 08:22:30,455:INFO:Initializing create_model()
2026-05-25 08:22:30,455:INFO:create_model(self=<pycaret.classification.oop.ClassificationExperiment object at 0x0000020E9445BD50>, estimator=ridge, fold=StratifiedKFold(n_splits=10, random_state=None, shuffle=False), round=4, cross_validation=True, predict=True, fit_kwargs={}, groups=None, refit=False, probability_threshold=None, experiment_custom_tags=None, verbose=False, system=False, add_to_model_list=True, metrics=None, display=<pycaret.internal.display.display.CommonDisplay object at 0x0000020E8130F490>, model_only=True, return_train_score=False, error_score=0.0, kwargs={})
2026-05-25 08:22:30,455:INFO:Checking exceptions
2026-05-25 08:22:30,455:INFO:Importing libraries
2026-05-25 08:22:30,456:INFO:Copying training dataset
2026-05-25 08:22:30,507:INFO:Defining folds
2026-05-25 08:22:30,507:INFO:Declaring metric variables
2026-05-25 08:22:30,508:INFO:Importing untrained model
2026-05-25 08:22:30,508:INFO:Ridge Classifier Imported successfully
2026-05-25 08:22:30,508:INFO:Starting cross validation
2026-05-25 08:22:30,509:INFO:Cross validating with StratifiedKFold(n_splits=10, random_state=None, shuffle=False), n_jobs=-1
2026-05-25 08:22:30,747:WARNING:c:\Users\HP\Documents\GitHub\ML-dating-app-behaviour\.venv\Lib\site-packages\sklearn\metrics\_classification.py:1509: UndefinedMetricWarning: Precision is ill-defined and being set to 0.0 due to no predicted samples. Use `zero_division` parameter to control this behavior.
  _warn_prf(average, modifier, f"{metric.capitalize()} is", len(result))

2026-05-25 08:22:30,809:WARNING:c:\Users\HP\Documents\GitHub\ML-dating-app-behaviour\.venv\Lib\site-packages\sklearn\metrics\_classification.py:1509: UndefinedMetricWarning: Precision is ill-defined and being set to 0.0 due to no predicted samples. Use `zero_division` parameter to control this behavior.
  _warn_prf(average, modifier, f"{metric.capitalize()} is", len(result))

2026-05-25 08:22:30,824:WARNING:c:\Users\HP\Documents\GitHub\ML-dating-app-behaviour\.venv\Lib\site-packages\sklearn\metrics\_classification.py:1509: UndefinedMetricWarning: Precision is ill-defined and being set to 0.0 due to no predicted samples. Use `zero_division` parameter to control this behavior.
  _warn_prf(average, modifier, f"{metric.capitalize()} is", len(result))

2026-05-25 08:22:30,868:WARNING:c:\Users\HP\Documents\GitHub\ML-dating-app-behaviour\.venv\Lib\site-packages\sklearn\metrics\_classification.py:1509: UndefinedMetricWarning: Precision is ill-defined and being set to 0.0 due to no predicted samples. Use `zero_division` parameter to control this behavior.
  _warn_prf(average, modifier, f"{metric.capitalize()} is", len(result))

2026-05-25 08:22:30,889:WARNING:c:\Users\HP\Documents\GitHub\ML-dating-app-behaviour\.venv\Lib\site-packages\sklearn\metrics\_classification.py:1509: UndefinedMetricWarning: Precision is ill-defined and being set to 0.0 due to no predicted samples. Use `zero_division` parameter to control this behavior.
  _warn_prf(average, modifier, f"{metric.capitalize()} is", len(result))

2026-05-25 08:22:30,907:WARNING:c:\Users\HP\Documents\GitHub\ML-dating-app-behaviour\.venv\Lib\site-packages\sklearn\metrics\_classification.py:1509: UndefinedMetricWarning: Precision is ill-defined and being set to 0.0 due to no predicted samples. Use `zero_division` parameter to control this behavior.
  _warn_prf(average, modifier, f"{metric.capitalize()} is", len(result))

2026-05-25 08:22:30,911:WARNING:c:\Users\HP\Documents\GitHub\ML-dating-app-behaviour\.venv\Lib\site-packages\sklearn\metrics\_classification.py:1509: UndefinedMetricWarning: Precision is ill-defined and being set to 0.0 due to no predicted samples. Use `zero_division` parameter to control this behavior.
  _warn_prf(average, modifier, f"{metric.capitalize()} is", len(result))

2026-05-25 08:22:30,922:WARNING:c:\Users\HP\Documents\GitHub\ML-dating-app-behaviour\.venv\Lib\site-packages\sklearn\metrics\_classification.py:1509: UndefinedMetricWarning: Precision is ill-defined and being set to 0.0 due to no predicted samples. Use `zero_division` parameter to control this behavior.
  _warn_prf(average, modifier, f"{metric.capitalize()} is", len(result))

2026-05-25 08:22:30,932:INFO:Calculating mean and std
2026-05-25 08:22:30,934:INFO:Creating metrics dataframe
2026-05-25 08:22:30,936:INFO:Uploading results into container
2026-05-25 08:22:30,937:INFO:Uploading model into container now
2026-05-25 08:22:30,938:INFO:_master_model_container: 6
2026-05-25 08:22:30,938:INFO:_display_container: 2
2026-05-25 08:22:30,938:INFO:RidgeClassifier(alpha=1.0, class_weight=None, copy_X=True, fit_intercept=True,
                max_iter=None, positive=False, random_state=123, solver='auto',
                tol=0.0001)
2026-05-25 08:22:30,938:INFO:create_model() successfully completed......................................
2026-05-25 08:22:31,061:INFO:SubProcess create_model() end ==================================
2026-05-25 08:22:31,061:INFO:Creating metrics dataframe
2026-05-25 08:22:31,064:INFO:Initializing Random Forest Classifier
2026-05-25 08:22:31,064:INFO:Total runtime is 0.15333958466847736 minutes
2026-05-25 08:22:31,064:INFO:SubProcess create_model() called ==================================
2026-05-25 08:22:31,064:INFO:Initializing create_model()
2026-05-25 08:22:31,064:INFO:create_model(self=<pycaret.classification.oop.ClassificationExperiment object at 0x0000020E9445BD50>, estimator=rf, fold=StratifiedKFold(n_splits=10, random_state=None, shuffle=False), round=4, cross_validation=True, predict=True, fit_kwargs={}, groups=None, refit=False, probability_threshold=None, experiment_custom_tags=None, verbose=False, system=False, add_to_model_list=True, metrics=None, display=<pycaret.internal.display.display.CommonDisplay object at 0x0000020E8130F490>, model_only=True, return_train_score=False, error_score=0.0, kwargs={})
2026-05-25 08:22:31,065:INFO:Checking exceptions
2026-05-25 08:22:31,065:INFO:Importing libraries
2026-05-25 08:22:31,065:INFO:Copying training dataset
2026-05-25 08:22:31,115:INFO:Defining folds
2026-05-25 08:22:31,115:INFO:Declaring metric variables
2026-05-25 08:22:31,116:INFO:Importing untrained model
2026-05-25 08:22:31,117:INFO:Random Forest Classifier Imported successfully
2026-05-25 08:22:31,117:INFO:Starting cross validation
2026-05-25 08:22:31,118:INFO:Cross validating with StratifiedKFold(n_splits=10, random_state=None, shuffle=False), n_jobs=-1
2026-05-25 08:22:40,066:INFO:Calculating mean and std
2026-05-25 08:22:40,068:INFO:Creating metrics dataframe
2026-05-25 08:22:40,071:INFO:Uploading results into container
2026-05-25 08:22:40,071:INFO:Uploading model into container now
2026-05-25 08:22:40,072:INFO:_master_model_container: 7
2026-05-25 08:22:40,072:INFO:_display_container: 2
2026-05-25 08:22:40,072:INFO:RandomForestClassifier(bootstrap=True, ccp_alpha=0.0, class_weight=None,
                       criterion='gini', max_depth=None, max_features='sqrt',
                       max_leaf_nodes=None, max_samples=None,
                       min_impurity_decrease=0.0, min_samples_leaf=1,
                       min_samples_split=2, min_weight_fraction_leaf=0.0,
                       monotonic_cst=None, n_estimators=100, n_jobs=-1,
                       oob_score=False, random_state=123, verbose=0,
                       warm_start=False)
2026-05-25 08:22:40,072:INFO:create_model() successfully completed......................................
2026-05-25 08:22:40,239:INFO:SubProcess create_model() end ==================================
2026-05-25 08:22:40,240:INFO:Creating metrics dataframe
2026-05-25 08:22:40,242:INFO:Initializing Quadratic Discriminant Analysis
2026-05-25 08:22:40,242:INFO:Total runtime is 0.30630614757537844 minutes
2026-05-25 08:22:40,242:INFO:SubProcess create_model() called ==================================
2026-05-25 08:22:40,242:INFO:Initializing create_model()
2026-05-25 08:22:40,242:INFO:create_model(self=<pycaret.classification.oop.ClassificationExperiment object at 0x0000020E9445BD50>, estimator=qda, fold=StratifiedKFold(n_splits=10, random_state=None, shuffle=False), round=4, cross_validation=True, predict=True, fit_kwargs={}, groups=None, refit=False, probability_threshold=None, experiment_custom_tags=None, verbose=False, system=False, add_to_model_list=True, metrics=None, display=<pycaret.internal.display.display.CommonDisplay object at 0x0000020E8130F490>, model_only=True, return_train_score=False, error_score=0.0, kwargs={})
2026-05-25 08:22:40,242:INFO:Checking exceptions
2026-05-25 08:22:40,242:INFO:Importing libraries
2026-05-25 08:22:40,242:INFO:Copying training dataset
2026-05-25 08:22:40,299:INFO:Defining folds
2026-05-25 08:22:40,299:INFO:Declaring metric variables
2026-05-25 08:22:40,299:INFO:Importing untrained model
2026-05-25 08:22:40,299:INFO:Quadratic Discriminant Analysis Imported successfully
2026-05-25 08:22:40,301:INFO:Starting cross validation
2026-05-25 08:22:40,301:INFO:Cross validating with StratifiedKFold(n_splits=10, random_state=None, shuffle=False), n_jobs=-1
2026-05-25 08:22:41,962:INFO:Calculating mean and std
2026-05-25 08:22:41,965:INFO:Creating metrics dataframe
2026-05-25 08:22:41,967:INFO:Uploading results into container
2026-05-25 08:22:41,968:INFO:Uploading model into container now
2026-05-25 08:22:41,969:INFO:_master_model_container: 8
2026-05-25 08:22:41,969:INFO:_display_container: 2
2026-05-25 08:22:41,969:INFO:QuadraticDiscriminantAnalysis(priors=None, reg_param=0.0,
                              store_covariance=False, tol=0.0001)
2026-05-25 08:22:41,969:INFO:create_model() successfully completed......................................
2026-05-25 08:22:42,100:INFO:SubProcess create_model() end ==================================
2026-05-25 08:22:42,100:INFO:Creating metrics dataframe
2026-05-25 08:22:42,103:INFO:Initializing Ada Boost Classifier
2026-05-25 08:22:42,103:INFO:Total runtime is 0.3373304645220439 minutes
2026-05-25 08:22:42,103:INFO:SubProcess create_model() called ==================================
2026-05-25 08:22:42,103:INFO:Initializing create_model()
2026-05-25 08:22:42,103:INFO:create_model(self=<pycaret.classification.oop.ClassificationExperiment object at 0x0000020E9445BD50>, estimator=ada, fold=StratifiedKFold(n_splits=10, random_state=None, shuffle=False), round=4, cross_validation=True, predict=True, fit_kwargs={}, groups=None, refit=False, probability_threshold=None, experiment_custom_tags=None, verbose=False, system=False, add_to_model_list=True, metrics=None, display=<pycaret.internal.display.display.CommonDisplay object at 0x0000020E8130F490>, model_only=True, return_train_score=False, error_score=0.0, kwargs={})
2026-05-25 08:22:42,103:INFO:Checking exceptions
2026-05-25 08:22:42,103:INFO:Importing libraries
2026-05-25 08:22:42,103:INFO:Copying training dataset
2026-05-25 08:22:42,156:INFO:Defining folds
2026-05-25 08:22:42,156:INFO:Declaring metric variables
2026-05-25 08:22:42,156:INFO:Importing untrained model
2026-05-25 08:22:42,157:INFO:Ada Boost Classifier Imported successfully
2026-05-25 08:22:42,157:INFO:Starting cross validation
2026-05-25 08:22:42,158:INFO:Cross validating with StratifiedKFold(n_splits=10, random_state=None, shuffle=False), n_jobs=-1
2026-05-25 08:22:42,309:WARNING:c:\Users\HP\Documents\GitHub\ML-dating-app-behaviour\.venv\Lib\site-packages\sklearn\ensemble\_weight_boosting.py:519: FutureWarning: The SAMME.R algorithm (the default) is deprecated and will be removed in 1.6. Use the SAMME algorithm to circumvent this warning.
  warnings.warn(

2026-05-25 08:22:42,328:WARNING:c:\Users\HP\Documents\GitHub\ML-dating-app-behaviour\.venv\Lib\site-packages\sklearn\ensemble\_weight_boosting.py:519: FutureWarning: The SAMME.R algorithm (the default) is deprecated and will be removed in 1.6. Use the SAMME algorithm to circumvent this warning.
  warnings.warn(

2026-05-25 08:22:42,361:WARNING:c:\Users\HP\Documents\GitHub\ML-dating-app-behaviour\.venv\Lib\site-packages\sklearn\ensemble\_weight_boosting.py:519: FutureWarning: The SAMME.R algorithm (the default) is deprecated and will be removed in 1.6. Use the SAMME algorithm to circumvent this warning.
  warnings.warn(

2026-05-25 08:22:42,379:WARNING:c:\Users\HP\Documents\GitHub\ML-dating-app-behaviour\.venv\Lib\site-packages\sklearn\ensemble\_weight_boosting.py:519: FutureWarning: The SAMME.R algorithm (the default) is deprecated and will be removed in 1.6. Use the SAMME algorithm to circumvent this warning.
  warnings.warn(

2026-05-25 08:22:42,395:WARNING:c:\Users\HP\Documents\GitHub\ML-dating-app-behaviour\.venv\Lib\site-packages\sklearn\ensemble\_weight_boosting.py:519: FutureWarning: The SAMME.R algorithm (the default) is deprecated and will be removed in 1.6. Use the SAMME algorithm to circumvent this warning.
  warnings.warn(

2026-05-25 08:22:42,422:WARNING:c:\Users\HP\Documents\GitHub\ML-dating-app-behaviour\.venv\Lib\site-packages\sklearn\ensemble\_weight_boosting.py:519: FutureWarning: The SAMME.R algorithm (the default) is deprecated and will be removed in 1.6. Use the SAMME algorithm to circumvent this warning.
  warnings.warn(

2026-05-25 08:22:42,440:WARNING:c:\Users\HP\Documents\GitHub\ML-dating-app-behaviour\.venv\Lib\site-packages\sklearn\ensemble\_weight_boosting.py:519: FutureWarning: The SAMME.R algorithm (the default) is deprecated and will be removed in 1.6. Use the SAMME algorithm to circumvent this warning.
  warnings.warn(

2026-05-25 08:22:42,458:WARNING:c:\Users\HP\Documents\GitHub\ML-dating-app-behaviour\.venv\Lib\site-packages\sklearn\ensemble\_weight_boosting.py:519: FutureWarning: The SAMME.R algorithm (the default) is deprecated and will be removed in 1.6. Use the SAMME algorithm to circumvent this warning.
  warnings.warn(

2026-05-25 08:22:42,481:WARNING:c:\Users\HP\Documents\GitHub\ML-dating-app-behaviour\.venv\Lib\site-packages\sklearn\ensemble\_weight_boosting.py:519: FutureWarning: The SAMME.R algorithm (the default) is deprecated and will be removed in 1.6. Use the SAMME algorithm to circumvent this warning.
  warnings.warn(

2026-05-25 08:22:42,491:WARNING:c:\Users\HP\Documents\GitHub\ML-dating-app-behaviour\.venv\Lib\site-packages\sklearn\ensemble\_weight_boosting.py:519: FutureWarning: The SAMME.R algorithm (the default) is deprecated and will be removed in 1.6. Use the SAMME algorithm to circumvent this warning.
  warnings.warn(

2026-05-25 08:22:44,869:INFO:Calculating mean and std
2026-05-25 08:22:44,870:INFO:Creating metrics dataframe
2026-05-25 08:22:44,873:INFO:Uploading results into container
2026-05-25 08:22:44,874:INFO:Uploading model into container now
2026-05-25 08:22:44,874:INFO:_master_model_container: 9
2026-05-25 08:22:44,874:INFO:_display_container: 2
2026-05-25 08:22:44,874:INFO:AdaBoostClassifier(algorithm='SAMME.R', estimator=None, learning_rate=1.0,
                   n_estimators=50, random_state=123)
2026-05-25 08:22:44,874:INFO:create_model() successfully completed......................................
2026-05-25 08:22:44,996:INFO:SubProcess create_model() end ==================================
2026-05-25 08:22:44,996:INFO:Creating metrics dataframe
2026-05-25 08:22:44,999:INFO:Initializing Gradient Boosting Classifier
2026-05-25 08:22:44,999:INFO:Total runtime is 0.38558878103892014 minutes
2026-05-25 08:22:44,999:INFO:SubProcess create_model() called ==================================
2026-05-25 08:22:44,999:INFO:Initializing create_model()
2026-05-25 08:22:44,999:INFO:create_model(self=<pycaret.classification.oop.ClassificationExperiment object at 0x0000020E9445BD50>, estimator=gbc, fold=StratifiedKFold(n_splits=10, random_state=None, shuffle=False), round=4, cross_validation=True, predict=True, fit_kwargs={}, groups=None, refit=False, probability_threshold=None, experiment_custom_tags=None, verbose=False, system=False, add_to_model_list=True, metrics=None, display=<pycaret.internal.display.display.CommonDisplay object at 0x0000020E8130F490>, model_only=True, return_train_score=False, error_score=0.0, kwargs={})
2026-05-25 08:22:44,999:INFO:Checking exceptions
2026-05-25 08:22:44,999:INFO:Importing libraries
2026-05-25 08:22:44,999:INFO:Copying training dataset
2026-05-25 08:22:45,050:INFO:Defining folds
2026-05-25 08:22:45,051:INFO:Declaring metric variables
2026-05-25 08:22:45,051:INFO:Importing untrained model
2026-05-25 08:22:45,053:INFO:Gradient Boosting Classifier Imported successfully
2026-05-25 08:22:45,054:INFO:Starting cross validation
2026-05-25 08:22:45,055:INFO:Cross validating with StratifiedKFold(n_splits=10, random_state=None, shuffle=False), n_jobs=-1
2026-05-25 08:22:53,483:INFO:Calculating mean and std
2026-05-25 08:22:53,485:INFO:Creating metrics dataframe
2026-05-25 08:22:53,486:INFO:Uploading results into container
2026-05-25 08:22:53,488:INFO:Uploading model into container now
2026-05-25 08:22:53,488:INFO:_master_model_container: 10
2026-05-25 08:22:53,488:INFO:_display_container: 2
2026-05-25 08:22:53,488:INFO:GradientBoostingClassifier(ccp_alpha=0.0, criterion='friedman_mse', init=None,
                           learning_rate=0.1, loss='log_loss', max_depth=3,
                           max_features=None, max_leaf_nodes=None,
                           min_impurity_decrease=0.0, min_samples_leaf=1,
                           min_samples_split=2, min_weight_fraction_leaf=0.0,
                           n_estimators=100, n_iter_no_change=None,
                           random_state=123, subsample=1.0, tol=0.0001,
                           validation_fraction=0.1, verbose=0,
                           warm_start=False)
2026-05-25 08:22:53,488:INFO:create_model() successfully completed......................................
2026-05-25 08:22:53,616:INFO:SubProcess create_model() end ==================================
2026-05-25 08:22:53,616:INFO:Creating metrics dataframe
2026-05-25 08:22:53,619:INFO:Initializing Linear Discriminant Analysis
2026-05-25 08:22:53,619:INFO:Total runtime is 0.5292648394902548 minutes
2026-05-25 08:22:53,619:INFO:SubProcess create_model() called ==================================
2026-05-25 08:22:53,620:INFO:Initializing create_model()
2026-05-25 08:22:53,620:INFO:create_model(self=<pycaret.classification.oop.ClassificationExperiment object at 0x0000020E9445BD50>, estimator=lda, fold=StratifiedKFold(n_splits=10, random_state=None, shuffle=False), round=4, cross_validation=True, predict=True, fit_kwargs={}, groups=None, refit=False, probability_threshold=None, experiment_custom_tags=None, verbose=False, system=False, add_to_model_list=True, metrics=None, display=<pycaret.internal.display.display.CommonDisplay object at 0x0000020E8130F490>, model_only=True, return_train_score=False, error_score=0.0, kwargs={})
2026-05-25 08:22:53,620:INFO:Checking exceptions
2026-05-25 08:22:53,620:INFO:Importing libraries
2026-05-25 08:22:53,620:INFO:Copying training dataset
2026-05-25 08:22:53,678:INFO:Defining folds
2026-05-25 08:22:53,678:INFO:Declaring metric variables
2026-05-25 08:22:53,679:INFO:Importing untrained model
2026-05-25 08:22:53,679:INFO:Linear Discriminant Analysis Imported successfully
2026-05-25 08:22:53,679:INFO:Starting cross validation
2026-05-25 08:22:53,680:INFO:Cross validating with StratifiedKFold(n_splits=10, random_state=None, shuffle=False), n_jobs=-1
2026-05-25 08:22:54,583:WARNING:c:\Users\HP\Documents\GitHub\ML-dating-app-behaviour\.venv\Lib\site-packages\sklearn\metrics\_classification.py:1509: UndefinedMetricWarning: Precision is ill-defined and being set to 0.0 due to no predicted samples. Use `zero_division` parameter to control this behavior.
  _warn_prf(average, modifier, f"{metric.capitalize()} is", len(result))

2026-05-25 08:22:54,628:WARNING:c:\Users\HP\Documents\GitHub\ML-dating-app-behaviour\.venv\Lib\site-packages\sklearn\metrics\_classification.py:1509: UndefinedMetricWarning: Precision is ill-defined and being set to 0.0 due to no predicted samples. Use `zero_division` parameter to control this behavior.
  _warn_prf(average, modifier, f"{metric.capitalize()} is", len(result))

2026-05-25 08:22:54,672:WARNING:c:\Users\HP\Documents\GitHub\ML-dating-app-behaviour\.venv\Lib\site-packages\sklearn\metrics\_classification.py:1509: UndefinedMetricWarning: Precision is ill-defined and being set to 0.0 due to no predicted samples. Use `zero_division` parameter to control this behavior.
  _warn_prf(average, modifier, f"{metric.capitalize()} is", len(result))

2026-05-25 08:22:54,695:WARNING:c:\Users\HP\Documents\GitHub\ML-dating-app-behaviour\.venv\Lib\site-packages\sklearn\metrics\_classification.py:1509: UndefinedMetricWarning: Precision is ill-defined and being set to 0.0 due to no predicted samples. Use `zero_division` parameter to control this behavior.
  _warn_prf(average, modifier, f"{metric.capitalize()} is", len(result))

2026-05-25 08:22:54,701:WARNING:c:\Users\HP\Documents\GitHub\ML-dating-app-behaviour\.venv\Lib\site-packages\sklearn\metrics\_classification.py:1509: UndefinedMetricWarning: Precision is ill-defined and being set to 0.0 due to no predicted samples. Use `zero_division` parameter to control this behavior.
  _warn_prf(average, modifier, f"{metric.capitalize()} is", len(result))

2026-05-25 08:22:54,732:WARNING:c:\Users\HP\Documents\GitHub\ML-dating-app-behaviour\.venv\Lib\site-packages\sklearn\metrics\_classification.py:1509: UndefinedMetricWarning: Precision is ill-defined and being set to 0.0 due to no predicted samples. Use `zero_division` parameter to control this behavior.
  _warn_prf(average, modifier, f"{metric.capitalize()} is", len(result))

2026-05-25 08:22:54,747:INFO:Calculating mean and std
2026-05-25 08:22:54,749:INFO:Creating metrics dataframe
2026-05-25 08:22:54,753:INFO:Uploading results into container
2026-05-25 08:22:54,754:INFO:Uploading model into container now
2026-05-25 08:22:54,754:INFO:_master_model_container: 11
2026-05-25 08:22:54,754:INFO:_display_container: 2
2026-05-25 08:22:54,755:INFO:LinearDiscriminantAnalysis(covariance_estimator=None, n_components=None,
                           priors=None, shrinkage=None, solver='svd',
                           store_covariance=False, tol=0.0001)
2026-05-25 08:22:54,755:INFO:create_model() successfully completed......................................
2026-05-25 08:22:54,917:INFO:SubProcess create_model() end ==================================
2026-05-25 08:22:54,917:INFO:Creating metrics dataframe
2026-05-25 08:22:54,919:INFO:Initializing Extra Trees Classifier
2026-05-25 08:22:54,919:INFO:Total runtime is 0.5509366710980734 minutes
2026-05-25 08:22:54,919:INFO:SubProcess create_model() called ==================================
2026-05-25 08:22:54,920:INFO:Initializing create_model()
2026-05-25 08:22:54,920:INFO:create_model(self=<pycaret.classification.oop.ClassificationExperiment object at 0x0000020E9445BD50>, estimator=et, fold=StratifiedKFold(n_splits=10, random_state=None, shuffle=False), round=4, cross_validation=True, predict=True, fit_kwargs={}, groups=None, refit=False, probability_threshold=None, experiment_custom_tags=None, verbose=False, system=False, add_to_model_list=True, metrics=None, display=<pycaret.internal.display.display.CommonDisplay object at 0x0000020E8130F490>, model_only=True, return_train_score=False, error_score=0.0, kwargs={})
2026-05-25 08:22:54,920:INFO:Checking exceptions
2026-05-25 08:22:54,921:INFO:Importing libraries
2026-05-25 08:22:54,921:INFO:Copying training dataset
2026-05-25 08:22:54,971:INFO:Defining folds
2026-05-25 08:22:54,971:INFO:Declaring metric variables
2026-05-25 08:22:54,971:INFO:Importing untrained model
2026-05-25 08:22:54,971:INFO:Extra Trees Classifier Imported successfully
2026-05-25 08:22:54,971:INFO:Starting cross validation
2026-05-25 08:22:54,973:INFO:Cross validating with StratifiedKFold(n_splits=10, random_state=None, shuffle=False), n_jobs=-1
2026-05-25 08:23:08,000:INFO:Calculating mean and std
2026-05-25 08:23:08,002:INFO:Creating metrics dataframe
2026-05-25 08:23:08,004:INFO:Uploading results into container
2026-05-25 08:23:08,005:INFO:Uploading model into container now
2026-05-25 08:23:08,006:INFO:_master_model_container: 12
2026-05-25 08:23:08,006:INFO:_display_container: 2
2026-05-25 08:23:08,006:INFO:ExtraTreesClassifier(bootstrap=False, ccp_alpha=0.0, class_weight=None,
                     criterion='gini', max_depth=None, max_features='sqrt',
                     max_leaf_nodes=None, max_samples=None,
                     min_impurity_decrease=0.0, min_samples_leaf=1,
                     min_samples_split=2, min_weight_fraction_leaf=0.0,
                     monotonic_cst=None, n_estimators=100, n_jobs=-1,
                     oob_score=False, random_state=123, verbose=0,
                     warm_start=False)
2026-05-25 08:23:08,006:INFO:create_model() successfully completed......................................
2026-05-25 08:23:08,206:INFO:SubProcess create_model() end ==================================
2026-05-25 08:23:08,207:INFO:Creating metrics dataframe
2026-05-25 08:23:08,212:INFO:Initializing Extreme Gradient Boosting
2026-05-25 08:23:08,212:INFO:Total runtime is 0.7724754373232525 minutes
2026-05-25 08:23:08,212:INFO:SubProcess create_model() called ==================================
2026-05-25 08:23:08,213:INFO:Initializing create_model()
2026-05-25 08:23:08,213:INFO:create_model(self=<pycaret.classification.oop.ClassificationExperiment object at 0x0000020E9445BD50>, estimator=xgboost, fold=StratifiedKFold(n_splits=10, random_state=None, shuffle=False), round=4, cross_validation=True, predict=True, fit_kwargs={}, groups=None, refit=False, probability_threshold=None, experiment_custom_tags=None, verbose=False, system=False, add_to_model_list=True, metrics=None, display=<pycaret.internal.display.display.CommonDisplay object at 0x0000020E8130F490>, model_only=True, return_train_score=False, error_score=0.0, kwargs={})
2026-05-25 08:23:08,213:INFO:Checking exceptions
2026-05-25 08:23:08,213:INFO:Importing libraries
2026-05-25 08:23:08,213:INFO:Copying training dataset
2026-05-25 08:23:08,281:INFO:Defining folds
2026-05-25 08:23:08,281:INFO:Declaring metric variables
2026-05-25 08:23:08,281:INFO:Importing untrained model
2026-05-25 08:23:08,282:INFO:Extreme Gradient Boosting Imported successfully
2026-05-25 08:23:08,283:INFO:Starting cross validation
2026-05-25 08:23:08,284:INFO:Cross validating with StratifiedKFold(n_splits=10, random_state=None, shuffle=False), n_jobs=-1
2026-05-25 08:23:18,004:INFO:Calculating mean and std
2026-05-25 08:23:18,007:INFO:Creating metrics dataframe
2026-05-25 08:23:18,010:INFO:Uploading results into container
2026-05-25 08:23:18,010:INFO:Uploading model into container now
2026-05-25 08:23:18,011:INFO:_master_model_container: 13
2026-05-25 08:23:18,011:INFO:_display_container: 2
2026-05-25 08:23:18,012:INFO:XGBClassifier(base_score=None, booster='gbtree', callbacks=None,
              colsample_bylevel=None, colsample_bynode=None,
              colsample_bytree=None, device='cpu', early_stopping_rounds=None,
              enable_categorical=False, eval_metric=None, feature_types=None,
              feature_weights=None, gamma=None, grow_policy=None,
              importance_type=None, interaction_constraints=None,
              learning_rate=None, max_bin=None, max_cat_threshold=None,
              max_cat_to_onehot=None, max_delta_step=None, max_depth=None,
              max_leaves=None, min_child_weight=None, missing=nan,
              monotone_constraints=None, multi_strategy=None, n_estimators=None,
              n_jobs=-1, num_parallel_tree=None, ...)
2026-05-25 08:23:18,012:INFO:create_model() successfully completed......................................
2026-05-25 08:23:18,186:INFO:SubProcess create_model() end ==================================
2026-05-25 08:23:18,186:INFO:Creating metrics dataframe
2026-05-25 08:23:18,189:INFO:Initializing Light Gradient Boosting Machine
2026-05-25 08:23:18,189:INFO:Total runtime is 0.938762414455414 minutes
2026-05-25 08:23:18,189:INFO:SubProcess create_model() called ==================================
2026-05-25 08:23:18,189:INFO:Initializing create_model()
2026-05-25 08:23:18,189:INFO:create_model(self=<pycaret.classification.oop.ClassificationExperiment object at 0x0000020E9445BD50>, estimator=lightgbm, fold=StratifiedKFold(n_splits=10, random_state=None, shuffle=False), round=4, cross_validation=True, predict=True, fit_kwargs={}, groups=None, refit=False, probability_threshold=None, experiment_custom_tags=None, verbose=False, system=False, add_to_model_list=True, metrics=None, display=<pycaret.internal.display.display.CommonDisplay object at 0x0000020E8130F490>, model_only=True, return_train_score=False, error_score=0.0, kwargs={})
2026-05-25 08:23:18,189:INFO:Checking exceptions
2026-05-25 08:23:18,189:INFO:Importing libraries
2026-05-25 08:23:18,191:INFO:Copying training dataset
2026-05-25 08:23:18,251:INFO:Defining folds
2026-05-25 08:23:18,252:INFO:Declaring metric variables
2026-05-25 08:23:18,252:INFO:Importing untrained model
2026-05-25 08:23:18,252:INFO:Light Gradient Boosting Machine Imported successfully
2026-05-25 08:23:18,253:INFO:Starting cross validation
2026-05-25 08:23:18,254:INFO:Cross validating with StratifiedKFold(n_splits=10, random_state=None, shuffle=False), n_jobs=-1
2026-05-25 08:23:20,602:INFO:Calculating mean and std
2026-05-25 08:23:20,605:INFO:Creating metrics dataframe
2026-05-25 08:23:20,607:INFO:Uploading results into container
2026-05-25 08:23:20,609:INFO:Uploading model into container now
2026-05-25 08:23:20,610:INFO:_master_model_container: 14
2026-05-25 08:23:20,610:INFO:_display_container: 2
2026-05-25 08:23:20,611:INFO:LGBMClassifier(boosting_type='gbdt', class_weight=None, colsample_bytree=1.0,
               importance_type='split', learning_rate=0.1, max_depth=-1,
               min_child_samples=20, min_child_weight=0.001, min_split_gain=0.0,
               n_estimators=100, n_jobs=-1, num_leaves=31, objective=None,
               random_state=123, reg_alpha=0.0, reg_lambda=0.0, subsample=1.0,
               subsample_for_bin=200000, subsample_freq=0)
2026-05-25 08:23:20,611:INFO:create_model() successfully completed......................................
2026-05-25 08:23:20,828:INFO:SubProcess create_model() end ==================================
2026-05-25 08:23:20,828:INFO:Creating metrics dataframe
2026-05-25 08:23:20,831:INFO:Initializing Dummy Classifier
2026-05-25 08:23:20,831:INFO:Total runtime is 0.9827970186869305 minutes
2026-05-25 08:23:20,831:INFO:SubProcess create_model() called ==================================
2026-05-25 08:23:20,831:INFO:Initializing create_model()
2026-05-25 08:23:20,831:INFO:create_model(self=<pycaret.classification.oop.ClassificationExperiment object at 0x0000020E9445BD50>, estimator=dummy, fold=StratifiedKFold(n_splits=10, random_state=None, shuffle=False), round=4, cross_validation=True, predict=True, fit_kwargs={}, groups=None, refit=False, probability_threshold=None, experiment_custom_tags=None, verbose=False, system=False, add_to_model_list=True, metrics=None, display=<pycaret.internal.display.display.CommonDisplay object at 0x0000020E8130F490>, model_only=True, return_train_score=False, error_score=0.0, kwargs={})
2026-05-25 08:23:20,831:INFO:Checking exceptions
2026-05-25 08:23:20,831:INFO:Importing libraries
2026-05-25 08:23:20,831:INFO:Copying training dataset
2026-05-25 08:23:20,885:INFO:Defining folds
2026-05-25 08:23:20,886:INFO:Declaring metric variables
2026-05-25 08:23:20,886:INFO:Importing untrained model
2026-05-25 08:23:20,886:INFO:Dummy Classifier Imported successfully
2026-05-25 08:23:20,887:INFO:Starting cross validation
2026-05-25 08:23:20,887:INFO:Cross validating with StratifiedKFold(n_splits=10, random_state=None, shuffle=False), n_jobs=-1
2026-05-25 08:23:21,063:WARNING:c:\Users\HP\Documents\GitHub\ML-dating-app-behaviour\.venv\Lib\site-packages\sklearn\metrics\_classification.py:1509: UndefinedMetricWarning: Precision is ill-defined and being set to 0.0 due to no predicted samples. Use `zero_division` parameter to control this behavior.
  _warn_prf(average, modifier, f"{metric.capitalize()} is", len(result))

2026-05-25 08:23:21,101:WARNING:c:\Users\HP\Documents\GitHub\ML-dating-app-behaviour\.venv\Lib\site-packages\sklearn\metrics\_classification.py:1509: UndefinedMetricWarning: Precision is ill-defined and being set to 0.0 due to no predicted samples. Use `zero_division` parameter to control this behavior.
  _warn_prf(average, modifier, f"{metric.capitalize()} is", len(result))

2026-05-25 08:23:21,133:WARNING:c:\Users\HP\Documents\GitHub\ML-dating-app-behaviour\.venv\Lib\site-packages\sklearn\metrics\_classification.py:1509: UndefinedMetricWarning: Precision is ill-defined and being set to 0.0 due to no predicted samples. Use `zero_division` parameter to control this behavior.
  _warn_prf(average, modifier, f"{metric.capitalize()} is", len(result))

2026-05-25 08:23:21,139:WARNING:c:\Users\HP\Documents\GitHub\ML-dating-app-behaviour\.venv\Lib\site-packages\sklearn\metrics\_classification.py:1509: UndefinedMetricWarning: Precision is ill-defined and being set to 0.0 due to no predicted samples. Use `zero_division` parameter to control this behavior.
  _warn_prf(average, modifier, f"{metric.capitalize()} is", len(result))

2026-05-25 08:23:21,161:WARNING:c:\Users\HP\Documents\GitHub\ML-dating-app-behaviour\.venv\Lib\site-packages\sklearn\metrics\_classification.py:1509: UndefinedMetricWarning: Precision is ill-defined and being set to 0.0 due to no predicted samples. Use `zero_division` parameter to control this behavior.
  _warn_prf(average, modifier, f"{metric.capitalize()} is", len(result))

2026-05-25 08:23:21,187:WARNING:c:\Users\HP\Documents\GitHub\ML-dating-app-behaviour\.venv\Lib\site-packages\sklearn\metrics\_classification.py:1509: UndefinedMetricWarning: Precision is ill-defined and being set to 0.0 due to no predicted samples. Use `zero_division` parameter to control this behavior.
  _warn_prf(average, modifier, f"{metric.capitalize()} is", len(result))

2026-05-25 08:23:21,208:WARNING:c:\Users\HP\Documents\GitHub\ML-dating-app-behaviour\.venv\Lib\site-packages\sklearn\metrics\_classification.py:1509: UndefinedMetricWarning: Precision is ill-defined and being set to 0.0 due to no predicted samples. Use `zero_division` parameter to control this behavior.
  _warn_prf(average, modifier, f"{metric.capitalize()} is", len(result))

2026-05-25 08:23:21,225:WARNING:c:\Users\HP\Documents\GitHub\ML-dating-app-behaviour\.venv\Lib\site-packages\sklearn\metrics\_classification.py:1509: UndefinedMetricWarning: Precision is ill-defined and being set to 0.0 due to no predicted samples. Use `zero_division` parameter to control this behavior.
  _warn_prf(average, modifier, f"{metric.capitalize()} is", len(result))

2026-05-25 08:23:21,241:WARNING:c:\Users\HP\Documents\GitHub\ML-dating-app-behaviour\.venv\Lib\site-packages\sklearn\metrics\_classification.py:1509: UndefinedMetricWarning: Precision is ill-defined and being set to 0.0 due to no predicted samples. Use `zero_division` parameter to control this behavior.
  _warn_prf(average, modifier, f"{metric.capitalize()} is", len(result))

2026-05-25 08:23:21,254:WARNING:c:\Users\HP\Documents\GitHub\ML-dating-app-behaviour\.venv\Lib\site-packages\sklearn\metrics\_classification.py:1509: UndefinedMetricWarning: Precision is ill-defined and being set to 0.0 due to no predicted samples. Use `zero_division` parameter to control this behavior.
  _warn_prf(average, modifier, f"{metric.capitalize()} is", len(result))

2026-05-25 08:23:21,270:INFO:Calculating mean and std
2026-05-25 08:23:21,272:INFO:Creating metrics dataframe
2026-05-25 08:23:21,274:INFO:Uploading results into container
2026-05-25 08:23:21,276:INFO:Uploading model into container now
2026-05-25 08:23:21,276:INFO:_master_model_container: 15
2026-05-25 08:23:21,276:INFO:_display_container: 2
2026-05-25 08:23:21,276:INFO:DummyClassifier(constant=None, random_state=123, strategy='prior')
2026-05-25 08:23:21,276:INFO:create_model() successfully completed......................................
2026-05-25 08:23:21,436:INFO:SubProcess create_model() end ==================================
2026-05-25 08:23:21,436:INFO:Creating metrics dataframe
2026-05-25 08:23:21,443:INFO:Initializing create_model()
2026-05-25 08:23:21,444:INFO:create_model(self=<pycaret.classification.oop.ClassificationExperiment object at 0x0000020E9445BD50>, estimator=SGDClassifier(alpha=0.0001, average=False, class_weight=None,
              early_stopping=False, epsilon=0.1, eta0=0.001, fit_intercept=True,
              l1_ratio=0.15, learning_rate='optimal', loss='hinge',
              max_iter=1000, n_iter_no_change=5, n_jobs=-1, penalty='l2',
              power_t=0.5, random_state=123, shuffle=True, tol=0.001,
              validation_fraction=0.1, verbose=0, warm_start=False), fold=StratifiedKFold(n_splits=10, random_state=None, shuffle=False), round=4, cross_validation=False, predict=False, fit_kwargs={}, groups=None, refit=True, probability_threshold=None, experiment_custom_tags=None, verbose=False, system=False, add_to_model_list=True, metrics=None, display=None, model_only=True, return_train_score=False, error_score=0.0, kwargs={})
2026-05-25 08:23:21,444:INFO:Checking exceptions
2026-05-25 08:23:21,444:INFO:Importing libraries
2026-05-25 08:23:21,444:INFO:Copying training dataset
2026-05-25 08:23:21,513:INFO:Defining folds
2026-05-25 08:23:21,513:INFO:Declaring metric variables
2026-05-25 08:23:21,513:INFO:Importing untrained model
2026-05-25 08:23:21,513:INFO:Declaring custom model
2026-05-25 08:23:21,513:INFO:SVM - Linear Kernel Imported successfully
2026-05-25 08:23:21,515:INFO:Cross validation set to False
2026-05-25 08:23:21,515:INFO:Fitting Model
2026-05-25 08:23:22,067:INFO:SGDClassifier(alpha=0.0001, average=False, class_weight=None,
              early_stopping=False, epsilon=0.1, eta0=0.001, fit_intercept=True,
              l1_ratio=0.15, learning_rate='optimal', loss='hinge',
              max_iter=1000, n_iter_no_change=5, n_jobs=-1, penalty='l2',
              power_t=0.5, random_state=123, shuffle=True, tol=0.001,
              validation_fraction=0.1, verbose=0, warm_start=False)
2026-05-25 08:23:22,068:INFO:create_model() successfully completed......................................
2026-05-25 08:23:22,227:INFO:_master_model_container: 15
2026-05-25 08:23:22,227:INFO:_display_container: 2
2026-05-25 08:23:22,228:INFO:SGDClassifier(alpha=0.0001, average=False, class_weight=None,
              early_stopping=False, epsilon=0.1, eta0=0.001, fit_intercept=True,
              l1_ratio=0.15, learning_rate='optimal', loss='hinge',
              max_iter=1000, n_iter_no_change=5, n_jobs=-1, penalty='l2',
              power_t=0.5, random_state=123, shuffle=True, tol=0.001,
              validation_fraction=0.1, verbose=0, warm_start=False)
2026-05-25 08:23:22,228:INFO:compare_models() successfully completed......................................
2026-05-25 09:40:57,894:WARNING:
'cuml' is a soft dependency and not included in the pycaret installation. Please run: `pip install cuml` to install.
2026-05-25 09:40:57,894:WARNING:
'cuml' is a soft dependency and not included in the pycaret installation. Please run: `pip install cuml` to install.
2026-05-25 09:40:57,894:WARNING:
'cuml' is a soft dependency and not included in the pycaret installation. Please run: `pip install cuml` to install.
2026-05-25 09:40:57,894:WARNING:
'cuml' is a soft dependency and not included in the pycaret installation. Please run: `pip install cuml` to install.
2026-05-25 09:40:58,919:INFO:PyCaret ClassificationExperiment
2026-05-25 09:40:58,920:INFO:Logging name: clf-default-name
2026-05-25 09:40:58,920:INFO:ML Usecase: MLUsecase.CLASSIFICATION
2026-05-25 09:40:58,920:INFO:version 3.3.2
2026-05-25 09:40:58,920:INFO:Initializing setup()
2026-05-25 09:40:58,920:INFO:self.USI: 3ef6
2026-05-25 09:40:58,920:INFO:self._variable_keys: {'fold_groups_param', 'exp_name_log', 'y', '_ml_usecase', 'gpu_param', 'memory', 'data', 'y_train', 'X', 'logging_param', '_available_plots', 'fold_shuffle_param', 'is_multiclass', 'X_test', 'fix_imbalance', 'idx', 'html_param', 'exp_id', 'n_jobs_param', 'target_param', 'pipeline', 'gpu_n_jobs_param', 'USI', 'X_train', 'y_test', 'seed', 'log_plots_param', 'fold_generator'}
2026-05-25 09:40:58,920:INFO:Checking environment
2026-05-25 09:40:58,920:INFO:python_version: 3.11.9
2026-05-25 09:40:58,920:INFO:python_build: ('tags/v3.11.9:de54cf5', 'Apr  2 2024 10:12:12')
2026-05-25 09:40:58,920:INFO:machine: AMD64
2026-05-25 09:40:58,920:INFO:platform: Windows-10-10.0.26200-SP0
2026-05-25 09:40:58,920:INFO:Memory: svmem(total=25087217664, available=10928623616, percent=56.4, used=14158594048, free=10928623616)
2026-05-25 09:40:58,920:INFO:Physical Core: 6
2026-05-25 09:40:58,920:INFO:Logical Core: 12
2026-05-25 09:40:58,920:INFO:Checking libraries
2026-05-25 09:40:58,920:INFO:System:
2026-05-25 09:40:58,920:INFO:    python: 3.11.9 (tags/v3.11.9:de54cf5, Apr  2 2024, 10:12:12) [MSC v.1938 64 bit (AMD64)]
2026-05-25 09:40:58,920:INFO:executable: c:\Users\HP\Documents\GitHub\ML-dating-app-behaviour\.venv\Scripts\python.exe
2026-05-25 09:40:58,920:INFO:   machine: Windows-10-10.0.26200-SP0
2026-05-25 09:40:58,920:INFO:PyCaret required dependencies:
2026-05-25 09:40:58,925:INFO:                 pip: 26.1.1
2026-05-25 09:40:58,925:INFO:          setuptools: 65.5.0
2026-05-25 09:40:58,925:INFO:             pycaret: 3.3.2
2026-05-25 09:40:58,925:INFO:             IPython: 9.13.0
2026-05-25 09:40:58,925:INFO:          ipywidgets: 8.1.8
2026-05-25 09:40:58,925:INFO:                tqdm: 4.67.3
2026-05-25 09:40:58,925:INFO:               numpy: 1.26.4
2026-05-25 09:40:58,925:INFO:              pandas: 2.1.4
2026-05-25 09:40:58,925:INFO:              jinja2: 3.1.6
2026-05-25 09:40:58,925:INFO:               scipy: 1.11.4
2026-05-25 09:40:58,925:INFO:              joblib: 1.3.2
2026-05-25 09:40:58,925:INFO:             sklearn: 1.4.2
2026-05-25 09:40:58,925:INFO:                pyod: 3.4.0
2026-05-25 09:40:58,925:INFO:            imblearn: 0.14.1
2026-05-25 09:40:58,926:INFO:   category_encoders: 2.7.0
2026-05-25 09:40:58,926:INFO:            lightgbm: 4.6.0
2026-05-25 09:40:58,926:INFO:               numba: 0.65.1
2026-05-25 09:40:58,926:INFO:            requests: 2.34.2
2026-05-25 09:40:58,926:INFO:          matplotlib: 3.7.5
2026-05-25 09:40:58,926:INFO:          scikitplot: 0.3.7
2026-05-25 09:40:58,926:INFO:         yellowbrick: 1.5
2026-05-25 09:40:58,926:INFO:              plotly: 6.7.0
2026-05-25 09:40:58,926:INFO:    plotly-resampler: Not installed
2026-05-25 09:40:58,926:INFO:             kaleido: 1.3.0
2026-05-25 09:40:58,926:INFO:           schemdraw: 0.15
2026-05-25 09:40:58,926:INFO:         statsmodels: 0.14.6
2026-05-25 09:40:58,926:INFO:              sktime: 0.26.0
2026-05-25 09:40:58,926:INFO:               tbats: 1.1.3
2026-05-25 09:40:58,926:INFO:            pmdarima: 2.0.4
2026-05-25 09:40:58,926:INFO:              psutil: 7.2.2
2026-05-25 09:40:58,926:INFO:          markupsafe: 3.0.3
2026-05-25 09:40:58,926:INFO:             pickle5: Not installed
2026-05-25 09:40:58,926:INFO:         cloudpickle: 3.1.2
2026-05-25 09:40:58,926:INFO:         deprecation: 2.1.0
2026-05-25 09:40:58,926:INFO:              xxhash: 3.7.0
2026-05-25 09:40:58,926:INFO:           wurlitzer: Not installed
2026-05-25 09:40:58,926:INFO:PyCaret optional dependencies:
2026-05-25 09:40:58,933:INFO:                shap: 0.49.1
2026-05-25 09:40:58,933:INFO:           interpret: Not installed
2026-05-25 09:40:58,933:INFO:                umap: Not installed
2026-05-25 09:40:58,933:INFO:     ydata_profiling: Not installed
2026-05-25 09:40:58,933:INFO:  explainerdashboard: Not installed
2026-05-25 09:40:58,933:INFO:             autoviz: Not installed
2026-05-25 09:40:58,933:INFO:           fairlearn: Not installed
2026-05-25 09:40:58,933:INFO:          deepchecks: Not installed
2026-05-25 09:40:58,933:INFO:             xgboost: 3.2.0
2026-05-25 09:40:58,933:INFO:            catboost: Not installed
2026-05-25 09:40:58,933:INFO:              kmodes: Not installed
2026-05-25 09:40:58,933:INFO:             mlxtend: Not installed
2026-05-25 09:40:58,933:INFO:       statsforecast: Not installed
2026-05-25 09:40:58,933:INFO:        tune_sklearn: Not installed
2026-05-25 09:40:58,933:INFO:                 ray: Not installed
2026-05-25 09:40:58,933:INFO:            hyperopt: Not installed
2026-05-25 09:40:58,933:INFO:              optuna: Not installed
2026-05-25 09:40:58,933:INFO:               skopt: Not installed
2026-05-25 09:40:58,933:INFO:              mlflow: Not installed
2026-05-25 09:40:58,933:INFO:              gradio: Not installed
2026-05-25 09:40:58,933:INFO:             fastapi: Not installed
2026-05-25 09:40:58,933:INFO:             uvicorn: Not installed
2026-05-25 09:40:58,933:INFO:              m2cgen: Not installed
2026-05-25 09:40:58,933:INFO:           evidently: Not installed
2026-05-25 09:40:58,933:INFO:               fugue: Not installed
2026-05-25 09:40:58,933:INFO:           streamlit: Not installed
2026-05-25 09:40:58,934:INFO:             prophet: Not installed
2026-05-25 09:40:58,934:INFO:None
2026-05-25 09:40:58,934:INFO:Set up data.
2026-05-25 09:40:58,964:INFO:Set up folding strategy.
2026-05-25 09:40:58,964:INFO:Set up train/test split.
2026-05-25 09:40:59,006:INFO:Set up index.
2026-05-25 09:40:59,007:INFO:Assigning column types.
2026-05-25 09:40:59,055:INFO:Engine successfully changes for model 'lr' to 'sklearn'.
2026-05-25 09:40:59,108:INFO:Engine for model 'knn' has not been set explicitly, hence returning None.
2026-05-25 09:40:59,114:INFO:Engine for model 'rbfsvm' has not been set explicitly, hence returning None.
2026-05-25 09:40:59,157:INFO:Soft dependency imported: xgboost: 3.2.0
2026-05-25 09:40:59,161:WARNING:
'catboost' is a soft dependency and not included in the pycaret installation. Please run: `pip install catboost` to install.
Alternately, you can install this by running `pip install pycaret[models]`
2026-05-25 09:40:59,218:INFO:Engine for model 'knn' has not been set explicitly, hence returning None.
2026-05-25 09:40:59,218:INFO:Engine for model 'rbfsvm' has not been set explicitly, hence returning None.
2026-05-25 09:40:59,250:INFO:Soft dependency imported: xgboost: 3.2.0
2026-05-25 09:40:59,253:WARNING:
'catboost' is a soft dependency and not included in the pycaret installation. Please run: `pip install catboost` to install.
Alternately, you can install this by running `pip install pycaret[models]`
2026-05-25 09:40:59,253:INFO:Engine successfully changes for model 'knn' to 'sklearn'.
2026-05-25 09:40:59,303:INFO:Engine for model 'rbfsvm' has not been set explicitly, hence returning None.
2026-05-25 09:40:59,334:INFO:Soft dependency imported: xgboost: 3.2.0
2026-05-25 09:40:59,338:WARNING:
'catboost' is a soft dependency and not included in the pycaret installation. Please run: `pip install catboost` to install.
Alternately, you can install this by running `pip install pycaret[models]`
2026-05-25 09:40:59,388:INFO:Engine for model 'rbfsvm' has not been set explicitly, hence returning None.
2026-05-25 09:40:59,417:INFO:Soft dependency imported: xgboost: 3.2.0
2026-05-25 09:40:59,421:WARNING:
'catboost' is a soft dependency and not included in the pycaret installation. Please run: `pip install catboost` to install.
Alternately, you can install this by running `pip install pycaret[models]`
2026-05-25 09:40:59,421:INFO:Engine successfully changes for model 'rbfsvm' to 'sklearn'.
2026-05-25 09:40:59,515:INFO:Soft dependency imported: xgboost: 3.2.0
2026-05-25 09:40:59,519:WARNING:
'catboost' is a soft dependency and not included in the pycaret installation. Please run: `pip install catboost` to install.
Alternately, you can install this by running `pip install pycaret[models]`
2026-05-25 09:40:59,612:INFO:Soft dependency imported: xgboost: 3.2.0
2026-05-25 09:40:59,614:WARNING:
'catboost' is a soft dependency and not included in the pycaret installation. Please run: `pip install catboost` to install.
Alternately, you can install this by running `pip install pycaret[models]`
2026-05-25 09:40:59,639:INFO:Preparing preprocessing pipeline...
2026-05-25 09:40:59,647:INFO:Set up simple imputation.
2026-05-25 09:40:59,653:INFO:Set up column name cleaning.
2026-05-25 09:40:59,803:INFO:Finished creating preprocessing pipeline.
2026-05-25 09:40:59,808:INFO:Pipeline: Pipeline(memory=FastMemory(location=C:\Users\HP\AppData\Local\Temp\joblib),
         steps=[('numerical_imputer',
                 TransformerWrapper(exclude=None,
                                    include=['body_type_Average',
                                             'body_type_Curvy',
                                             'body_type_Muscular',
                                             'body_type_Slim', 'education_enc',
                                             'gender_Female', 'gender_Male',
                                             'gender_Non-binary',
                                             'gender_Prefer Not to Say',
                                             'gender_Transgender', 'height_cm',
                                             'intere...
                ('categorical_imputer',
                 TransformerWrapper(exclude=None, include=[],
                                    transformer=SimpleImputer(add_indicator=False,
                                                              copy=True,
                                                              fill_value=None,
                                                              keep_empty_features=False,
                                                              missing_values=nan,
                                                              strategy='most_frequent'))),
                ('clean_column_names',
                 TransformerWrapper(exclude=None, include=None,
                                    transformer=CleanColumnNames(match='[\\]\\[\\,\\{\\}\\"\\:]+')))],
         verbose=False)
2026-05-25 09:40:59,808:INFO:Creating final display dataframe.
2026-05-25 09:41:00,247:INFO:Setup _display_container:                     Description             Value
0                    Session id               123
1                        Target            target
2                   Target type            Binary
3           Original data shape       (40000, 68)
4        Transformed data shape       (40000, 68)
5   Transformed train set shape       (28000, 68)
6    Transformed test set shape       (12000, 68)
7              Numeric features                67
8                    Preprocess              True
9               Imputation type            simple
10           Numeric imputation              mean
11       Categorical imputation              mode
12               Fold Generator   StratifiedKFold
13                  Fold Number                10
14                     CPU Jobs                -1
15                      Use GPU             False
16               Log Experiment             False
17              Experiment Name  clf-default-name
18                          USI              3ef6
2026-05-25 09:41:00,326:INFO:Soft dependency imported: xgboost: 3.2.0
2026-05-25 09:41:00,329:WARNING:
'catboost' is a soft dependency and not included in the pycaret installation. Please run: `pip install catboost` to install.
Alternately, you can install this by running `pip install pycaret[models]`
2026-05-25 09:41:00,410:INFO:Soft dependency imported: xgboost: 3.2.0
2026-05-25 09:41:00,413:WARNING:
'catboost' is a soft dependency and not included in the pycaret installation. Please run: `pip install catboost` to install.
Alternately, you can install this by running `pip install pycaret[models]`
2026-05-25 09:41:00,414:INFO:setup() successfully completed in 1.5s...............
2026-05-25 09:41:00,414:INFO:Initializing compare_models()
2026-05-25 09:41:00,414:INFO:compare_models(self=<pycaret.classification.oop.ClassificationExperiment object at 0x000001D4C9ED3710>, include=None, exclude=None, fold=None, round=4, cross_validation=True, sort=Accuracy, n_select=1, budget_time=2, turbo=True, errors=ignore, fit_kwargs=None, groups=None, experiment_custom_tags=None, probability_threshold=None, verbose=True, parallel=None, caller_params={'self': <pycaret.classification.oop.ClassificationExperiment object at 0x000001D4C9ED3710>, 'include': None, 'exclude': None, 'fold': None, 'round': 4, 'cross_validation': True, 'sort': 'Accuracy', 'n_select': 1, 'budget_time': 2, 'turbo': True, 'errors': 'ignore', 'fit_kwargs': None, 'groups': None, 'experiment_custom_tags': None, 'probability_threshold': None, 'engine': None, 'verbose': True, 'parallel': None, '__class__': <class 'pycaret.classification.oop.ClassificationExperiment'>})
2026-05-25 09:41:00,414:INFO:Checking exceptions
2026-05-25 09:41:00,457:INFO:Preparing display monitor
2026-05-25 09:41:00,462:INFO:Time budget is 2 minutes
2026-05-25 09:41:00,463:INFO:Initializing Logistic Regression
2026-05-25 09:41:00,463:INFO:Total runtime is 1.8223126729329428e-05 minutes
2026-05-25 09:41:00,463:INFO:SubProcess create_model() called ==================================
2026-05-25 09:41:00,463:INFO:Initializing create_model()
2026-05-25 09:41:00,464:INFO:create_model(self=<pycaret.classification.oop.ClassificationExperiment object at 0x000001D4C9ED3710>, estimator=lr, fold=StratifiedKFold(n_splits=10, random_state=None, shuffle=False), round=4, cross_validation=True, predict=True, fit_kwargs={}, groups=None, refit=False, probability_threshold=None, experiment_custom_tags=None, verbose=False, system=False, add_to_model_list=True, metrics=None, display=<pycaret.internal.display.display.CommonDisplay object at 0x000001D4B8CB0390>, model_only=True, return_train_score=False, error_score=0.0, kwargs={})
2026-05-25 09:41:00,464:INFO:Checking exceptions
2026-05-25 09:41:00,465:INFO:Importing libraries
2026-05-25 09:41:00,465:INFO:Copying training dataset
2026-05-25 09:41:00,522:INFO:Defining folds
2026-05-25 09:41:00,522:INFO:Declaring metric variables
2026-05-25 09:41:00,522:INFO:Importing untrained model
2026-05-25 09:41:00,524:INFO:Logistic Regression Imported successfully
2026-05-25 09:41:00,524:INFO:Starting cross validation
2026-05-25 09:41:00,525:INFO:Cross validating with StratifiedKFold(n_splits=10, random_state=None, shuffle=False), n_jobs=-1
2026-05-25 09:41:06,520:WARNING:c:\Users\HP\Documents\GitHub\ML-dating-app-behaviour\.venv\Lib\site-packages\_distutils_hack\__init__.py:33: UserWarning: Setuptools is replacing distutils.
  warnings.warn("Setuptools is replacing distutils.")

2026-05-25 09:41:06,521:WARNING:c:\Users\HP\Documents\GitHub\ML-dating-app-behaviour\.venv\Lib\site-packages\_distutils_hack\__init__.py:33: UserWarning: Setuptools is replacing distutils.
  warnings.warn("Setuptools is replacing distutils.")

2026-05-25 09:41:06,522:WARNING:c:\Users\HP\Documents\GitHub\ML-dating-app-behaviour\.venv\Lib\site-packages\_distutils_hack\__init__.py:33: UserWarning: Setuptools is replacing distutils.
  warnings.warn("Setuptools is replacing distutils.")

2026-05-25 09:41:06,541:WARNING:c:\Users\HP\Documents\GitHub\ML-dating-app-behaviour\.venv\Lib\site-packages\_distutils_hack\__init__.py:33: UserWarning: Setuptools is replacing distutils.
  warnings.warn("Setuptools is replacing distutils.")

2026-05-25 09:41:06,844:WARNING:c:\Users\HP\Documents\GitHub\ML-dating-app-behaviour\.venv\Lib\site-packages\_distutils_hack\__init__.py:33: UserWarning: Setuptools is replacing distutils.
  warnings.warn("Setuptools is replacing distutils.")

2026-05-25 09:41:06,913:WARNING:c:\Users\HP\Documents\GitHub\ML-dating-app-behaviour\.venv\Lib\site-packages\_distutils_hack\__init__.py:33: UserWarning: Setuptools is replacing distutils.
  warnings.warn("Setuptools is replacing distutils.")

2026-05-25 09:41:06,961:WARNING:c:\Users\HP\Documents\GitHub\ML-dating-app-behaviour\.venv\Lib\site-packages\_distutils_hack\__init__.py:33: UserWarning: Setuptools is replacing distutils.
  warnings.warn("Setuptools is replacing distutils.")

2026-05-25 09:41:07,030:WARNING:c:\Users\HP\Documents\GitHub\ML-dating-app-behaviour\.venv\Lib\site-packages\_distutils_hack\__init__.py:33: UserWarning: Setuptools is replacing distutils.
  warnings.warn("Setuptools is replacing distutils.")

2026-05-25 09:41:07,147:WARNING:c:\Users\HP\Documents\GitHub\ML-dating-app-behaviour\.venv\Lib\site-packages\_distutils_hack\__init__.py:33: UserWarning: Setuptools is replacing distutils.
  warnings.warn("Setuptools is replacing distutils.")

2026-05-25 09:41:07,337:WARNING:c:\Users\HP\Documents\GitHub\ML-dating-app-behaviour\.venv\Lib\site-packages\_distutils_hack\__init__.py:33: UserWarning: Setuptools is replacing distutils.
  warnings.warn("Setuptools is replacing distutils.")

2026-05-25 09:41:07,396:WARNING:c:\Users\HP\Documents\GitHub\ML-dating-app-behaviour\.venv\Lib\site-packages\sklearn\metrics\_classification.py:1509: UndefinedMetricWarning: Precision is ill-defined and being set to 0.0 due to no predicted samples. Use `zero_division` parameter to control this behavior.
  _warn_prf(average, modifier, f"{metric.capitalize()} is", len(result))

2026-05-25 09:41:07,406:WARNING:c:\Users\HP\Documents\GitHub\ML-dating-app-behaviour\.venv\Lib\site-packages\sklearn\metrics\_classification.py:1509: UndefinedMetricWarning: Precision is ill-defined and being set to 0.0 due to no predicted samples. Use `zero_division` parameter to control this behavior.
  _warn_prf(average, modifier, f"{metric.capitalize()} is", len(result))

2026-05-25 09:41:07,423:WARNING:c:\Users\HP\Documents\GitHub\ML-dating-app-behaviour\.venv\Lib\site-packages\sklearn\metrics\_classification.py:1509: UndefinedMetricWarning: Precision is ill-defined and being set to 0.0 due to no predicted samples. Use `zero_division` parameter to control this behavior.
  _warn_prf(average, modifier, f"{metric.capitalize()} is", len(result))

2026-05-25 09:41:07,948:WARNING:c:\Users\HP\Documents\GitHub\ML-dating-app-behaviour\.venv\Lib\site-packages\sklearn\metrics\_classification.py:1509: UndefinedMetricWarning: Precision is ill-defined and being set to 0.0 due to no predicted samples. Use `zero_division` parameter to control this behavior.
  _warn_prf(average, modifier, f"{metric.capitalize()} is", len(result))

2026-05-25 09:41:08,065:WARNING:c:\Users\HP\Documents\GitHub\ML-dating-app-behaviour\.venv\Lib\site-packages\sklearn\metrics\_classification.py:1509: UndefinedMetricWarning: Precision is ill-defined and being set to 0.0 due to no predicted samples. Use `zero_division` parameter to control this behavior.
  _warn_prf(average, modifier, f"{metric.capitalize()} is", len(result))

2026-05-25 09:41:08,181:WARNING:c:\Users\HP\Documents\GitHub\ML-dating-app-behaviour\.venv\Lib\site-packages\sklearn\metrics\_classification.py:1509: UndefinedMetricWarning: Precision is ill-defined and being set to 0.0 due to no predicted samples. Use `zero_division` parameter to control this behavior.
  _warn_prf(average, modifier, f"{metric.capitalize()} is", len(result))

2026-05-25 09:41:08,272:WARNING:c:\Users\HP\Documents\GitHub\ML-dating-app-behaviour\.venv\Lib\site-packages\sklearn\metrics\_classification.py:1509: UndefinedMetricWarning: Precision is ill-defined and being set to 0.0 due to no predicted samples. Use `zero_division` parameter to control this behavior.
  _warn_prf(average, modifier, f"{metric.capitalize()} is", len(result))

2026-05-25 09:41:08,281:INFO:Calculating mean and std
2026-05-25 09:41:08,287:INFO:Creating metrics dataframe
2026-05-25 09:41:08,290:INFO:Uploading results into container
2026-05-25 09:41:08,290:INFO:Uploading model into container now
2026-05-25 09:41:08,292:INFO:_master_model_container: 1
2026-05-25 09:41:08,292:INFO:_display_container: 2
2026-05-25 09:41:08,292:INFO:LogisticRegression(C=1.0, class_weight=None, dual=False, fit_intercept=True,
                   intercept_scaling=1, l1_ratio=None, max_iter=1000,
                   multi_class='auto', n_jobs=None, penalty='l2',
                   random_state=123, solver='lbfgs', tol=0.0001, verbose=0,
                   warm_start=False)
2026-05-25 09:41:08,293:INFO:create_model() successfully completed......................................
2026-05-25 09:41:08,472:INFO:SubProcess create_model() end ==================================
2026-05-25 09:41:08,472:INFO:Creating metrics dataframe
2026-05-25 09:41:08,475:INFO:Initializing K Neighbors Classifier
2026-05-25 09:41:08,475:INFO:Total runtime is 0.13354913791020712 minutes
2026-05-25 09:41:08,475:INFO:SubProcess create_model() called ==================================
2026-05-25 09:41:08,475:INFO:Initializing create_model()
2026-05-25 09:41:08,475:INFO:create_model(self=<pycaret.classification.oop.ClassificationExperiment object at 0x000001D4C9ED3710>, estimator=knn, fold=StratifiedKFold(n_splits=10, random_state=None, shuffle=False), round=4, cross_validation=True, predict=True, fit_kwargs={}, groups=None, refit=False, probability_threshold=None, experiment_custom_tags=None, verbose=False, system=False, add_to_model_list=True, metrics=None, display=<pycaret.internal.display.display.CommonDisplay object at 0x000001D4B8CB0390>, model_only=True, return_train_score=False, error_score=0.0, kwargs={})
2026-05-25 09:41:08,475:INFO:Checking exceptions
2026-05-25 09:41:08,475:INFO:Importing libraries
2026-05-25 09:41:08,475:INFO:Copying training dataset
2026-05-25 09:41:08,533:INFO:Defining folds
2026-05-25 09:41:08,533:INFO:Declaring metric variables
2026-05-25 09:41:08,534:INFO:Importing untrained model
2026-05-25 09:41:08,534:INFO:K Neighbors Classifier Imported successfully
2026-05-25 09:41:08,534:INFO:Starting cross validation
2026-05-25 09:41:08,536:INFO:Cross validating with StratifiedKFold(n_splits=10, random_state=None, shuffle=False), n_jobs=-1
2026-05-25 09:41:13,691:WARNING:c:\Users\HP\Documents\GitHub\ML-dating-app-behaviour\.venv\Lib\site-packages\_distutils_hack\__init__.py:33: UserWarning: Setuptools is replacing distutils.
  warnings.warn("Setuptools is replacing distutils.")

2026-05-25 09:41:13,744:WARNING:c:\Users\HP\Documents\GitHub\ML-dating-app-behaviour\.venv\Lib\site-packages\_distutils_hack\__init__.py:33: UserWarning: Setuptools is replacing distutils.
  warnings.warn("Setuptools is replacing distutils.")

2026-05-25 09:41:15,485:INFO:Calculating mean and std
2026-05-25 09:41:15,487:INFO:Creating metrics dataframe
2026-05-25 09:41:15,489:INFO:Uploading results into container
2026-05-25 09:41:15,491:INFO:Uploading model into container now
2026-05-25 09:41:15,492:INFO:_master_model_container: 2
2026-05-25 09:41:15,492:INFO:_display_container: 2
2026-05-25 09:41:15,492:INFO:KNeighborsClassifier(algorithm='auto', leaf_size=30, metric='minkowski',
                     metric_params=None, n_jobs=-1, n_neighbors=5, p=2,
                     weights='uniform')
2026-05-25 09:41:15,492:INFO:create_model() successfully completed......................................
2026-05-25 09:41:15,690:INFO:SubProcess create_model() end ==================================
2026-05-25 09:41:15,690:INFO:Creating metrics dataframe
2026-05-25 09:41:15,695:INFO:Initializing Naive Bayes
2026-05-25 09:41:15,695:INFO:Total runtime is 0.2538861036300659 minutes
2026-05-25 09:41:15,696:INFO:SubProcess create_model() called ==================================
2026-05-25 09:41:15,696:INFO:Initializing create_model()
2026-05-25 09:41:15,696:INFO:create_model(self=<pycaret.classification.oop.ClassificationExperiment object at 0x000001D4C9ED3710>, estimator=nb, fold=StratifiedKFold(n_splits=10, random_state=None, shuffle=False), round=4, cross_validation=True, predict=True, fit_kwargs={}, groups=None, refit=False, probability_threshold=None, experiment_custom_tags=None, verbose=False, system=False, add_to_model_list=True, metrics=None, display=<pycaret.internal.display.display.CommonDisplay object at 0x000001D4B8CB0390>, model_only=True, return_train_score=False, error_score=0.0, kwargs={})
2026-05-25 09:41:15,696:INFO:Checking exceptions
2026-05-25 09:41:15,696:INFO:Importing libraries
2026-05-25 09:41:15,696:INFO:Copying training dataset
2026-05-25 09:41:15,759:INFO:Defining folds
2026-05-25 09:41:15,759:INFO:Declaring metric variables
2026-05-25 09:41:15,759:INFO:Importing untrained model
2026-05-25 09:41:15,759:INFO:Naive Bayes Imported successfully
2026-05-25 09:41:15,759:INFO:Starting cross validation
2026-05-25 09:41:15,760:INFO:Cross validating with StratifiedKFold(n_splits=10, random_state=None, shuffle=False), n_jobs=-1
2026-05-25 09:41:16,326:INFO:Calculating mean and std
2026-05-25 09:41:16,328:INFO:Creating metrics dataframe
2026-05-25 09:41:16,330:INFO:Uploading results into container
2026-05-25 09:41:16,331:INFO:Uploading model into container now
2026-05-25 09:41:16,331:INFO:_master_model_container: 3
2026-05-25 09:41:16,331:INFO:_display_container: 2
2026-05-25 09:41:16,331:INFO:GaussianNB(priors=None, var_smoothing=1e-09)
2026-05-25 09:41:16,331:INFO:create_model() successfully completed......................................
2026-05-25 09:41:16,478:INFO:SubProcess create_model() end ==================================
2026-05-25 09:41:16,479:INFO:Creating metrics dataframe
2026-05-25 09:41:16,480:INFO:Initializing Decision Tree Classifier
2026-05-25 09:41:16,480:INFO:Total runtime is 0.26697709163029987 minutes
2026-05-25 09:41:16,480:INFO:SubProcess create_model() called ==================================
2026-05-25 09:41:16,482:INFO:Initializing create_model()
2026-05-25 09:41:16,482:INFO:create_model(self=<pycaret.classification.oop.ClassificationExperiment object at 0x000001D4C9ED3710>, estimator=dt, fold=StratifiedKFold(n_splits=10, random_state=None, shuffle=False), round=4, cross_validation=True, predict=True, fit_kwargs={}, groups=None, refit=False, probability_threshold=None, experiment_custom_tags=None, verbose=False, system=False, add_to_model_list=True, metrics=None, display=<pycaret.internal.display.display.CommonDisplay object at 0x000001D4B8CB0390>, model_only=True, return_train_score=False, error_score=0.0, kwargs={})
2026-05-25 09:41:16,482:INFO:Checking exceptions
2026-05-25 09:41:16,482:INFO:Importing libraries
2026-05-25 09:41:16,482:INFO:Copying training dataset
2026-05-25 09:41:16,537:INFO:Defining folds
2026-05-25 09:41:16,537:INFO:Declaring metric variables
2026-05-25 09:41:16,538:INFO:Importing untrained model
2026-05-25 09:41:16,539:INFO:Decision Tree Classifier Imported successfully
2026-05-25 09:41:16,539:INFO:Starting cross validation
2026-05-25 09:41:16,541:INFO:Cross validating with StratifiedKFold(n_splits=10, random_state=None, shuffle=False), n_jobs=-1
2026-05-25 09:41:17,826:INFO:Calculating mean and std
2026-05-25 09:41:17,827:INFO:Creating metrics dataframe
2026-05-25 09:41:17,829:INFO:Uploading results into container
2026-05-25 09:41:17,829:INFO:Uploading model into container now
2026-05-25 09:41:17,830:INFO:_master_model_container: 4
2026-05-25 09:41:17,830:INFO:_display_container: 2
2026-05-25 09:41:17,831:INFO:DecisionTreeClassifier(ccp_alpha=0.0, class_weight=None, criterion='gini',
                       max_depth=None, max_features=None, max_leaf_nodes=None,
                       min_impurity_decrease=0.0, min_samples_leaf=1,
                       min_samples_split=2, min_weight_fraction_leaf=0.0,
                       monotonic_cst=None, random_state=123, splitter='best')
2026-05-25 09:41:17,831:INFO:create_model() successfully completed......................................
2026-05-25 09:41:17,969:INFO:SubProcess create_model() end ==================================
2026-05-25 09:41:17,969:INFO:Creating metrics dataframe
2026-05-25 09:41:17,971:INFO:Initializing SVM - Linear Kernel
2026-05-25 09:41:17,971:INFO:Total runtime is 0.29182982444763184 minutes
2026-05-25 09:41:17,971:INFO:SubProcess create_model() called ==================================
2026-05-25 09:41:17,971:INFO:Initializing create_model()
2026-05-25 09:41:17,971:INFO:create_model(self=<pycaret.classification.oop.ClassificationExperiment object at 0x000001D4C9ED3710>, estimator=svm, fold=StratifiedKFold(n_splits=10, random_state=None, shuffle=False), round=4, cross_validation=True, predict=True, fit_kwargs={}, groups=None, refit=False, probability_threshold=None, experiment_custom_tags=None, verbose=False, system=False, add_to_model_list=True, metrics=None, display=<pycaret.internal.display.display.CommonDisplay object at 0x000001D4B8CB0390>, model_only=True, return_train_score=False, error_score=0.0, kwargs={})
2026-05-25 09:41:17,971:INFO:Checking exceptions
2026-05-25 09:41:17,971:INFO:Importing libraries
2026-05-25 09:41:17,972:INFO:Copying training dataset
2026-05-25 09:41:18,024:INFO:Defining folds
2026-05-25 09:41:18,024:INFO:Declaring metric variables
2026-05-25 09:41:18,024:INFO:Importing untrained model
2026-05-25 09:41:18,024:INFO:SVM - Linear Kernel Imported successfully
2026-05-25 09:41:18,025:INFO:Starting cross validation
2026-05-25 09:41:18,026:INFO:Cross validating with StratifiedKFold(n_splits=10, random_state=None, shuffle=False), n_jobs=-1
2026-05-25 09:41:19,092:WARNING:c:\Users\HP\Documents\GitHub\ML-dating-app-behaviour\.venv\Lib\site-packages\sklearn\metrics\_classification.py:1509: UndefinedMetricWarning: Precision is ill-defined and being set to 0.0 due to no predicted samples. Use `zero_division` parameter to control this behavior.
  _warn_prf(average, modifier, f"{metric.capitalize()} is", len(result))

2026-05-25 09:41:19,109:WARNING:c:\Users\HP\Documents\GitHub\ML-dating-app-behaviour\.venv\Lib\site-packages\sklearn\metrics\_classification.py:1509: UndefinedMetricWarning: Precision is ill-defined and being set to 0.0 due to no predicted samples. Use `zero_division` parameter to control this behavior.
  _warn_prf(average, modifier, f"{metric.capitalize()} is", len(result))

2026-05-25 09:41:19,109:WARNING:c:\Users\HP\Documents\GitHub\ML-dating-app-behaviour\.venv\Lib\site-packages\sklearn\metrics\_classification.py:1509: UndefinedMetricWarning: Precision is ill-defined and being set to 0.0 due to no predicted samples. Use `zero_division` parameter to control this behavior.
  _warn_prf(average, modifier, f"{metric.capitalize()} is", len(result))

2026-05-25 09:41:19,124:WARNING:c:\Users\HP\Documents\GitHub\ML-dating-app-behaviour\.venv\Lib\site-packages\sklearn\metrics\_classification.py:1509: UndefinedMetricWarning: Precision is ill-defined and being set to 0.0 due to no predicted samples. Use `zero_division` parameter to control this behavior.
  _warn_prf(average, modifier, f"{metric.capitalize()} is", len(result))

2026-05-25 09:41:19,138:WARNING:c:\Users\HP\Documents\GitHub\ML-dating-app-behaviour\.venv\Lib\site-packages\sklearn\metrics\_classification.py:1509: UndefinedMetricWarning: Precision is ill-defined and being set to 0.0 due to no predicted samples. Use `zero_division` parameter to control this behavior.
  _warn_prf(average, modifier, f"{metric.capitalize()} is", len(result))

2026-05-25 09:41:19,147:WARNING:c:\Users\HP\Documents\GitHub\ML-dating-app-behaviour\.venv\Lib\site-packages\sklearn\metrics\_classification.py:1509: UndefinedMetricWarning: Precision is ill-defined and being set to 0.0 due to no predicted samples. Use `zero_division` parameter to control this behavior.
  _warn_prf(average, modifier, f"{metric.capitalize()} is", len(result))

2026-05-25 09:41:19,155:WARNING:c:\Users\HP\Documents\GitHub\ML-dating-app-behaviour\.venv\Lib\site-packages\sklearn\metrics\_classification.py:1509: UndefinedMetricWarning: Precision is ill-defined and being set to 0.0 due to no predicted samples. Use `zero_division` parameter to control this behavior.
  _warn_prf(average, modifier, f"{metric.capitalize()} is", len(result))

2026-05-25 09:41:19,160:WARNING:c:\Users\HP\Documents\GitHub\ML-dating-app-behaviour\.venv\Lib\site-packages\sklearn\metrics\_classification.py:1509: UndefinedMetricWarning: Precision is ill-defined and being set to 0.0 due to no predicted samples. Use `zero_division` parameter to control this behavior.
  _warn_prf(average, modifier, f"{metric.capitalize()} is", len(result))

2026-05-25 09:41:19,198:WARNING:c:\Users\HP\Documents\GitHub\ML-dating-app-behaviour\.venv\Lib\site-packages\sklearn\metrics\_classification.py:1509: UndefinedMetricWarning: Precision is ill-defined and being set to 0.0 due to no predicted samples. Use `zero_division` parameter to control this behavior.
  _warn_prf(average, modifier, f"{metric.capitalize()} is", len(result))

2026-05-25 09:41:19,199:WARNING:c:\Users\HP\Documents\GitHub\ML-dating-app-behaviour\.venv\Lib\site-packages\sklearn\metrics\_classification.py:1509: UndefinedMetricWarning: Precision is ill-defined and being set to 0.0 due to no predicted samples. Use `zero_division` parameter to control this behavior.
  _warn_prf(average, modifier, f"{metric.capitalize()} is", len(result))

2026-05-25 09:41:19,221:INFO:Calculating mean and std
2026-05-25 09:41:19,224:INFO:Creating metrics dataframe
2026-05-25 09:41:19,225:INFO:Uploading results into container
2026-05-25 09:41:19,228:INFO:Uploading model into container now
2026-05-25 09:41:19,229:INFO:_master_model_container: 5
2026-05-25 09:41:19,229:INFO:_display_container: 2
2026-05-25 09:41:19,230:INFO:SGDClassifier(alpha=0.0001, average=False, class_weight=None,
              early_stopping=False, epsilon=0.1, eta0=0.001, fit_intercept=True,
              l1_ratio=0.15, learning_rate='optimal', loss='hinge',
              max_iter=1000, n_iter_no_change=5, n_jobs=-1, penalty='l2',
              power_t=0.5, random_state=123, shuffle=True, tol=0.001,
              validation_fraction=0.1, verbose=0, warm_start=False)
2026-05-25 09:41:19,230:INFO:create_model() successfully completed......................................
2026-05-25 09:41:19,457:INFO:SubProcess create_model() end ==================================
2026-05-25 09:41:19,457:INFO:Creating metrics dataframe
2026-05-25 09:41:19,460:INFO:Initializing Ridge Classifier
2026-05-25 09:41:19,460:INFO:Total runtime is 0.31663541396458944 minutes
2026-05-25 09:41:19,460:INFO:SubProcess create_model() called ==================================
2026-05-25 09:41:19,460:INFO:Initializing create_model()
2026-05-25 09:41:19,460:INFO:create_model(self=<pycaret.classification.oop.ClassificationExperiment object at 0x000001D4C9ED3710>, estimator=ridge, fold=StratifiedKFold(n_splits=10, random_state=None, shuffle=False), round=4, cross_validation=True, predict=True, fit_kwargs={}, groups=None, refit=False, probability_threshold=None, experiment_custom_tags=None, verbose=False, system=False, add_to_model_list=True, metrics=None, display=<pycaret.internal.display.display.CommonDisplay object at 0x000001D4B8CB0390>, model_only=True, return_train_score=False, error_score=0.0, kwargs={})
2026-05-25 09:41:19,460:INFO:Checking exceptions
2026-05-25 09:41:19,460:INFO:Importing libraries
2026-05-25 09:41:19,460:INFO:Copying training dataset
2026-05-25 09:41:19,511:INFO:Defining folds
2026-05-25 09:41:19,511:INFO:Declaring metric variables
2026-05-25 09:41:19,511:INFO:Importing untrained model
2026-05-25 09:41:19,513:INFO:Ridge Classifier Imported successfully
2026-05-25 09:41:19,513:INFO:Starting cross validation
2026-05-25 09:41:19,513:INFO:Cross validating with StratifiedKFold(n_splits=10, random_state=None, shuffle=False), n_jobs=-1
2026-05-25 09:41:19,796:WARNING:c:\Users\HP\Documents\GitHub\ML-dating-app-behaviour\.venv\Lib\site-packages\sklearn\metrics\_classification.py:1509: UndefinedMetricWarning: Precision is ill-defined and being set to 0.0 due to no predicted samples. Use `zero_division` parameter to control this behavior.
  _warn_prf(average, modifier, f"{metric.capitalize()} is", len(result))

2026-05-25 09:41:19,835:WARNING:c:\Users\HP\Documents\GitHub\ML-dating-app-behaviour\.venv\Lib\site-packages\sklearn\metrics\_classification.py:1509: UndefinedMetricWarning: Precision is ill-defined and being set to 0.0 due to no predicted samples. Use `zero_division` parameter to control this behavior.
  _warn_prf(average, modifier, f"{metric.capitalize()} is", len(result))

2026-05-25 09:41:19,856:WARNING:c:\Users\HP\Documents\GitHub\ML-dating-app-behaviour\.venv\Lib\site-packages\sklearn\metrics\_classification.py:1509: UndefinedMetricWarning: Precision is ill-defined and being set to 0.0 due to no predicted samples. Use `zero_division` parameter to control this behavior.
  _warn_prf(average, modifier, f"{metric.capitalize()} is", len(result))

2026-05-25 09:41:19,925:WARNING:c:\Users\HP\Documents\GitHub\ML-dating-app-behaviour\.venv\Lib\site-packages\sklearn\metrics\_classification.py:1509: UndefinedMetricWarning: Precision is ill-defined and being set to 0.0 due to no predicted samples. Use `zero_division` parameter to control this behavior.
  _warn_prf(average, modifier, f"{metric.capitalize()} is", len(result))

2026-05-25 09:41:19,926:WARNING:c:\Users\HP\Documents\GitHub\ML-dating-app-behaviour\.venv\Lib\site-packages\sklearn\metrics\_classification.py:1509: UndefinedMetricWarning: Precision is ill-defined and being set to 0.0 due to no predicted samples. Use `zero_division` parameter to control this behavior.
  _warn_prf(average, modifier, f"{metric.capitalize()} is", len(result))

2026-05-25 09:41:19,944:WARNING:c:\Users\HP\Documents\GitHub\ML-dating-app-behaviour\.venv\Lib\site-packages\sklearn\metrics\_classification.py:1509: UndefinedMetricWarning: Precision is ill-defined and being set to 0.0 due to no predicted samples. Use `zero_division` parameter to control this behavior.
  _warn_prf(average, modifier, f"{metric.capitalize()} is", len(result))

2026-05-25 09:41:19,977:WARNING:c:\Users\HP\Documents\GitHub\ML-dating-app-behaviour\.venv\Lib\site-packages\sklearn\metrics\_classification.py:1509: UndefinedMetricWarning: Precision is ill-defined and being set to 0.0 due to no predicted samples. Use `zero_division` parameter to control this behavior.
  _warn_prf(average, modifier, f"{metric.capitalize()} is", len(result))

2026-05-25 09:41:19,980:WARNING:c:\Users\HP\Documents\GitHub\ML-dating-app-behaviour\.venv\Lib\site-packages\sklearn\metrics\_classification.py:1509: UndefinedMetricWarning: Precision is ill-defined and being set to 0.0 due to no predicted samples. Use `zero_division` parameter to control this behavior.
  _warn_prf(average, modifier, f"{metric.capitalize()} is", len(result))

2026-05-25 09:41:19,998:INFO:Calculating mean and std
2026-05-25 09:41:20,001:INFO:Creating metrics dataframe
2026-05-25 09:41:20,004:INFO:Uploading results into container
2026-05-25 09:41:20,004:INFO:Uploading model into container now
2026-05-25 09:41:20,005:INFO:_master_model_container: 6
2026-05-25 09:41:20,005:INFO:_display_container: 2
2026-05-25 09:41:20,005:INFO:RidgeClassifier(alpha=1.0, class_weight=None, copy_X=True, fit_intercept=True,
                max_iter=None, positive=False, random_state=123, solver='auto',
                tol=0.0001)
2026-05-25 09:41:20,005:INFO:create_model() successfully completed......................................
2026-05-25 09:41:20,153:INFO:SubProcess create_model() end ==================================
2026-05-25 09:41:20,153:INFO:Creating metrics dataframe
2026-05-25 09:41:20,155:INFO:Initializing Random Forest Classifier
2026-05-25 09:41:20,156:INFO:Total runtime is 0.3282243887583415 minutes
2026-05-25 09:41:20,156:INFO:SubProcess create_model() called ==================================
2026-05-25 09:41:20,156:INFO:Initializing create_model()
2026-05-25 09:41:20,156:INFO:create_model(self=<pycaret.classification.oop.ClassificationExperiment object at 0x000001D4C9ED3710>, estimator=rf, fold=StratifiedKFold(n_splits=10, random_state=None, shuffle=False), round=4, cross_validation=True, predict=True, fit_kwargs={}, groups=None, refit=False, probability_threshold=None, experiment_custom_tags=None, verbose=False, system=False, add_to_model_list=True, metrics=None, display=<pycaret.internal.display.display.CommonDisplay object at 0x000001D4B8CB0390>, model_only=True, return_train_score=False, error_score=0.0, kwargs={})
2026-05-25 09:41:20,156:INFO:Checking exceptions
2026-05-25 09:41:20,156:INFO:Importing libraries
2026-05-25 09:41:20,156:INFO:Copying training dataset
2026-05-25 09:41:20,211:INFO:Defining folds
2026-05-25 09:41:20,211:INFO:Declaring metric variables
2026-05-25 09:41:20,212:INFO:Importing untrained model
2026-05-25 09:41:20,212:INFO:Random Forest Classifier Imported successfully
2026-05-25 09:41:20,212:INFO:Starting cross validation
2026-05-25 09:41:20,214:INFO:Cross validating with StratifiedKFold(n_splits=10, random_state=None, shuffle=False), n_jobs=-1
2026-05-25 09:41:28,652:INFO:Calculating mean and std
2026-05-25 09:41:28,655:INFO:Creating metrics dataframe
2026-05-25 09:41:28,659:INFO:Uploading results into container
2026-05-25 09:41:28,661:INFO:Uploading model into container now
2026-05-25 09:41:28,662:INFO:_master_model_container: 7
2026-05-25 09:41:28,662:INFO:_display_container: 2
2026-05-25 09:41:28,662:INFO:RandomForestClassifier(bootstrap=True, ccp_alpha=0.0, class_weight=None,
                       criterion='gini', max_depth=None, max_features='sqrt',
                       max_leaf_nodes=None, max_samples=None,
                       min_impurity_decrease=0.0, min_samples_leaf=1,
                       min_samples_split=2, min_weight_fraction_leaf=0.0,
                       monotonic_cst=None, n_estimators=100, n_jobs=-1,
                       oob_score=False, random_state=123, verbose=0,
                       warm_start=False)
2026-05-25 09:41:28,663:INFO:create_model() successfully completed......................................
2026-05-25 09:41:28,840:INFO:SubProcess create_model() end ==================================
2026-05-25 09:41:28,840:INFO:Creating metrics dataframe
2026-05-25 09:41:28,842:INFO:Initializing Quadratic Discriminant Analysis
2026-05-25 09:41:28,842:INFO:Total runtime is 0.47301318645477297 minutes
2026-05-25 09:41:28,842:INFO:SubProcess create_model() called ==================================
2026-05-25 09:41:28,843:INFO:Initializing create_model()
2026-05-25 09:41:28,843:INFO:create_model(self=<pycaret.classification.oop.ClassificationExperiment object at 0x000001D4C9ED3710>, estimator=qda, fold=StratifiedKFold(n_splits=10, random_state=None, shuffle=False), round=4, cross_validation=True, predict=True, fit_kwargs={}, groups=None, refit=False, probability_threshold=None, experiment_custom_tags=None, verbose=False, system=False, add_to_model_list=True, metrics=None, display=<pycaret.internal.display.display.CommonDisplay object at 0x000001D4B8CB0390>, model_only=True, return_train_score=False, error_score=0.0, kwargs={})
2026-05-25 09:41:28,843:INFO:Checking exceptions
2026-05-25 09:41:28,843:INFO:Importing libraries
2026-05-25 09:41:28,843:INFO:Copying training dataset
2026-05-25 09:41:28,895:INFO:Defining folds
2026-05-25 09:41:28,895:INFO:Declaring metric variables
2026-05-25 09:41:28,895:INFO:Importing untrained model
2026-05-25 09:41:28,895:INFO:Quadratic Discriminant Analysis Imported successfully
2026-05-25 09:41:28,896:INFO:Starting cross validation
2026-05-25 09:41:28,898:INFO:Cross validating with StratifiedKFold(n_splits=10, random_state=None, shuffle=False), n_jobs=-1
2026-05-25 09:41:30,814:INFO:Calculating mean and std
2026-05-25 09:41:30,815:INFO:Creating metrics dataframe
2026-05-25 09:41:30,819:INFO:Uploading results into container
2026-05-25 09:41:30,820:INFO:Uploading model into container now
2026-05-25 09:41:30,821:INFO:_master_model_container: 8
2026-05-25 09:41:30,821:INFO:_display_container: 2
2026-05-25 09:41:30,822:INFO:QuadraticDiscriminantAnalysis(priors=None, reg_param=0.0,
                              store_covariance=False, tol=0.0001)
2026-05-25 09:41:30,822:INFO:create_model() successfully completed......................................
2026-05-25 09:41:31,005:INFO:SubProcess create_model() end ==================================
2026-05-25 09:41:31,005:INFO:Creating metrics dataframe
2026-05-25 09:41:31,007:INFO:Initializing Ada Boost Classifier
2026-05-25 09:41:31,008:INFO:Total runtime is 0.5090994636217754 minutes
2026-05-25 09:41:31,008:INFO:SubProcess create_model() called ==================================
2026-05-25 09:41:31,008:INFO:Initializing create_model()
2026-05-25 09:41:31,008:INFO:create_model(self=<pycaret.classification.oop.ClassificationExperiment object at 0x000001D4C9ED3710>, estimator=ada, fold=StratifiedKFold(n_splits=10, random_state=None, shuffle=False), round=4, cross_validation=True, predict=True, fit_kwargs={}, groups=None, refit=False, probability_threshold=None, experiment_custom_tags=None, verbose=False, system=False, add_to_model_list=True, metrics=None, display=<pycaret.internal.display.display.CommonDisplay object at 0x000001D4B8CB0390>, model_only=True, return_train_score=False, error_score=0.0, kwargs={})
2026-05-25 09:41:31,008:INFO:Checking exceptions
2026-05-25 09:41:31,008:INFO:Importing libraries
2026-05-25 09:41:31,008:INFO:Copying training dataset
2026-05-25 09:41:31,059:INFO:Defining folds
2026-05-25 09:41:31,059:INFO:Declaring metric variables
2026-05-25 09:41:31,060:INFO:Importing untrained model
2026-05-25 09:41:31,060:INFO:Ada Boost Classifier Imported successfully
2026-05-25 09:41:31,060:INFO:Starting cross validation
2026-05-25 09:41:31,061:INFO:Cross validating with StratifiedKFold(n_splits=10, random_state=None, shuffle=False), n_jobs=-1
2026-05-25 09:41:31,233:WARNING:c:\Users\HP\Documents\GitHub\ML-dating-app-behaviour\.venv\Lib\site-packages\sklearn\ensemble\_weight_boosting.py:519: FutureWarning: The SAMME.R algorithm (the default) is deprecated and will be removed in 1.6. Use the SAMME algorithm to circumvent this warning.
  warnings.warn(

2026-05-25 09:41:31,246:WARNING:c:\Users\HP\Documents\GitHub\ML-dating-app-behaviour\.venv\Lib\site-packages\sklearn\ensemble\_weight_boosting.py:519: FutureWarning: The SAMME.R algorithm (the default) is deprecated and will be removed in 1.6. Use the SAMME algorithm to circumvent this warning.
  warnings.warn(

2026-05-25 09:41:31,259:WARNING:c:\Users\HP\Documents\GitHub\ML-dating-app-behaviour\.venv\Lib\site-packages\sklearn\ensemble\_weight_boosting.py:519: FutureWarning: The SAMME.R algorithm (the default) is deprecated and will be removed in 1.6. Use the SAMME algorithm to circumvent this warning.
  warnings.warn(

2026-05-25 09:41:31,276:WARNING:c:\Users\HP\Documents\GitHub\ML-dating-app-behaviour\.venv\Lib\site-packages\sklearn\ensemble\_weight_boosting.py:519: FutureWarning: The SAMME.R algorithm (the default) is deprecated and will be removed in 1.6. Use the SAMME algorithm to circumvent this warning.
  warnings.warn(

2026-05-25 09:41:31,315:WARNING:c:\Users\HP\Documents\GitHub\ML-dating-app-behaviour\.venv\Lib\site-packages\sklearn\ensemble\_weight_boosting.py:519: FutureWarning: The SAMME.R algorithm (the default) is deprecated and will be removed in 1.6. Use the SAMME algorithm to circumvent this warning.
  warnings.warn(

2026-05-25 09:41:31,333:WARNING:c:\Users\HP\Documents\GitHub\ML-dating-app-behaviour\.venv\Lib\site-packages\sklearn\ensemble\_weight_boosting.py:519: FutureWarning: The SAMME.R algorithm (the default) is deprecated and will be removed in 1.6. Use the SAMME algorithm to circumvent this warning.
  warnings.warn(

2026-05-25 09:41:31,356:WARNING:c:\Users\HP\Documents\GitHub\ML-dating-app-behaviour\.venv\Lib\site-packages\sklearn\ensemble\_weight_boosting.py:519: FutureWarning: The SAMME.R algorithm (the default) is deprecated and will be removed in 1.6. Use the SAMME algorithm to circumvent this warning.
  warnings.warn(

2026-05-25 09:41:31,369:WARNING:c:\Users\HP\Documents\GitHub\ML-dating-app-behaviour\.venv\Lib\site-packages\sklearn\ensemble\_weight_boosting.py:519: FutureWarning: The SAMME.R algorithm (the default) is deprecated and will be removed in 1.6. Use the SAMME algorithm to circumvent this warning.
  warnings.warn(

2026-05-25 09:41:31,392:WARNING:c:\Users\HP\Documents\GitHub\ML-dating-app-behaviour\.venv\Lib\site-packages\sklearn\ensemble\_weight_boosting.py:519: FutureWarning: The SAMME.R algorithm (the default) is deprecated and will be removed in 1.6. Use the SAMME algorithm to circumvent this warning.
  warnings.warn(

2026-05-25 09:41:31,403:WARNING:c:\Users\HP\Documents\GitHub\ML-dating-app-behaviour\.venv\Lib\site-packages\sklearn\ensemble\_weight_boosting.py:519: FutureWarning: The SAMME.R algorithm (the default) is deprecated and will be removed in 1.6. Use the SAMME algorithm to circumvent this warning.
  warnings.warn(

2026-05-25 09:41:33,646:INFO:Calculating mean and std
2026-05-25 09:41:33,648:INFO:Creating metrics dataframe
2026-05-25 09:41:33,650:INFO:Uploading results into container
2026-05-25 09:41:33,651:INFO:Uploading model into container now
2026-05-25 09:41:33,651:INFO:_master_model_container: 9
2026-05-25 09:41:33,651:INFO:_display_container: 2
2026-05-25 09:41:33,652:INFO:AdaBoostClassifier(algorithm='SAMME.R', estimator=None, learning_rate=1.0,
                   n_estimators=50, random_state=123)
2026-05-25 09:41:33,652:INFO:create_model() successfully completed......................................
2026-05-25 09:41:33,779:INFO:SubProcess create_model() end ==================================
2026-05-25 09:41:33,779:INFO:Creating metrics dataframe
2026-05-25 09:41:33,782:INFO:Initializing Gradient Boosting Classifier
2026-05-25 09:41:33,782:INFO:Total runtime is 0.5553357203801473 minutes
2026-05-25 09:41:33,782:INFO:SubProcess create_model() called ==================================
2026-05-25 09:41:33,782:INFO:Initializing create_model()
2026-05-25 09:41:33,782:INFO:create_model(self=<pycaret.classification.oop.ClassificationExperiment object at 0x000001D4C9ED3710>, estimator=gbc, fold=StratifiedKFold(n_splits=10, random_state=None, shuffle=False), round=4, cross_validation=True, predict=True, fit_kwargs={}, groups=None, refit=False, probability_threshold=None, experiment_custom_tags=None, verbose=False, system=False, add_to_model_list=True, metrics=None, display=<pycaret.internal.display.display.CommonDisplay object at 0x000001D4B8CB0390>, model_only=True, return_train_score=False, error_score=0.0, kwargs={})
2026-05-25 09:41:33,782:INFO:Checking exceptions
2026-05-25 09:41:33,782:INFO:Importing libraries
2026-05-25 09:41:33,782:INFO:Copying training dataset
2026-05-25 09:41:33,833:INFO:Defining folds
2026-05-25 09:41:33,833:INFO:Declaring metric variables
2026-05-25 09:41:33,833:INFO:Importing untrained model
2026-05-25 09:41:33,833:INFO:Gradient Boosting Classifier Imported successfully
2026-05-25 09:41:33,834:INFO:Starting cross validation
2026-05-25 09:41:33,834:INFO:Cross validating with StratifiedKFold(n_splits=10, random_state=None, shuffle=False), n_jobs=-1
2026-05-25 09:41:42,734:INFO:Calculating mean and std
2026-05-25 09:41:42,735:INFO:Creating metrics dataframe
2026-05-25 09:41:42,737:INFO:Uploading results into container
2026-05-25 09:41:42,739:INFO:Uploading model into container now
2026-05-25 09:41:42,739:INFO:_master_model_container: 10
2026-05-25 09:41:42,739:INFO:_display_container: 2
2026-05-25 09:41:42,740:INFO:GradientBoostingClassifier(ccp_alpha=0.0, criterion='friedman_mse', init=None,
                           learning_rate=0.1, loss='log_loss', max_depth=3,
                           max_features=None, max_leaf_nodes=None,
                           min_impurity_decrease=0.0, min_samples_leaf=1,
                           min_samples_split=2, min_weight_fraction_leaf=0.0,
                           n_estimators=100, n_iter_no_change=None,
                           random_state=123, subsample=1.0, tol=0.0001,
                           validation_fraction=0.1, verbose=0,
                           warm_start=False)
2026-05-25 09:41:42,740:INFO:create_model() successfully completed......................................
2026-05-25 09:41:42,880:INFO:SubProcess create_model() end ==================================
2026-05-25 09:41:42,881:INFO:Creating metrics dataframe
2026-05-25 09:41:42,884:INFO:Initializing Linear Discriminant Analysis
2026-05-25 09:41:42,884:INFO:Total runtime is 0.7070358594258627 minutes
2026-05-25 09:41:42,885:INFO:SubProcess create_model() called ==================================
2026-05-25 09:41:42,885:INFO:Initializing create_model()
2026-05-25 09:41:42,885:INFO:create_model(self=<pycaret.classification.oop.ClassificationExperiment object at 0x000001D4C9ED3710>, estimator=lda, fold=StratifiedKFold(n_splits=10, random_state=None, shuffle=False), round=4, cross_validation=True, predict=True, fit_kwargs={}, groups=None, refit=False, probability_threshold=None, experiment_custom_tags=None, verbose=False, system=False, add_to_model_list=True, metrics=None, display=<pycaret.internal.display.display.CommonDisplay object at 0x000001D4B8CB0390>, model_only=True, return_train_score=False, error_score=0.0, kwargs={})
2026-05-25 09:41:42,885:INFO:Checking exceptions
2026-05-25 09:41:42,885:INFO:Importing libraries
2026-05-25 09:41:42,885:INFO:Copying training dataset
2026-05-25 09:41:42,941:INFO:Defining folds
2026-05-25 09:41:42,941:INFO:Declaring metric variables
2026-05-25 09:41:42,941:INFO:Importing untrained model
2026-05-25 09:41:42,942:INFO:Linear Discriminant Analysis Imported successfully
2026-05-25 09:41:42,942:INFO:Starting cross validation
2026-05-25 09:41:42,943:INFO:Cross validating with StratifiedKFold(n_splits=10, random_state=None, shuffle=False), n_jobs=-1
2026-05-25 09:41:43,966:WARNING:c:\Users\HP\Documents\GitHub\ML-dating-app-behaviour\.venv\Lib\site-packages\sklearn\metrics\_classification.py:1509: UndefinedMetricWarning: Precision is ill-defined and being set to 0.0 due to no predicted samples. Use `zero_division` parameter to control this behavior.
  _warn_prf(average, modifier, f"{metric.capitalize()} is", len(result))

2026-05-25 09:41:44,017:WARNING:c:\Users\HP\Documents\GitHub\ML-dating-app-behaviour\.venv\Lib\site-packages\sklearn\metrics\_classification.py:1509: UndefinedMetricWarning: Precision is ill-defined and being set to 0.0 due to no predicted samples. Use `zero_division` parameter to control this behavior.
  _warn_prf(average, modifier, f"{metric.capitalize()} is", len(result))

2026-05-25 09:41:44,108:WARNING:c:\Users\HP\Documents\GitHub\ML-dating-app-behaviour\.venv\Lib\site-packages\sklearn\metrics\_classification.py:1509: UndefinedMetricWarning: Precision is ill-defined and being set to 0.0 due to no predicted samples. Use `zero_division` parameter to control this behavior.
  _warn_prf(average, modifier, f"{metric.capitalize()} is", len(result))

2026-05-25 09:41:44,112:WARNING:c:\Users\HP\Documents\GitHub\ML-dating-app-behaviour\.venv\Lib\site-packages\sklearn\metrics\_classification.py:1509: UndefinedMetricWarning: Precision is ill-defined and being set to 0.0 due to no predicted samples. Use `zero_division` parameter to control this behavior.
  _warn_prf(average, modifier, f"{metric.capitalize()} is", len(result))

2026-05-25 09:41:44,146:WARNING:c:\Users\HP\Documents\GitHub\ML-dating-app-behaviour\.venv\Lib\site-packages\sklearn\metrics\_classification.py:1509: UndefinedMetricWarning: Precision is ill-defined and being set to 0.0 due to no predicted samples. Use `zero_division` parameter to control this behavior.
  _warn_prf(average, modifier, f"{metric.capitalize()} is", len(result))

2026-05-25 09:41:44,169:WARNING:c:\Users\HP\Documents\GitHub\ML-dating-app-behaviour\.venv\Lib\site-packages\sklearn\metrics\_classification.py:1509: UndefinedMetricWarning: Precision is ill-defined and being set to 0.0 due to no predicted samples. Use `zero_division` parameter to control this behavior.
  _warn_prf(average, modifier, f"{metric.capitalize()} is", len(result))

2026-05-25 09:41:44,201:INFO:Calculating mean and std
2026-05-25 09:41:44,207:INFO:Creating metrics dataframe
2026-05-25 09:41:44,211:INFO:Uploading results into container
2026-05-25 09:41:44,212:INFO:Uploading model into container now
2026-05-25 09:41:44,212:INFO:_master_model_container: 11
2026-05-25 09:41:44,213:INFO:_display_container: 2
2026-05-25 09:41:44,213:INFO:LinearDiscriminantAnalysis(covariance_estimator=None, n_components=None,
                           priors=None, shrinkage=None, solver='svd',
                           store_covariance=False, tol=0.0001)
2026-05-25 09:41:44,213:INFO:create_model() successfully completed......................................
2026-05-25 09:41:44,432:INFO:SubProcess create_model() end ==================================
2026-05-25 09:41:44,432:INFO:Creating metrics dataframe
2026-05-25 09:41:44,434:INFO:Initializing Extra Trees Classifier
2026-05-25 09:41:44,435:INFO:Total runtime is 0.7328866402308146 minutes
2026-05-25 09:41:44,435:INFO:SubProcess create_model() called ==================================
2026-05-25 09:41:44,435:INFO:Initializing create_model()
2026-05-25 09:41:44,435:INFO:create_model(self=<pycaret.classification.oop.ClassificationExperiment object at 0x000001D4C9ED3710>, estimator=et, fold=StratifiedKFold(n_splits=10, random_state=None, shuffle=False), round=4, cross_validation=True, predict=True, fit_kwargs={}, groups=None, refit=False, probability_threshold=None, experiment_custom_tags=None, verbose=False, system=False, add_to_model_list=True, metrics=None, display=<pycaret.internal.display.display.CommonDisplay object at 0x000001D4B8CB0390>, model_only=True, return_train_score=False, error_score=0.0, kwargs={})
2026-05-25 09:41:44,435:INFO:Checking exceptions
2026-05-25 09:41:44,435:INFO:Importing libraries
2026-05-25 09:41:44,435:INFO:Copying training dataset
2026-05-25 09:41:44,493:INFO:Defining folds
2026-05-25 09:41:44,493:INFO:Declaring metric variables
2026-05-25 09:41:44,494:INFO:Importing untrained model
2026-05-25 09:41:44,494:INFO:Extra Trees Classifier Imported successfully
2026-05-25 09:41:44,495:INFO:Starting cross validation
2026-05-25 09:41:44,496:INFO:Cross validating with StratifiedKFold(n_splits=10, random_state=None, shuffle=False), n_jobs=-1
2026-05-25 09:41:57,658:INFO:Calculating mean and std
2026-05-25 09:41:57,662:INFO:Creating metrics dataframe
2026-05-25 09:41:57,665:INFO:Uploading results into container
2026-05-25 09:41:57,666:INFO:Uploading model into container now
2026-05-25 09:41:57,668:INFO:_master_model_container: 12
2026-05-25 09:41:57,668:INFO:_display_container: 2
2026-05-25 09:41:57,670:INFO:ExtraTreesClassifier(bootstrap=False, ccp_alpha=0.0, class_weight=None,
                     criterion='gini', max_depth=None, max_features='sqrt',
                     max_leaf_nodes=None, max_samples=None,
                     min_impurity_decrease=0.0, min_samples_leaf=1,
                     min_samples_split=2, min_weight_fraction_leaf=0.0,
                     monotonic_cst=None, n_estimators=100, n_jobs=-1,
                     oob_score=False, random_state=123, verbose=0,
                     warm_start=False)
2026-05-25 09:41:57,670:INFO:create_model() successfully completed......................................
2026-05-25 09:41:57,969:INFO:SubProcess create_model() end ==================================
2026-05-25 09:41:57,970:INFO:Creating metrics dataframe
2026-05-25 09:41:57,975:INFO:Initializing Extreme Gradient Boosting
2026-05-25 09:41:57,975:INFO:Total runtime is 0.9585528095563253 minutes
2026-05-25 09:41:57,975:INFO:SubProcess create_model() called ==================================
2026-05-25 09:41:57,975:INFO:Initializing create_model()
2026-05-25 09:41:57,975:INFO:create_model(self=<pycaret.classification.oop.ClassificationExperiment object at 0x000001D4C9ED3710>, estimator=xgboost, fold=StratifiedKFold(n_splits=10, random_state=None, shuffle=False), round=4, cross_validation=True, predict=True, fit_kwargs={}, groups=None, refit=False, probability_threshold=None, experiment_custom_tags=None, verbose=False, system=False, add_to_model_list=True, metrics=None, display=<pycaret.internal.display.display.CommonDisplay object at 0x000001D4B8CB0390>, model_only=True, return_train_score=False, error_score=0.0, kwargs={})
2026-05-25 09:41:57,975:INFO:Checking exceptions
2026-05-25 09:41:57,975:INFO:Importing libraries
2026-05-25 09:41:57,975:INFO:Copying training dataset
2026-05-25 09:41:58,045:INFO:Defining folds
2026-05-25 09:41:58,045:INFO:Declaring metric variables
2026-05-25 09:41:58,046:INFO:Importing untrained model
2026-05-25 09:41:58,047:INFO:Extreme Gradient Boosting Imported successfully
2026-05-25 09:41:58,048:INFO:Starting cross validation
2026-05-25 09:41:58,048:INFO:Cross validating with StratifiedKFold(n_splits=10, random_state=None, shuffle=False), n_jobs=-1
2026-05-25 09:42:08,284:INFO:Calculating mean and std
2026-05-25 09:42:08,285:INFO:Creating metrics dataframe
2026-05-25 09:42:08,287:INFO:Uploading results into container
2026-05-25 09:42:08,287:INFO:Uploading model into container now
2026-05-25 09:42:08,287:INFO:_master_model_container: 13
2026-05-25 09:42:08,287:INFO:_display_container: 2
2026-05-25 09:42:08,289:INFO:XGBClassifier(base_score=None, booster='gbtree', callbacks=None,
              colsample_bylevel=None, colsample_bynode=None,
              colsample_bytree=None, device='cpu', early_stopping_rounds=None,
              enable_categorical=False, eval_metric=None, feature_types=None,
              feature_weights=None, gamma=None, grow_policy=None,
              importance_type=None, interaction_constraints=None,
              learning_rate=None, max_bin=None, max_cat_threshold=None,
              max_cat_to_onehot=None, max_delta_step=None, max_depth=None,
              max_leaves=None, min_child_weight=None, missing=nan,
              monotone_constraints=None, multi_strategy=None, n_estimators=None,
              n_jobs=-1, num_parallel_tree=None, ...)
2026-05-25 09:42:08,289:INFO:create_model() successfully completed......................................
2026-05-25 09:42:08,410:INFO:SubProcess create_model() end ==================================
2026-05-25 09:42:08,410:INFO:Creating metrics dataframe
2026-05-25 09:42:08,412:INFO:Initializing Light Gradient Boosting Machine
2026-05-25 09:42:08,413:INFO:Total runtime is 1.1325024644533792 minutes
2026-05-25 09:42:08,413:INFO:SubProcess create_model() called ==================================
2026-05-25 09:42:08,413:INFO:Initializing create_model()
2026-05-25 09:42:08,413:INFO:create_model(self=<pycaret.classification.oop.ClassificationExperiment object at 0x000001D4C9ED3710>, estimator=lightgbm, fold=StratifiedKFold(n_splits=10, random_state=None, shuffle=False), round=4, cross_validation=True, predict=True, fit_kwargs={}, groups=None, refit=False, probability_threshold=None, experiment_custom_tags=None, verbose=False, system=False, add_to_model_list=True, metrics=None, display=<pycaret.internal.display.display.CommonDisplay object at 0x000001D4B8CB0390>, model_only=True, return_train_score=False, error_score=0.0, kwargs={})
2026-05-25 09:42:08,413:INFO:Checking exceptions
2026-05-25 09:42:08,413:INFO:Importing libraries
2026-05-25 09:42:08,413:INFO:Copying training dataset
2026-05-25 09:42:08,461:INFO:Defining folds
2026-05-25 09:42:08,461:INFO:Declaring metric variables
2026-05-25 09:42:08,462:INFO:Importing untrained model
2026-05-25 09:42:08,462:INFO:Light Gradient Boosting Machine Imported successfully
2026-05-25 09:42:08,462:INFO:Starting cross validation
2026-05-25 09:42:08,464:INFO:Cross validating with StratifiedKFold(n_splits=10, random_state=None, shuffle=False), n_jobs=-1
2026-05-25 09:42:10,657:INFO:Calculating mean and std
2026-05-25 09:42:10,658:INFO:Creating metrics dataframe
2026-05-25 09:42:10,661:INFO:Uploading results into container
2026-05-25 09:42:10,661:INFO:Uploading model into container now
2026-05-25 09:42:10,662:INFO:_master_model_container: 14
2026-05-25 09:42:10,662:INFO:_display_container: 2
2026-05-25 09:42:10,663:INFO:LGBMClassifier(boosting_type='gbdt', class_weight=None, colsample_bytree=1.0,
               importance_type='split', learning_rate=0.1, max_depth=-1,
               min_child_samples=20, min_child_weight=0.001, min_split_gain=0.0,
               n_estimators=100, n_jobs=-1, num_leaves=31, objective=None,
               random_state=123, reg_alpha=0.0, reg_lambda=0.0, subsample=1.0,
               subsample_for_bin=200000, subsample_freq=0)
2026-05-25 09:42:10,663:INFO:create_model() successfully completed......................................
2026-05-25 09:42:10,844:INFO:SubProcess create_model() end ==================================
2026-05-25 09:42:10,845:INFO:Creating metrics dataframe
2026-05-25 09:42:10,847:INFO:Initializing Dummy Classifier
2026-05-25 09:42:10,847:INFO:Total runtime is 1.1730918248494464 minutes
2026-05-25 09:42:10,847:INFO:SubProcess create_model() called ==================================
2026-05-25 09:42:10,847:INFO:Initializing create_model()
2026-05-25 09:42:10,847:INFO:create_model(self=<pycaret.classification.oop.ClassificationExperiment object at 0x000001D4C9ED3710>, estimator=dummy, fold=StratifiedKFold(n_splits=10, random_state=None, shuffle=False), round=4, cross_validation=True, predict=True, fit_kwargs={}, groups=None, refit=False, probability_threshold=None, experiment_custom_tags=None, verbose=False, system=False, add_to_model_list=True, metrics=None, display=<pycaret.internal.display.display.CommonDisplay object at 0x000001D4B8CB0390>, model_only=True, return_train_score=False, error_score=0.0, kwargs={})
2026-05-25 09:42:10,847:INFO:Checking exceptions
2026-05-25 09:42:10,847:INFO:Importing libraries
2026-05-25 09:42:10,848:INFO:Copying training dataset
2026-05-25 09:42:10,899:INFO:Defining folds
2026-05-25 09:42:10,900:INFO:Declaring metric variables
2026-05-25 09:42:10,900:INFO:Importing untrained model
2026-05-25 09:42:10,900:INFO:Dummy Classifier Imported successfully
2026-05-25 09:42:10,900:INFO:Starting cross validation
2026-05-25 09:42:10,901:INFO:Cross validating with StratifiedKFold(n_splits=10, random_state=None, shuffle=False), n_jobs=-1
2026-05-25 09:42:11,104:WARNING:c:\Users\HP\Documents\GitHub\ML-dating-app-behaviour\.venv\Lib\site-packages\sklearn\metrics\_classification.py:1509: UndefinedMetricWarning: Precision is ill-defined and being set to 0.0 due to no predicted samples. Use `zero_division` parameter to control this behavior.
  _warn_prf(average, modifier, f"{metric.capitalize()} is", len(result))

2026-05-25 09:42:11,136:WARNING:c:\Users\HP\Documents\GitHub\ML-dating-app-behaviour\.venv\Lib\site-packages\sklearn\metrics\_classification.py:1509: UndefinedMetricWarning: Precision is ill-defined and being set to 0.0 due to no predicted samples. Use `zero_division` parameter to control this behavior.
  _warn_prf(average, modifier, f"{metric.capitalize()} is", len(result))

2026-05-25 09:42:11,166:WARNING:c:\Users\HP\Documents\GitHub\ML-dating-app-behaviour\.venv\Lib\site-packages\sklearn\metrics\_classification.py:1509: UndefinedMetricWarning: Precision is ill-defined and being set to 0.0 due to no predicted samples. Use `zero_division` parameter to control this behavior.
  _warn_prf(average, modifier, f"{metric.capitalize()} is", len(result))

2026-05-25 09:42:11,208:WARNING:c:\Users\HP\Documents\GitHub\ML-dating-app-behaviour\.venv\Lib\site-packages\sklearn\metrics\_classification.py:1509: UndefinedMetricWarning: Precision is ill-defined and being set to 0.0 due to no predicted samples. Use `zero_division` parameter to control this behavior.
  _warn_prf(average, modifier, f"{metric.capitalize()} is", len(result))

2026-05-25 09:42:11,210:WARNING:c:\Users\HP\Documents\GitHub\ML-dating-app-behaviour\.venv\Lib\site-packages\sklearn\metrics\_classification.py:1509: UndefinedMetricWarning: Precision is ill-defined and being set to 0.0 due to no predicted samples. Use `zero_division` parameter to control this behavior.
  _warn_prf(average, modifier, f"{metric.capitalize()} is", len(result))

2026-05-25 09:42:11,230:WARNING:c:\Users\HP\Documents\GitHub\ML-dating-app-behaviour\.venv\Lib\site-packages\sklearn\metrics\_classification.py:1509: UndefinedMetricWarning: Precision is ill-defined and being set to 0.0 due to no predicted samples. Use `zero_division` parameter to control this behavior.
  _warn_prf(average, modifier, f"{metric.capitalize()} is", len(result))

2026-05-25 09:42:11,233:WARNING:c:\Users\HP\Documents\GitHub\ML-dating-app-behaviour\.venv\Lib\site-packages\sklearn\metrics\_classification.py:1509: UndefinedMetricWarning: Precision is ill-defined and being set to 0.0 due to no predicted samples. Use `zero_division` parameter to control this behavior.
  _warn_prf(average, modifier, f"{metric.capitalize()} is", len(result))

2026-05-25 09:42:11,251:WARNING:c:\Users\HP\Documents\GitHub\ML-dating-app-behaviour\.venv\Lib\site-packages\sklearn\metrics\_classification.py:1509: UndefinedMetricWarning: Precision is ill-defined and being set to 0.0 due to no predicted samples. Use `zero_division` parameter to control this behavior.
  _warn_prf(average, modifier, f"{metric.capitalize()} is", len(result))

2026-05-25 09:42:11,270:WARNING:c:\Users\HP\Documents\GitHub\ML-dating-app-behaviour\.venv\Lib\site-packages\sklearn\metrics\_classification.py:1509: UndefinedMetricWarning: Precision is ill-defined and being set to 0.0 due to no predicted samples. Use `zero_division` parameter to control this behavior.
  _warn_prf(average, modifier, f"{metric.capitalize()} is", len(result))

2026-05-25 09:42:11,275:WARNING:c:\Users\HP\Documents\GitHub\ML-dating-app-behaviour\.venv\Lib\site-packages\sklearn\metrics\_classification.py:1509: UndefinedMetricWarning: Precision is ill-defined and being set to 0.0 due to no predicted samples. Use `zero_division` parameter to control this behavior.
  _warn_prf(average, modifier, f"{metric.capitalize()} is", len(result))

2026-05-25 09:42:11,285:INFO:Calculating mean and std
2026-05-25 09:42:11,286:INFO:Creating metrics dataframe
2026-05-25 09:42:11,288:INFO:Uploading results into container
2026-05-25 09:42:11,288:INFO:Uploading model into container now
2026-05-25 09:42:11,289:INFO:_master_model_container: 15
2026-05-25 09:42:11,289:INFO:_display_container: 2
2026-05-25 09:42:11,289:INFO:DummyClassifier(constant=None, random_state=123, strategy='prior')
2026-05-25 09:42:11,289:INFO:create_model() successfully completed......................................
2026-05-25 09:42:11,409:INFO:SubProcess create_model() end ==================================
2026-05-25 09:42:11,409:INFO:Creating metrics dataframe
2026-05-25 09:42:11,415:INFO:Initializing create_model()
2026-05-25 09:42:11,415:INFO:create_model(self=<pycaret.classification.oop.ClassificationExperiment object at 0x000001D4C9ED3710>, estimator=SGDClassifier(alpha=0.0001, average=False, class_weight=None,
              early_stopping=False, epsilon=0.1, eta0=0.001, fit_intercept=True,
              l1_ratio=0.15, learning_rate='optimal', loss='hinge',
              max_iter=1000, n_iter_no_change=5, n_jobs=-1, penalty='l2',
              power_t=0.5, random_state=123, shuffle=True, tol=0.001,
              validation_fraction=0.1, verbose=0, warm_start=False), fold=StratifiedKFold(n_splits=10, random_state=None, shuffle=False), round=4, cross_validation=False, predict=False, fit_kwargs={}, groups=None, refit=True, probability_threshold=None, experiment_custom_tags=None, verbose=False, system=False, add_to_model_list=True, metrics=None, display=None, model_only=True, return_train_score=False, error_score=0.0, kwargs={})
2026-05-25 09:42:11,416:INFO:Checking exceptions
2026-05-25 09:42:11,418:INFO:Importing libraries
2026-05-25 09:42:11,418:INFO:Copying training dataset
2026-05-25 09:42:11,468:INFO:Defining folds
2026-05-25 09:42:11,468:INFO:Declaring metric variables
2026-05-25 09:42:11,468:INFO:Importing untrained model
2026-05-25 09:42:11,468:INFO:Declaring custom model
2026-05-25 09:42:11,468:INFO:SVM - Linear Kernel Imported successfully
2026-05-25 09:42:11,470:INFO:Cross validation set to False
2026-05-25 09:42:11,470:INFO:Fitting Model
2026-05-25 09:42:11,918:INFO:SGDClassifier(alpha=0.0001, average=False, class_weight=None,
              early_stopping=False, epsilon=0.1, eta0=0.001, fit_intercept=True,
              l1_ratio=0.15, learning_rate='optimal', loss='hinge',
              max_iter=1000, n_iter_no_change=5, n_jobs=-1, penalty='l2',
              power_t=0.5, random_state=123, shuffle=True, tol=0.001,
              validation_fraction=0.1, verbose=0, warm_start=False)
2026-05-25 09:42:11,918:INFO:create_model() successfully completed......................................
2026-05-25 09:42:12,051:INFO:_master_model_container: 15
2026-05-25 09:42:12,052:INFO:_display_container: 2
2026-05-25 09:42:12,052:INFO:SGDClassifier(alpha=0.0001, average=False, class_weight=None,
              early_stopping=False, epsilon=0.1, eta0=0.001, fit_intercept=True,
              l1_ratio=0.15, learning_rate='optimal', loss='hinge',
              max_iter=1000, n_iter_no_change=5, n_jobs=-1, penalty='l2',
              power_t=0.5, random_state=123, shuffle=True, tol=0.001,
              validation_fraction=0.1, verbose=0, warm_start=False)
2026-05-25 09:42:12,052:INFO:compare_models() successfully completed......................................
2026-05-25 11:06:57,017:INFO:PyCaret ClassificationExperiment
2026-05-25 11:06:57,021:INFO:Logging name: clf-default-name
2026-05-25 11:06:57,022:INFO:ML Usecase: MLUsecase.CLASSIFICATION
2026-05-25 11:06:57,030:INFO:version 3.3.2
2026-05-25 11:06:57,030:INFO:Initializing setup()
2026-05-25 11:06:57,030:INFO:self.USI: 58e4
2026-05-25 11:06:57,030:INFO:self._variable_keys: {'fold_groups_param', 'exp_name_log', 'y', '_ml_usecase', 'gpu_param', 'memory', 'data', 'y_train', 'X', 'logging_param', '_available_plots', 'fold_shuffle_param', 'is_multiclass', 'X_test', 'fix_imbalance', 'idx', 'html_param', 'exp_id', 'n_jobs_param', 'target_param', 'pipeline', 'gpu_n_jobs_param', 'USI', 'X_train', 'y_test', 'seed', 'log_plots_param', 'fold_generator'}
2026-05-25 11:06:57,032:INFO:Checking environment
2026-05-25 11:06:57,034:INFO:python_version: 3.11.9
2026-05-25 11:06:57,034:INFO:python_build: ('tags/v3.11.9:de54cf5', 'Apr  2 2024 10:12:12')
2026-05-25 11:06:57,035:INFO:machine: AMD64
2026-05-25 11:06:57,035:INFO:platform: Windows-10-10.0.26200-SP0
2026-05-25 11:06:57,037:INFO:Memory: svmem(total=25087217664, available=1851392000, percent=92.6, used=23235825664, free=1851392000)
2026-05-25 11:06:57,039:INFO:Physical Core: 6
2026-05-25 11:06:57,040:INFO:Logical Core: 12
2026-05-25 11:06:57,042:INFO:Checking libraries
2026-05-25 11:06:57,044:INFO:System:
2026-05-25 11:06:57,046:INFO:    python: 3.11.9 (tags/v3.11.9:de54cf5, Apr  2 2024, 10:12:12) [MSC v.1938 64 bit (AMD64)]
2026-05-25 11:06:57,046:INFO:executable: c:\Users\HP\Documents\GitHub\ML-dating-app-behaviour\.venv\Scripts\python.exe
2026-05-25 11:06:57,046:INFO:   machine: Windows-10-10.0.26200-SP0
2026-05-25 11:06:57,046:INFO:PyCaret required dependencies:
2026-05-25 11:06:57,058:INFO:                 pip: 26.1.1
2026-05-25 11:06:57,059:INFO:          setuptools: 65.5.0
2026-05-25 11:06:57,059:INFO:             pycaret: 3.3.2
2026-05-25 11:06:57,059:INFO:             IPython: 9.13.0
2026-05-25 11:06:57,059:INFO:          ipywidgets: 8.1.8
2026-05-25 11:06:57,059:INFO:                tqdm: 4.67.3
2026-05-25 11:06:57,059:INFO:               numpy: 1.26.4
2026-05-25 11:06:57,059:INFO:              pandas: 2.1.4
2026-05-25 11:06:57,059:INFO:              jinja2: 3.1.6
2026-05-25 11:06:57,059:INFO:               scipy: 1.11.4
2026-05-25 11:06:57,059:INFO:              joblib: 1.3.2
2026-05-25 11:06:57,059:INFO:             sklearn: 1.4.2
2026-05-25 11:06:57,059:INFO:                pyod: 3.4.0
2026-05-25 11:06:57,059:INFO:            imblearn: 0.14.1
2026-05-25 11:06:57,060:INFO:   category_encoders: 2.7.0
2026-05-25 11:06:57,060:INFO:            lightgbm: 4.6.0
2026-05-25 11:06:57,060:INFO:               numba: 0.65.1
2026-05-25 11:06:57,060:INFO:            requests: 2.34.2
2026-05-25 11:06:57,060:INFO:          matplotlib: 3.7.5
2026-05-25 11:06:57,060:INFO:          scikitplot: 0.3.7
2026-05-25 11:06:57,060:INFO:         yellowbrick: 1.5
2026-05-25 11:06:57,060:INFO:              plotly: 6.7.0
2026-05-25 11:06:57,060:INFO:    plotly-resampler: Not installed
2026-05-25 11:06:57,060:INFO:             kaleido: 1.3.0
2026-05-25 11:06:57,060:INFO:           schemdraw: 0.15
2026-05-25 11:06:57,061:INFO:         statsmodels: 0.14.6
2026-05-25 11:06:57,061:INFO:              sktime: 0.26.0
2026-05-25 11:06:57,061:INFO:               tbats: 1.1.3
2026-05-25 11:06:57,061:INFO:            pmdarima: 2.0.4
2026-05-25 11:06:57,061:INFO:              psutil: 7.2.2
2026-05-25 11:06:57,061:INFO:          markupsafe: 3.0.3
2026-05-25 11:06:57,061:INFO:             pickle5: Not installed
2026-05-25 11:06:57,061:INFO:         cloudpickle: 3.1.2
2026-05-25 11:06:57,061:INFO:         deprecation: 2.1.0
2026-05-25 11:06:57,061:INFO:              xxhash: 3.7.0
2026-05-25 11:06:57,061:INFO:           wurlitzer: Not installed
2026-05-25 11:06:57,061:INFO:PyCaret optional dependencies:
2026-05-25 11:06:57,062:INFO:                shap: 0.49.1
2026-05-25 11:06:57,062:INFO:           interpret: Not installed
2026-05-25 11:06:57,063:INFO:                umap: Not installed
2026-05-25 11:06:57,063:INFO:     ydata_profiling: Not installed
2026-05-25 11:06:57,063:INFO:  explainerdashboard: Not installed
2026-05-25 11:06:57,063:INFO:             autoviz: Not installed
2026-05-25 11:06:57,063:INFO:           fairlearn: Not installed
2026-05-25 11:06:57,063:INFO:          deepchecks: Not installed
2026-05-25 11:06:57,063:INFO:             xgboost: 3.2.0
2026-05-25 11:06:57,063:INFO:            catboost: Not installed
2026-05-25 11:06:57,063:INFO:              kmodes: Not installed
2026-05-25 11:06:57,063:INFO:             mlxtend: Not installed
2026-05-25 11:06:57,063:INFO:       statsforecast: Not installed
2026-05-25 11:06:57,063:INFO:        tune_sklearn: Not installed
2026-05-25 11:06:57,063:INFO:                 ray: Not installed
2026-05-25 11:06:57,063:INFO:            hyperopt: Not installed
2026-05-25 11:06:57,063:INFO:              optuna: Not installed
2026-05-25 11:06:57,063:INFO:               skopt: Not installed
2026-05-25 11:06:57,063:INFO:              mlflow: Not installed
2026-05-25 11:06:57,064:INFO:              gradio: Not installed
2026-05-25 11:06:57,064:INFO:             fastapi: Not installed
2026-05-25 11:06:57,064:INFO:             uvicorn: Not installed
2026-05-25 11:06:57,064:INFO:              m2cgen: Not installed
2026-05-25 11:06:57,064:INFO:           evidently: Not installed
2026-05-25 11:06:57,064:INFO:               fugue: Not installed
2026-05-25 11:06:57,064:INFO:           streamlit: Not installed
2026-05-25 11:06:57,064:INFO:             prophet: Not installed
2026-05-25 11:06:57,064:INFO:None
2026-05-25 11:06:57,064:INFO:Set up GPU usage.
2026-05-25 11:06:57,065:WARNING:
'cuml' is a soft dependency and not included in the pycaret installation. Please run: `pip install cuml` to install.
2026-05-25 11:06:57,066:WARNING:cuML is outdated or not found. Required version is >=23.08.
                Please visit https://rapids.ai/install for installation instructions.
2026-05-25 11:06:57,068:INFO:Set up data.
2026-05-25 11:06:57,255:INFO:Set up folding strategy.
2026-05-25 11:06:57,258:INFO:Set up train/test split.
2026-05-25 11:06:57,463:INFO:Set up index.
2026-05-25 11:06:57,473:INFO:Assigning column types.
2026-05-25 11:06:57,619:INFO:Engine successfully changes for model 'lr' to 'sklearn'.
2026-05-25 11:06:57,628:WARNING:
'cuml' is a soft dependency and not included in the pycaret installation. Please run: `pip install cuml` to install.
2026-05-25 11:06:57,725:INFO:Engine for model 'knn' has not been set explicitly, hence returning None.
2026-05-25 11:06:57,727:WARNING:
'cuml' is a soft dependency and not included in the pycaret installation. Please run: `pip install cuml` to install.
2026-05-25 11:06:57,738:WARNING:
'cuml' is a soft dependency and not included in the pycaret installation. Please run: `pip install cuml` to install.
2026-05-25 11:06:57,746:INFO:Engine for model 'rbfsvm' has not been set explicitly, hence returning None.
2026-05-25 11:06:57,746:WARNING:
'cuml' is a soft dependency and not included in the pycaret installation. Please run: `pip install cuml` to install.
2026-05-25 11:06:57,799:WARNING:
'cuml' is a soft dependency and not included in the pycaret installation. Please run: `pip install cuml` to install.
2026-05-25 11:06:57,809:WARNING:
'cuml' is a soft dependency and not included in the pycaret installation. Please run: `pip install cuml` to install.
2026-05-25 11:06:57,832:INFO:Soft dependency imported: xgboost: 3.2.0
2026-05-25 11:07:23,583:WARNING:
'catboost' is a soft dependency and not included in the pycaret installation. Please run: `pip install catboost` to install.
Alternately, you can install this by running `pip install pycaret[models]`
2026-05-25 11:07:23,587:WARNING:
'cuml' is a soft dependency and not included in the pycaret installation. Please run: `pip install cuml` to install.
2026-05-25 11:07:23,705:INFO:Engine for model 'knn' has not been set explicitly, hence returning None.
2026-05-25 11:07:23,705:WARNING:
'cuml' is a soft dependency and not included in the pycaret installation. Please run: `pip install cuml` to install.
2026-05-25 11:07:23,706:WARNING:
'cuml' is a soft dependency and not included in the pycaret installation. Please run: `pip install cuml` to install.
2026-05-25 11:07:23,709:INFO:Engine for model 'rbfsvm' has not been set explicitly, hence returning None.
2026-05-25 11:07:23,710:WARNING:
'cuml' is a soft dependency and not included in the pycaret installation. Please run: `pip install cuml` to install.
2026-05-25 11:07:23,758:WARNING:
'cuml' is a soft dependency and not included in the pycaret installation. Please run: `pip install cuml` to install.
2026-05-25 11:07:23,768:WARNING:
'cuml' is a soft dependency and not included in the pycaret installation. Please run: `pip install cuml` to install.
2026-05-25 11:07:23,770:INFO:Soft dependency imported: xgboost: 3.2.0
2026-05-25 11:07:24,546:WARNING:
'catboost' is a soft dependency and not included in the pycaret installation. Please run: `pip install catboost` to install.
Alternately, you can install this by running `pip install pycaret[models]`
2026-05-25 11:07:24,547:INFO:Engine successfully changes for model 'knn' to 'sklearn'.
2026-05-25 11:07:24,547:WARNING:
'cuml' is a soft dependency and not included in the pycaret installation. Please run: `pip install cuml` to install.
2026-05-25 11:07:24,629:WARNING:
'cuml' is a soft dependency and not included in the pycaret installation. Please run: `pip install cuml` to install.
2026-05-25 11:07:24,631:WARNING:
'cuml' is a soft dependency and not included in the pycaret installation. Please run: `pip install cuml` to install.
2026-05-25 11:07:24,632:INFO:Engine for model 'rbfsvm' has not been set explicitly, hence returning None.
2026-05-25 11:07:24,633:WARNING:
'cuml' is a soft dependency and not included in the pycaret installation. Please run: `pip install cuml` to install.
2026-05-25 11:07:24,673:WARNING:
'cuml' is a soft dependency and not included in the pycaret installation. Please run: `pip install cuml` to install.
2026-05-25 11:07:24,681:WARNING:
'cuml' is a soft dependency and not included in the pycaret installation. Please run: `pip install cuml` to install.
2026-05-25 11:07:24,684:INFO:Soft dependency imported: xgboost: 3.2.0
2026-05-25 11:07:25,587:WARNING:
'catboost' is a soft dependency and not included in the pycaret installation. Please run: `pip install catboost` to install.
Alternately, you can install this by running `pip install pycaret[models]`
2026-05-25 11:07:25,588:WARNING:
'cuml' is a soft dependency and not included in the pycaret installation. Please run: `pip install cuml` to install.
2026-05-25 11:07:25,681:WARNING:
'cuml' is a soft dependency and not included in the pycaret installation. Please run: `pip install cuml` to install.
2026-05-25 11:07:25,681:WARNING:
'cuml' is a soft dependency and not included in the pycaret installation. Please run: `pip install cuml` to install.
2026-05-25 11:07:25,683:INFO:Engine for model 'rbfsvm' has not been set explicitly, hence returning None.
2026-05-25 11:07:25,683:WARNING:
'cuml' is a soft dependency and not included in the pycaret installation. Please run: `pip install cuml` to install.
2026-05-25 11:07:25,737:WARNING:
'cuml' is a soft dependency and not included in the pycaret installation. Please run: `pip install cuml` to install.
2026-05-25 11:07:25,745:WARNING:
'cuml' is a soft dependency and not included in the pycaret installation. Please run: `pip install cuml` to install.
2026-05-25 11:07:25,749:INFO:Soft dependency imported: xgboost: 3.2.0
2026-05-25 11:07:26,351:WARNING:
'catboost' is a soft dependency and not included in the pycaret installation. Please run: `pip install catboost` to install.
Alternately, you can install this by running `pip install pycaret[models]`
2026-05-25 11:07:26,352:INFO:Engine successfully changes for model 'rbfsvm' to 'sklearn'.
2026-05-25 11:07:26,353:WARNING:
'cuml' is a soft dependency and not included in the pycaret installation. Please run: `pip install cuml` to install.
2026-05-25 11:07:26,442:WARNING:
'cuml' is a soft dependency and not included in the pycaret installation. Please run: `pip install cuml` to install.
2026-05-25 11:07:26,443:WARNING:
'cuml' is a soft dependency and not included in the pycaret installation. Please run: `pip install cuml` to install.
2026-05-25 11:07:26,445:WARNING:
'cuml' is a soft dependency and not included in the pycaret installation. Please run: `pip install cuml` to install.
2026-05-25 11:07:26,494:WARNING:
'cuml' is a soft dependency and not included in the pycaret installation. Please run: `pip install cuml` to install.
2026-05-25 11:07:26,504:WARNING:
'cuml' is a soft dependency and not included in the pycaret installation. Please run: `pip install cuml` to install.
2026-05-25 11:07:26,506:INFO:Soft dependency imported: xgboost: 3.2.0
2026-05-25 11:07:27,104:WARNING:
'catboost' is a soft dependency and not included in the pycaret installation. Please run: `pip install catboost` to install.
Alternately, you can install this by running `pip install pycaret[models]`
2026-05-25 11:07:27,105:WARNING:
'cuml' is a soft dependency and not included in the pycaret installation. Please run: `pip install cuml` to install.
2026-05-25 11:07:27,237:WARNING:
'cuml' is a soft dependency and not included in the pycaret installation. Please run: `pip install cuml` to install.
2026-05-25 11:07:27,239:WARNING:
'cuml' is a soft dependency and not included in the pycaret installation. Please run: `pip install cuml` to install.
2026-05-25 11:07:27,249:WARNING:
'cuml' is a soft dependency and not included in the pycaret installation. Please run: `pip install cuml` to install.
2026-05-25 11:07:27,329:WARNING:
'cuml' is a soft dependency and not included in the pycaret installation. Please run: `pip install cuml` to install.
2026-05-25 11:07:27,349:WARNING:
'cuml' is a soft dependency and not included in the pycaret installation. Please run: `pip install cuml` to install.
2026-05-25 11:07:27,351:INFO:Soft dependency imported: xgboost: 3.2.0
2026-05-25 11:07:28,015:WARNING:
'catboost' is a soft dependency and not included in the pycaret installation. Please run: `pip install catboost` to install.
Alternately, you can install this by running `pip install pycaret[models]`
2026-05-25 11:07:28,030:INFO:Preparing preprocessing pipeline...
2026-05-25 11:07:28,048:INFO:Set up simple imputation.
2026-05-25 11:07:28,063:INFO:Set up column name cleaning.
2026-05-25 11:07:28,442:INFO:Finished creating preprocessing pipeline.
2026-05-25 11:07:28,453:INFO:Pipeline: Pipeline(memory=FastMemory(location=C:\Users\HP\AppData\Local\Temp\joblib),
         steps=[('numerical_imputer',
                 TransformerWrapper(exclude=None,
                                    include=['body_type_Average',
                                             'body_type_Curvy',
                                             'body_type_Muscular',
                                             'body_type_Slim', 'education_enc',
                                             'gender_Female', 'gender_Male',
                                             'gender_Non-binary',
                                             'gender_Prefer Not to Say',
                                             'gender_Transgender', 'height_cm',
                                             'intere...
                ('categorical_imputer',
                 TransformerWrapper(exclude=None, include=[],
                                    transformer=SimpleImputer(add_indicator=False,
                                                              copy=True,
                                                              fill_value=None,
                                                              keep_empty_features=False,
                                                              missing_values=nan,
                                                              strategy='most_frequent'))),
                ('clean_column_names',
                 TransformerWrapper(exclude=None, include=None,
                                    transformer=CleanColumnNames(match='[\\]\\[\\,\\{\\}\\"\\:]+')))],
         verbose=False)
2026-05-25 11:07:28,453:INFO:Creating final display dataframe.
2026-05-25 11:07:29,724:INFO:Setup _display_container:                     Description             Value
0                    Session id               123
1                        Target            target
2                   Target type            Binary
3           Original data shape       (40000, 68)
4        Transformed data shape       (40000, 68)
5   Transformed train set shape       (28000, 68)
6    Transformed test set shape       (12000, 68)
7              Numeric features                67
8                    Preprocess              True
9               Imputation type            simple
10           Numeric imputation              mean
11       Categorical imputation              mode
12               Fold Generator   StratifiedKFold
13                  Fold Number                10
14                     CPU Jobs                -1
15                      Use GPU              True
16               Log Experiment             False
17              Experiment Name  clf-default-name
18                          USI              58e4
2026-05-25 11:07:29,726:WARNING:
'cuml' is a soft dependency and not included in the pycaret installation. Please run: `pip install cuml` to install.
2026-05-25 11:07:29,819:WARNING:
'cuml' is a soft dependency and not included in the pycaret installation. Please run: `pip install cuml` to install.
2026-05-25 11:07:29,819:WARNING:
'cuml' is a soft dependency and not included in the pycaret installation. Please run: `pip install cuml` to install.
2026-05-25 11:07:29,821:WARNING:
'cuml' is a soft dependency and not included in the pycaret installation. Please run: `pip install cuml` to install.
2026-05-25 11:07:29,868:WARNING:
'cuml' is a soft dependency and not included in the pycaret installation. Please run: `pip install cuml` to install.
2026-05-25 11:07:29,879:WARNING:
'cuml' is a soft dependency and not included in the pycaret installation. Please run: `pip install cuml` to install.
2026-05-25 11:07:29,883:INFO:Soft dependency imported: xgboost: 3.2.0
2026-05-25 11:07:30,390:WARNING:
'catboost' is a soft dependency and not included in the pycaret installation. Please run: `pip install catboost` to install.
Alternately, you can install this by running `pip install pycaret[models]`
2026-05-25 11:07:30,391:WARNING:
'cuml' is a soft dependency and not included in the pycaret installation. Please run: `pip install cuml` to install.
2026-05-25 11:07:30,484:WARNING:
'cuml' is a soft dependency and not included in the pycaret installation. Please run: `pip install cuml` to install.
2026-05-25 11:07:30,485:WARNING:
'cuml' is a soft dependency and not included in the pycaret installation. Please run: `pip install cuml` to install.
2026-05-25 11:07:30,486:WARNING:
'cuml' is a soft dependency and not included in the pycaret installation. Please run: `pip install cuml` to install.
2026-05-25 11:07:30,539:WARNING:
'cuml' is a soft dependency and not included in the pycaret installation. Please run: `pip install cuml` to install.
2026-05-25 11:07:30,548:WARNING:
'cuml' is a soft dependency and not included in the pycaret installation. Please run: `pip install cuml` to install.
2026-05-25 11:07:30,550:INFO:Soft dependency imported: xgboost: 3.2.0
2026-05-25 11:07:31,054:WARNING:
'catboost' is a soft dependency and not included in the pycaret installation. Please run: `pip install catboost` to install.
Alternately, you can install this by running `pip install pycaret[models]`
2026-05-25 11:07:31,061:INFO:setup() successfully completed in 34.09s...............
2026-05-25 11:07:31,108:INFO:Initializing compare_models()
2026-05-25 11:07:31,108:INFO:compare_models(self=<pycaret.classification.oop.ClassificationExperiment object at 0x000001D4CFB029D0>, include=None, exclude=None, fold=None, round=4, cross_validation=True, sort=Accuracy, n_select=1, budget_time=None, turbo=True, errors=ignore, fit_kwargs=None, groups=None, experiment_custom_tags=None, probability_threshold=None, verbose=True, parallel=None, caller_params={'self': <pycaret.classification.oop.ClassificationExperiment object at 0x000001D4CFB029D0>, 'include': None, 'exclude': None, 'fold': None, 'round': 4, 'cross_validation': True, 'sort': 'Accuracy', 'n_select': 1, 'budget_time': None, 'turbo': True, 'errors': 'ignore', 'fit_kwargs': None, 'groups': None, 'experiment_custom_tags': None, 'probability_threshold': None, 'engine': None, 'verbose': True, 'parallel': None, '__class__': <class 'pycaret.classification.oop.ClassificationExperiment'>})
2026-05-25 11:07:31,108:INFO:Checking exceptions
2026-05-25 11:07:31,241:INFO:Preparing display monitor
2026-05-25 11:07:31,268:INFO:Initializing Logistic Regression
2026-05-25 11:07:31,269:INFO:Total runtime is 1.655419667561849e-05 minutes
2026-05-25 11:07:31,270:INFO:SubProcess create_model() called ==================================
2026-05-25 11:07:31,276:INFO:Initializing create_model()
2026-05-25 11:07:31,276:INFO:create_model(self=<pycaret.classification.oop.ClassificationExperiment object at 0x000001D4CFB029D0>, estimator=lr, fold=StratifiedKFold(n_splits=10, random_state=None, shuffle=False), round=4, cross_validation=True, predict=True, fit_kwargs={}, groups=None, refit=False, probability_threshold=None, experiment_custom_tags=None, verbose=False, system=False, add_to_model_list=True, metrics=None, display=<pycaret.internal.display.display.CommonDisplay object at 0x000001D4D6998BD0>, model_only=True, return_train_score=False, error_score=0.0, kwargs={})
2026-05-25 11:07:31,277:INFO:Checking exceptions
2026-05-25 11:07:31,279:INFO:Importing libraries
2026-05-25 11:07:31,279:INFO:Copying training dataset
2026-05-25 11:07:31,431:INFO:Defining folds
2026-05-25 11:07:31,431:INFO:Declaring metric variables
2026-05-25 11:07:31,432:INFO:Importing untrained model
2026-05-25 11:07:31,433:INFO:Logistic Regression Imported successfully
2026-05-25 11:07:31,435:INFO:Starting cross validation
2026-05-25 11:07:31,438:INFO:Cross validating with StratifiedKFold(n_splits=10, random_state=None, shuffle=False), n_jobs=1
2026-05-25 11:07:37,672:INFO:Calculating mean and std
2026-05-25 11:07:37,677:INFO:Creating metrics dataframe
2026-05-25 11:07:37,683:INFO:Uploading results into container
2026-05-25 11:07:37,684:INFO:Uploading model into container now
2026-05-25 11:07:37,690:INFO:_master_model_container: 1
2026-05-25 11:07:37,690:INFO:_display_container: 2
2026-05-25 11:07:37,691:INFO:LogisticRegression(C=1.0, class_weight=None, dual=False, fit_intercept=True,
                   intercept_scaling=1, l1_ratio=None, max_iter=1000,
                   multi_class='auto', n_jobs=None, penalty='l2',
                   random_state=123, solver='lbfgs', tol=0.0001, verbose=0,
                   warm_start=False)
2026-05-25 11:07:37,691:INFO:create_model() successfully completed......................................
2026-05-25 11:07:38,946:INFO:SubProcess create_model() end ==================================
2026-05-25 11:07:38,946:INFO:Creating metrics dataframe
2026-05-25 11:07:38,952:INFO:Initializing K Neighbors Classifier
2026-05-25 11:07:38,952:INFO:Total runtime is 0.12809688250223797 minutes
2026-05-25 11:07:38,953:INFO:SubProcess create_model() called ==================================
2026-05-25 11:07:38,954:INFO:Initializing create_model()
2026-05-25 11:07:38,954:INFO:create_model(self=<pycaret.classification.oop.ClassificationExperiment object at 0x000001D4CFB029D0>, estimator=knn, fold=StratifiedKFold(n_splits=10, random_state=None, shuffle=False), round=4, cross_validation=True, predict=True, fit_kwargs={}, groups=None, refit=False, probability_threshold=None, experiment_custom_tags=None, verbose=False, system=False, add_to_model_list=True, metrics=None, display=<pycaret.internal.display.display.CommonDisplay object at 0x000001D4D6998BD0>, model_only=True, return_train_score=False, error_score=0.0, kwargs={})
2026-05-25 11:07:38,954:INFO:Checking exceptions
2026-05-25 11:07:38,954:INFO:Importing libraries
2026-05-25 11:07:38,954:INFO:Copying training dataset
2026-05-25 11:07:39,082:INFO:Defining folds
2026-05-25 11:07:39,083:INFO:Declaring metric variables
2026-05-25 11:07:39,083:INFO:Importing untrained model
2026-05-25 11:07:39,084:INFO:K Neighbors Classifier Imported successfully
2026-05-25 11:07:39,085:INFO:Starting cross validation
2026-05-25 11:07:39,087:INFO:Cross validating with StratifiedKFold(n_splits=10, random_state=None, shuffle=False), n_jobs=1
2026-05-25 11:07:51,207:INFO:Calculating mean and std
2026-05-25 11:07:51,210:INFO:Creating metrics dataframe
2026-05-25 11:07:51,213:INFO:Uploading results into container
2026-05-25 11:07:51,214:INFO:Uploading model into container now
2026-05-25 11:07:51,215:INFO:_master_model_container: 2
2026-05-25 11:07:51,215:INFO:_display_container: 2
2026-05-25 11:07:51,216:INFO:KNeighborsClassifier(algorithm='auto', leaf_size=30, metric='minkowski',
                     metric_params=None, n_jobs=-1, n_neighbors=5, p=2,
                     weights='uniform')
2026-05-25 11:07:51,216:INFO:create_model() successfully completed......................................
2026-05-25 11:07:51,711:INFO:SubProcess create_model() end ==================================
2026-05-25 11:07:51,712:INFO:Creating metrics dataframe
2026-05-25 11:07:51,719:INFO:Initializing Naive Bayes
2026-05-25 11:07:51,720:INFO:Total runtime is 0.3408859252929688 minutes
2026-05-25 11:07:51,721:INFO:SubProcess create_model() called ==================================
2026-05-25 11:07:51,722:INFO:Initializing create_model()
2026-05-25 11:07:51,723:INFO:create_model(self=<pycaret.classification.oop.ClassificationExperiment object at 0x000001D4CFB029D0>, estimator=nb, fold=StratifiedKFold(n_splits=10, random_state=None, shuffle=False), round=4, cross_validation=True, predict=True, fit_kwargs={}, groups=None, refit=False, probability_threshold=None, experiment_custom_tags=None, verbose=False, system=False, add_to_model_list=True, metrics=None, display=<pycaret.internal.display.display.CommonDisplay object at 0x000001D4D6998BD0>, model_only=True, return_train_score=False, error_score=0.0, kwargs={})
2026-05-25 11:07:51,723:INFO:Checking exceptions
2026-05-25 11:07:51,723:INFO:Importing libraries
2026-05-25 11:07:51,723:INFO:Copying training dataset
2026-05-25 11:07:51,834:INFO:Defining folds
2026-05-25 11:07:51,834:INFO:Declaring metric variables
2026-05-25 11:07:51,835:INFO:Importing untrained model
2026-05-25 11:07:51,835:INFO:Naive Bayes Imported successfully
2026-05-25 11:07:51,837:INFO:Starting cross validation
2026-05-25 11:07:51,839:INFO:Cross validating with StratifiedKFold(n_splits=10, random_state=None, shuffle=False), n_jobs=1
2026-05-25 11:07:54,203:INFO:Calculating mean and std
2026-05-25 11:07:54,206:INFO:Creating metrics dataframe
2026-05-25 11:07:54,210:INFO:Uploading results into container
2026-05-25 11:07:54,211:INFO:Uploading model into container now
2026-05-25 11:07:54,212:INFO:_master_model_container: 3
2026-05-25 11:07:54,212:INFO:_display_container: 2
2026-05-25 11:07:54,212:INFO:GaussianNB(priors=None, var_smoothing=1e-09)
2026-05-25 11:07:54,212:INFO:create_model() successfully completed......................................
2026-05-25 11:07:54,725:INFO:SubProcess create_model() end ==================================
2026-05-25 11:07:54,725:INFO:Creating metrics dataframe
2026-05-25 11:07:54,731:INFO:Initializing Decision Tree Classifier
2026-05-25 11:07:54,731:INFO:Total runtime is 0.39107073942820236 minutes
2026-05-25 11:07:54,731:INFO:SubProcess create_model() called ==================================
2026-05-25 11:07:54,732:INFO:Initializing create_model()
2026-05-25 11:07:54,732:INFO:create_model(self=<pycaret.classification.oop.ClassificationExperiment object at 0x000001D4CFB029D0>, estimator=dt, fold=StratifiedKFold(n_splits=10, random_state=None, shuffle=False), round=4, cross_validation=True, predict=True, fit_kwargs={}, groups=None, refit=False, probability_threshold=None, experiment_custom_tags=None, verbose=False, system=False, add_to_model_list=True, metrics=None, display=<pycaret.internal.display.display.CommonDisplay object at 0x000001D4D6998BD0>, model_only=True, return_train_score=False, error_score=0.0, kwargs={})
2026-05-25 11:07:54,732:INFO:Checking exceptions
2026-05-25 11:07:54,732:INFO:Importing libraries
2026-05-25 11:07:54,732:INFO:Copying training dataset
2026-05-25 11:07:54,869:INFO:Defining folds
2026-05-25 11:07:54,869:INFO:Declaring metric variables
2026-05-25 11:07:54,869:INFO:Importing untrained model
2026-05-25 11:07:54,870:INFO:Decision Tree Classifier Imported successfully
2026-05-25 11:07:54,871:INFO:Starting cross validation
2026-05-25 11:07:54,873:INFO:Cross validating with StratifiedKFold(n_splits=10, random_state=None, shuffle=False), n_jobs=1
2026-05-25 11:08:04,616:INFO:Calculating mean and std
2026-05-25 11:08:04,620:INFO:Creating metrics dataframe
2026-05-25 11:08:04,624:INFO:Uploading results into container
2026-05-25 11:08:04,625:INFO:Uploading model into container now
2026-05-25 11:08:04,626:INFO:_master_model_container: 4
2026-05-25 11:08:04,626:INFO:_display_container: 2
2026-05-25 11:08:04,627:INFO:DecisionTreeClassifier(ccp_alpha=0.0, class_weight=None, criterion='gini',
                       max_depth=None, max_features=None, max_leaf_nodes=None,
                       min_impurity_decrease=0.0, min_samples_leaf=1,
                       min_samples_split=2, min_weight_fraction_leaf=0.0,
                       monotonic_cst=None, random_state=123, splitter='best')
2026-05-25 11:08:04,627:INFO:create_model() successfully completed......................................
2026-05-25 11:08:05,236:INFO:SubProcess create_model() end ==================================
2026-05-25 11:08:05,236:INFO:Creating metrics dataframe
2026-05-25 11:08:05,242:INFO:Initializing SVM - Linear Kernel
2026-05-25 11:08:05,242:INFO:Total runtime is 0.5662516713142396 minutes
2026-05-25 11:08:05,243:INFO:SubProcess create_model() called ==================================
2026-05-25 11:08:05,243:INFO:Initializing create_model()
2026-05-25 11:08:05,243:INFO:create_model(self=<pycaret.classification.oop.ClassificationExperiment object at 0x000001D4CFB029D0>, estimator=svm, fold=StratifiedKFold(n_splits=10, random_state=None, shuffle=False), round=4, cross_validation=True, predict=True, fit_kwargs={}, groups=None, refit=False, probability_threshold=None, experiment_custom_tags=None, verbose=False, system=False, add_to_model_list=True, metrics=None, display=<pycaret.internal.display.display.CommonDisplay object at 0x000001D4D6998BD0>, model_only=True, return_train_score=False, error_score=0.0, kwargs={})
2026-05-25 11:08:05,243:INFO:Checking exceptions
2026-05-25 11:08:05,244:INFO:Importing libraries
2026-05-25 11:08:05,244:INFO:Copying training dataset
2026-05-25 11:08:05,389:INFO:Defining folds
2026-05-25 11:08:05,390:INFO:Declaring metric variables
2026-05-25 11:08:05,390:INFO:Importing untrained model
2026-05-25 11:08:05,391:INFO:SVM - Linear Kernel Imported successfully
2026-05-25 11:08:05,391:INFO:Starting cross validation
2026-05-25 11:08:05,393:INFO:Cross validating with StratifiedKFold(n_splits=10, random_state=None, shuffle=False), n_jobs=1
2026-05-25 11:08:14,806:INFO:Calculating mean and std
2026-05-25 11:08:14,808:INFO:Creating metrics dataframe
2026-05-25 11:08:14,811:INFO:Uploading results into container
2026-05-25 11:08:14,812:INFO:Uploading model into container now
2026-05-25 11:08:14,813:INFO:_master_model_container: 5
2026-05-25 11:08:14,813:INFO:_display_container: 2
2026-05-25 11:08:14,814:INFO:SGDClassifier(alpha=0.0001, average=False, class_weight=None,
              early_stopping=False, epsilon=0.1, eta0=0.001, fit_intercept=True,
              l1_ratio=0.15, learning_rate='optimal', loss='hinge',
              max_iter=1000, n_iter_no_change=5, n_jobs=-1, penalty='l2',
              power_t=0.5, random_state=123, shuffle=True, tol=0.001,
              validation_fraction=0.1, verbose=0, warm_start=False)
2026-05-25 11:08:14,815:INFO:create_model() successfully completed......................................
2026-05-25 11:08:15,247:INFO:SubProcess create_model() end ==================================
2026-05-25 11:08:15,248:INFO:Creating metrics dataframe
2026-05-25 11:08:15,251:INFO:Initializing Ridge Classifier
2026-05-25 11:08:15,251:INFO:Total runtime is 0.7330714742342632 minutes
2026-05-25 11:08:15,252:INFO:SubProcess create_model() called ==================================
2026-05-25 11:08:15,252:INFO:Initializing create_model()
2026-05-25 11:08:15,252:INFO:create_model(self=<pycaret.classification.oop.ClassificationExperiment object at 0x000001D4CFB029D0>, estimator=ridge, fold=StratifiedKFold(n_splits=10, random_state=None, shuffle=False), round=4, cross_validation=True, predict=True, fit_kwargs={}, groups=None, refit=False, probability_threshold=None, experiment_custom_tags=None, verbose=False, system=False, add_to_model_list=True, metrics=None, display=<pycaret.internal.display.display.CommonDisplay object at 0x000001D4D6998BD0>, model_only=True, return_train_score=False, error_score=0.0, kwargs={})
2026-05-25 11:08:15,252:INFO:Checking exceptions
2026-05-25 11:08:15,252:INFO:Importing libraries
2026-05-25 11:08:15,252:INFO:Copying training dataset
2026-05-25 11:08:15,328:INFO:Defining folds
2026-05-25 11:08:15,328:INFO:Declaring metric variables
2026-05-25 11:08:15,328:INFO:Importing untrained model
2026-05-25 11:08:15,329:INFO:Ridge Classifier Imported successfully
2026-05-25 11:08:15,329:INFO:Starting cross validation
2026-05-25 11:08:15,330:INFO:Cross validating with StratifiedKFold(n_splits=10, random_state=None, shuffle=False), n_jobs=1
2026-05-25 11:08:17,143:INFO:Calculating mean and std
2026-05-25 11:08:17,145:INFO:Creating metrics dataframe
2026-05-25 11:08:17,148:INFO:Uploading results into container
2026-05-25 11:08:17,150:INFO:Uploading model into container now
2026-05-25 11:08:17,150:INFO:_master_model_container: 6
2026-05-25 11:08:17,150:INFO:_display_container: 2
2026-05-25 11:08:17,151:INFO:RidgeClassifier(alpha=1.0, class_weight=None, copy_X=True, fit_intercept=True,
                max_iter=None, positive=False, random_state=123, solver='auto',
                tol=0.0001)
2026-05-25 11:08:17,151:INFO:create_model() successfully completed......................................
2026-05-25 11:08:17,574:INFO:SubProcess create_model() end ==================================
2026-05-25 11:08:17,574:INFO:Creating metrics dataframe
2026-05-25 11:08:17,578:INFO:Initializing Random Forest Classifier
2026-05-25 11:08:17,579:INFO:Total runtime is 0.7718724131584168 minutes
2026-05-25 11:08:17,579:INFO:SubProcess create_model() called ==================================
2026-05-25 11:08:17,579:INFO:Initializing create_model()
2026-05-25 11:08:17,580:INFO:create_model(self=<pycaret.classification.oop.ClassificationExperiment object at 0x000001D4CFB029D0>, estimator=rf, fold=StratifiedKFold(n_splits=10, random_state=None, shuffle=False), round=4, cross_validation=True, predict=True, fit_kwargs={}, groups=None, refit=False, probability_threshold=None, experiment_custom_tags=None, verbose=False, system=False, add_to_model_list=True, metrics=None, display=<pycaret.internal.display.display.CommonDisplay object at 0x000001D4D6998BD0>, model_only=True, return_train_score=False, error_score=0.0, kwargs={})
2026-05-25 11:08:17,580:INFO:Checking exceptions
2026-05-25 11:08:17,580:INFO:Importing libraries
2026-05-25 11:08:17,580:INFO:Copying training dataset
2026-05-25 11:08:17,655:INFO:Defining folds
2026-05-25 11:08:17,655:INFO:Declaring metric variables
2026-05-25 11:08:17,656:INFO:Importing untrained model
2026-05-25 11:08:17,657:INFO:Random Forest Classifier Imported successfully
2026-05-25 11:08:17,657:INFO:Starting cross validation
2026-05-25 11:08:17,659:INFO:Cross validating with StratifiedKFold(n_splits=10, random_state=None, shuffle=False), n_jobs=1
2026-05-25 11:08:31,732:INFO:Calculating mean and std
2026-05-25 11:08:31,734:INFO:Creating metrics dataframe
2026-05-25 11:08:31,736:INFO:Uploading results into container
2026-05-25 11:08:31,737:INFO:Uploading model into container now
2026-05-25 11:08:31,738:INFO:_master_model_container: 7
2026-05-25 11:08:31,738:INFO:_display_container: 2
2026-05-25 11:08:31,738:INFO:RandomForestClassifier(bootstrap=True, ccp_alpha=0.0, class_weight=None,
                       criterion='gini', max_depth=None, max_features='sqrt',
                       max_leaf_nodes=None, max_samples=None,
                       min_impurity_decrease=0.0, min_samples_leaf=1,
                       min_samples_split=2, min_weight_fraction_leaf=0.0,
                       monotonic_cst=None, n_estimators=100, n_jobs=-1,
                       oob_score=False, random_state=123, verbose=0,
                       warm_start=False)
2026-05-25 11:08:31,739:INFO:create_model() successfully completed......................................
2026-05-25 11:08:32,111:INFO:SubProcess create_model() end ==================================
2026-05-25 11:08:32,112:INFO:Creating metrics dataframe
2026-05-25 11:08:32,115:INFO:Initializing Quadratic Discriminant Analysis
2026-05-25 11:08:32,115:INFO:Total runtime is 1.0141452471415202 minutes
2026-05-25 11:08:32,115:INFO:SubProcess create_model() called ==================================
2026-05-25 11:08:32,115:INFO:Initializing create_model()
2026-05-25 11:08:32,116:INFO:create_model(self=<pycaret.classification.oop.ClassificationExperiment object at 0x000001D4CFB029D0>, estimator=qda, fold=StratifiedKFold(n_splits=10, random_state=None, shuffle=False), round=4, cross_validation=True, predict=True, fit_kwargs={}, groups=None, refit=False, probability_threshold=None, experiment_custom_tags=None, verbose=False, system=False, add_to_model_list=True, metrics=None, display=<pycaret.internal.display.display.CommonDisplay object at 0x000001D4D6998BD0>, model_only=True, return_train_score=False, error_score=0.0, kwargs={})
2026-05-25 11:08:32,116:INFO:Checking exceptions
2026-05-25 11:08:32,116:INFO:Importing libraries
2026-05-25 11:08:32,116:INFO:Copying training dataset
2026-05-25 11:08:32,191:INFO:Defining folds
2026-05-25 11:08:32,191:INFO:Declaring metric variables
2026-05-25 11:08:32,191:INFO:Importing untrained model
2026-05-25 11:08:32,192:INFO:Quadratic Discriminant Analysis Imported successfully
2026-05-25 11:08:32,193:INFO:Starting cross validation
2026-05-25 11:08:32,195:INFO:Cross validating with StratifiedKFold(n_splits=10, random_state=None, shuffle=False), n_jobs=1
2026-05-25 11:08:35,496:INFO:Calculating mean and std
2026-05-25 11:08:35,499:INFO:Creating metrics dataframe
2026-05-25 11:08:35,502:INFO:Uploading results into container
2026-05-25 11:08:35,504:INFO:Uploading model into container now
2026-05-25 11:08:35,505:INFO:_master_model_container: 8
2026-05-25 11:08:35,505:INFO:_display_container: 2
2026-05-25 11:08:35,505:INFO:QuadraticDiscriminantAnalysis(priors=None, reg_param=0.0,
                              store_covariance=False, tol=0.0001)
2026-05-25 11:08:35,505:INFO:create_model() successfully completed......................................
2026-05-25 11:08:35,857:INFO:SubProcess create_model() end ==================================
2026-05-25 11:08:35,857:INFO:Creating metrics dataframe
2026-05-25 11:08:35,860:INFO:Initializing Ada Boost Classifier
2026-05-25 11:08:35,861:INFO:Total runtime is 1.076575752099355 minutes
2026-05-25 11:08:35,861:INFO:SubProcess create_model() called ==================================
2026-05-25 11:08:35,861:INFO:Initializing create_model()
2026-05-25 11:08:35,861:INFO:create_model(self=<pycaret.classification.oop.ClassificationExperiment object at 0x000001D4CFB029D0>, estimator=ada, fold=StratifiedKFold(n_splits=10, random_state=None, shuffle=False), round=4, cross_validation=True, predict=True, fit_kwargs={}, groups=None, refit=False, probability_threshold=None, experiment_custom_tags=None, verbose=False, system=False, add_to_model_list=True, metrics=None, display=<pycaret.internal.display.display.CommonDisplay object at 0x000001D4D6998BD0>, model_only=True, return_train_score=False, error_score=0.0, kwargs={})
2026-05-25 11:08:35,861:INFO:Checking exceptions
2026-05-25 11:08:35,861:INFO:Importing libraries
2026-05-25 11:08:35,861:INFO:Copying training dataset
2026-05-25 11:08:35,939:INFO:Defining folds
2026-05-25 11:08:35,939:INFO:Declaring metric variables
2026-05-25 11:08:35,940:INFO:Importing untrained model
2026-05-25 11:08:35,941:INFO:Ada Boost Classifier Imported successfully
2026-05-25 11:08:35,941:INFO:Starting cross validation
2026-05-25 11:08:35,943:INFO:Cross validating with StratifiedKFold(n_splits=10, random_state=None, shuffle=False), n_jobs=1
2026-05-25 11:08:53,748:INFO:Calculating mean and std
2026-05-25 11:08:53,750:INFO:Creating metrics dataframe
2026-05-25 11:08:53,753:INFO:Uploading results into container
2026-05-25 11:08:53,753:INFO:Uploading model into container now
2026-05-25 11:08:53,754:INFO:_master_model_container: 9
2026-05-25 11:08:53,755:INFO:_display_container: 2
2026-05-25 11:08:53,755:INFO:AdaBoostClassifier(algorithm='SAMME.R', estimator=None, learning_rate=1.0,
                   n_estimators=50, random_state=123)
2026-05-25 11:08:53,755:INFO:create_model() successfully completed......................................
2026-05-25 11:08:54,113:INFO:SubProcess create_model() end ==================================
2026-05-25 11:08:54,114:INFO:Creating metrics dataframe
2026-05-25 11:08:54,117:INFO:Initializing Gradient Boosting Classifier
2026-05-25 11:08:54,117:INFO:Total runtime is 1.3808363795280456 minutes
2026-05-25 11:08:54,118:INFO:SubProcess create_model() called ==================================
2026-05-25 11:08:54,118:INFO:Initializing create_model()
2026-05-25 11:08:54,118:INFO:create_model(self=<pycaret.classification.oop.ClassificationExperiment object at 0x000001D4CFB029D0>, estimator=gbc, fold=StratifiedKFold(n_splits=10, random_state=None, shuffle=False), round=4, cross_validation=True, predict=True, fit_kwargs={}, groups=None, refit=False, probability_threshold=None, experiment_custom_tags=None, verbose=False, system=False, add_to_model_list=True, metrics=None, display=<pycaret.internal.display.display.CommonDisplay object at 0x000001D4D6998BD0>, model_only=True, return_train_score=False, error_score=0.0, kwargs={})
2026-05-25 11:08:54,118:INFO:Checking exceptions
2026-05-25 11:08:54,118:INFO:Importing libraries
2026-05-25 11:08:54,118:INFO:Copying training dataset
2026-05-25 11:08:54,195:INFO:Defining folds
2026-05-25 11:08:54,195:INFO:Declaring metric variables
2026-05-25 11:08:54,195:INFO:Importing untrained model
2026-05-25 11:08:54,196:INFO:Gradient Boosting Classifier Imported successfully
2026-05-25 11:08:54,196:INFO:Starting cross validation
2026-05-25 11:08:54,197:INFO:Cross validating with StratifiedKFold(n_splits=10, random_state=None, shuffle=False), n_jobs=1
2026-05-25 11:09:52,598:INFO:Calculating mean and std
2026-05-25 11:09:52,600:INFO:Creating metrics dataframe
2026-05-25 11:09:52,604:INFO:Uploading results into container
2026-05-25 11:09:52,605:INFO:Uploading model into container now
2026-05-25 11:09:52,606:INFO:_master_model_container: 10
2026-05-25 11:09:52,606:INFO:_display_container: 2
2026-05-25 11:09:52,606:INFO:GradientBoostingClassifier(ccp_alpha=0.0, criterion='friedman_mse', init=None,
                           learning_rate=0.1, loss='log_loss', max_depth=3,
                           max_features=None, max_leaf_nodes=None,
                           min_impurity_decrease=0.0, min_samples_leaf=1,
                           min_samples_split=2, min_weight_fraction_leaf=0.0,
                           n_estimators=100, n_iter_no_change=None,
                           random_state=123, subsample=1.0, tol=0.0001,
                           validation_fraction=0.1, verbose=0,
                           warm_start=False)
2026-05-25 11:09:52,606:INFO:create_model() successfully completed......................................
2026-05-25 11:09:52,930:INFO:SubProcess create_model() end ==================================
2026-05-25 11:09:52,931:INFO:Creating metrics dataframe
2026-05-25 11:09:52,935:INFO:Initializing Linear Discriminant Analysis
2026-05-25 11:09:52,935:INFO:Total runtime is 2.3611454884211223 minutes
2026-05-25 11:09:52,935:INFO:SubProcess create_model() called ==================================
2026-05-25 11:09:52,935:INFO:Initializing create_model()
2026-05-25 11:09:52,935:INFO:create_model(self=<pycaret.classification.oop.ClassificationExperiment object at 0x000001D4CFB029D0>, estimator=lda, fold=StratifiedKFold(n_splits=10, random_state=None, shuffle=False), round=4, cross_validation=True, predict=True, fit_kwargs={}, groups=None, refit=False, probability_threshold=None, experiment_custom_tags=None, verbose=False, system=False, add_to_model_list=True, metrics=None, display=<pycaret.internal.display.display.CommonDisplay object at 0x000001D4D6998BD0>, model_only=True, return_train_score=False, error_score=0.0, kwargs={})
2026-05-25 11:09:52,936:INFO:Checking exceptions
2026-05-25 11:09:52,936:INFO:Importing libraries
2026-05-25 11:09:52,936:INFO:Copying training dataset
2026-05-25 11:09:53,006:INFO:Defining folds
2026-05-25 11:09:53,007:INFO:Declaring metric variables
2026-05-25 11:09:53,007:INFO:Importing untrained model
2026-05-25 11:09:53,007:INFO:Linear Discriminant Analysis Imported successfully
2026-05-25 11:09:53,008:INFO:Starting cross validation
2026-05-25 11:09:53,009:INFO:Cross validating with StratifiedKFold(n_splits=10, random_state=None, shuffle=False), n_jobs=1
2026-05-25 11:09:55,503:INFO:Calculating mean and std
2026-05-25 11:09:55,506:INFO:Creating metrics dataframe
2026-05-25 11:09:55,508:INFO:Uploading results into container
2026-05-25 11:09:55,509:INFO:Uploading model into container now
2026-05-25 11:09:55,510:INFO:_master_model_container: 11
2026-05-25 11:09:55,510:INFO:_display_container: 2
2026-05-25 11:09:55,510:INFO:LinearDiscriminantAnalysis(covariance_estimator=None, n_components=None,
                           priors=None, shrinkage=None, solver='svd',
                           store_covariance=False, tol=0.0001)
2026-05-25 11:09:55,510:INFO:create_model() successfully completed......................................
2026-05-25 11:09:55,836:INFO:SubProcess create_model() end ==================================
2026-05-25 11:09:55,837:INFO:Creating metrics dataframe
2026-05-25 11:09:55,840:INFO:Initializing Extra Trees Classifier
2026-05-25 11:09:55,840:INFO:Total runtime is 2.4095538735389708 minutes
2026-05-25 11:09:55,841:INFO:SubProcess create_model() called ==================================
2026-05-25 11:09:55,841:INFO:Initializing create_model()
2026-05-25 11:09:55,841:INFO:create_model(self=<pycaret.classification.oop.ClassificationExperiment object at 0x000001D4CFB029D0>, estimator=et, fold=StratifiedKFold(n_splits=10, random_state=None, shuffle=False), round=4, cross_validation=True, predict=True, fit_kwargs={}, groups=None, refit=False, probability_threshold=None, experiment_custom_tags=None, verbose=False, system=False, add_to_model_list=True, metrics=None, display=<pycaret.internal.display.display.CommonDisplay object at 0x000001D4D6998BD0>, model_only=True, return_train_score=False, error_score=0.0, kwargs={})
2026-05-25 11:09:55,841:INFO:Checking exceptions
2026-05-25 11:09:55,841:INFO:Importing libraries
2026-05-25 11:09:55,841:INFO:Copying training dataset
2026-05-25 11:09:55,932:INFO:Defining folds
2026-05-25 11:09:55,932:INFO:Declaring metric variables
2026-05-25 11:09:55,933:INFO:Importing untrained model
2026-05-25 11:09:55,934:INFO:Extra Trees Classifier Imported successfully
2026-05-25 11:09:55,934:INFO:Starting cross validation
2026-05-25 11:09:55,936:INFO:Cross validating with StratifiedKFold(n_splits=10, random_state=None, shuffle=False), n_jobs=1
2026-05-25 11:10:12,094:INFO:Calculating mean and std
2026-05-25 11:10:12,097:INFO:Creating metrics dataframe
2026-05-25 11:10:12,099:INFO:Uploading results into container
2026-05-25 11:10:12,100:INFO:Uploading model into container now
2026-05-25 11:10:12,101:INFO:_master_model_container: 12
2026-05-25 11:10:12,101:INFO:_display_container: 2
2026-05-25 11:10:12,101:INFO:ExtraTreesClassifier(bootstrap=False, ccp_alpha=0.0, class_weight=None,
                     criterion='gini', max_depth=None, max_features='sqrt',
                     max_leaf_nodes=None, max_samples=None,
                     min_impurity_decrease=0.0, min_samples_leaf=1,
                     min_samples_split=2, min_weight_fraction_leaf=0.0,
                     monotonic_cst=None, n_estimators=100, n_jobs=-1,
                     oob_score=False, random_state=123, verbose=0,
                     warm_start=False)
2026-05-25 11:10:12,102:INFO:create_model() successfully completed......................................
2026-05-25 11:10:12,446:INFO:SubProcess create_model() end ==================================
2026-05-25 11:10:12,446:INFO:Creating metrics dataframe
2026-05-25 11:10:12,449:INFO:Initializing Extreme Gradient Boosting
2026-05-25 11:10:12,449:INFO:Total runtime is 2.68637101650238 minutes
2026-05-25 11:10:12,449:INFO:SubProcess create_model() called ==================================
2026-05-25 11:10:12,449:INFO:Initializing create_model()
2026-05-25 11:10:12,449:INFO:create_model(self=<pycaret.classification.oop.ClassificationExperiment object at 0x000001D4CFB029D0>, estimator=xgboost, fold=StratifiedKFold(n_splits=10, random_state=None, shuffle=False), round=4, cross_validation=True, predict=True, fit_kwargs={}, groups=None, refit=False, probability_threshold=None, experiment_custom_tags=None, verbose=False, system=False, add_to_model_list=True, metrics=None, display=<pycaret.internal.display.display.CommonDisplay object at 0x000001D4D6998BD0>, model_only=True, return_train_score=False, error_score=0.0, kwargs={})
2026-05-25 11:10:12,449:INFO:Checking exceptions
2026-05-25 11:10:12,450:INFO:Importing libraries
2026-05-25 11:10:12,450:INFO:Copying training dataset
2026-05-25 11:10:12,513:INFO:Defining folds
2026-05-25 11:10:12,513:INFO:Declaring metric variables
2026-05-25 11:10:12,513:INFO:Importing untrained model
2026-05-25 11:10:12,514:INFO:Extreme Gradient Boosting Imported successfully
2026-05-25 11:10:12,515:INFO:Starting cross validation
2026-05-25 11:10:12,517:INFO:Cross validating with StratifiedKFold(n_splits=10, random_state=None, shuffle=False), n_jobs=1
2026-05-25 11:10:27,781:INFO:Calculating mean and std
2026-05-25 11:10:27,796:INFO:Creating metrics dataframe
2026-05-25 11:10:27,827:INFO:Uploading results into container
2026-05-25 11:10:27,833:INFO:Uploading model into container now
2026-05-25 11:10:27,837:INFO:_master_model_container: 13
2026-05-25 11:10:27,838:INFO:_display_container: 2
2026-05-25 11:10:27,849:INFO:XGBClassifier(base_score=None, booster='gbtree', callbacks=None,
              colsample_bylevel=None, colsample_bynode=None,
              colsample_bytree=None, device='gpu', early_stopping_rounds=None,
              enable_categorical=False, eval_metric=None, feature_types=None,
              feature_weights=None, gamma=None, grow_policy=None,
              importance_type=None, interaction_constraints=None,
              learning_rate=None, max_bin=None, max_cat_threshold=None,
              max_cat_to_onehot=None, max_delta_step=None, max_depth=None,
              max_leaves=None, min_child_weight=None, missing=nan,
              monotone_constraints=None, multi_strategy=None, n_estimators=None,
              n_jobs=-1, num_parallel_tree=None, ...)
2026-05-25 11:10:27,851:INFO:create_model() successfully completed......................................
2026-05-25 11:10:29,175:INFO:SubProcess create_model() end ==================================
2026-05-25 11:10:29,176:INFO:Creating metrics dataframe
2026-05-25 11:10:29,210:INFO:Initializing Light Gradient Boosting Machine
2026-05-25 11:10:29,211:INFO:Total runtime is 2.9657181779543555 minutes
2026-05-25 11:10:29,212:INFO:SubProcess create_model() called ==================================
2026-05-25 11:10:29,215:INFO:Initializing create_model()
2026-05-25 11:10:29,215:INFO:create_model(self=<pycaret.classification.oop.ClassificationExperiment object at 0x000001D4CFB029D0>, estimator=lightgbm, fold=StratifiedKFold(n_splits=10, random_state=None, shuffle=False), round=4, cross_validation=True, predict=True, fit_kwargs={}, groups=None, refit=False, probability_threshold=None, experiment_custom_tags=None, verbose=False, system=False, add_to_model_list=True, metrics=None, display=<pycaret.internal.display.display.CommonDisplay object at 0x000001D4D6998BD0>, model_only=True, return_train_score=False, error_score=0.0, kwargs={})
2026-05-25 11:10:29,216:INFO:Checking exceptions
2026-05-25 11:10:29,216:INFO:Importing libraries
2026-05-25 11:10:29,217:INFO:Copying training dataset
2026-05-25 11:10:30,718:INFO:Defining folds
2026-05-25 11:10:30,720:INFO:Declaring metric variables
2026-05-25 11:10:30,723:INFO:Importing untrained model
2026-05-25 11:10:30,731:INFO:Light Gradient Boosting Machine Imported successfully
2026-05-25 11:10:30,734:INFO:Starting cross validation
2026-05-25 11:10:30,749:INFO:Cross validating with StratifiedKFold(n_splits=10, random_state=None, shuffle=False), n_jobs=1
2026-05-25 11:11:01,647:INFO:Calculating mean and std
2026-05-25 11:11:01,650:INFO:Creating metrics dataframe
2026-05-25 11:11:01,653:INFO:Uploading results into container
2026-05-25 11:11:01,654:INFO:Uploading model into container now
2026-05-25 11:11:01,655:INFO:_master_model_container: 14
2026-05-25 11:11:01,656:INFO:_display_container: 2
2026-05-25 11:11:01,657:INFO:LGBMClassifier(boosting_type='gbdt', class_weight=None, colsample_bytree=1.0,
               device='gpu', importance_type='split', learning_rate=0.1,
               max_depth=-1, min_child_samples=20, min_child_weight=0.001,
               min_split_gain=0.0, n_estimators=100, n_jobs=-1, num_leaves=31,
               objective=None, random_state=123, reg_alpha=0.0, reg_lambda=0.0,
               subsample=1.0, subsample_for_bin=200000, subsample_freq=0)
2026-05-25 11:11:01,657:INFO:create_model() successfully completed......................................
2026-05-25 11:11:01,934:INFO:SubProcess create_model() end ==================================
2026-05-25 11:11:01,934:INFO:Creating metrics dataframe
2026-05-25 11:11:01,937:INFO:Initializing Dummy Classifier
2026-05-25 11:11:01,937:INFO:Total runtime is 3.5111761013666785 minutes
2026-05-25 11:11:01,937:INFO:SubProcess create_model() called ==================================
2026-05-25 11:11:01,937:INFO:Initializing create_model()
2026-05-25 11:11:01,937:INFO:create_model(self=<pycaret.classification.oop.ClassificationExperiment object at 0x000001D4CFB029D0>, estimator=dummy, fold=StratifiedKFold(n_splits=10, random_state=None, shuffle=False), round=4, cross_validation=True, predict=True, fit_kwargs={}, groups=None, refit=False, probability_threshold=None, experiment_custom_tags=None, verbose=False, system=False, add_to_model_list=True, metrics=None, display=<pycaret.internal.display.display.CommonDisplay object at 0x000001D4D6998BD0>, model_only=True, return_train_score=False, error_score=0.0, kwargs={})
2026-05-25 11:11:01,937:INFO:Checking exceptions
2026-05-25 11:11:01,937:INFO:Importing libraries
2026-05-25 11:11:01,937:INFO:Copying training dataset
2026-05-25 11:11:01,998:INFO:Defining folds
2026-05-25 11:11:01,999:INFO:Declaring metric variables
2026-05-25 11:11:01,999:INFO:Importing untrained model
2026-05-25 11:11:01,999:INFO:Dummy Classifier Imported successfully
2026-05-25 11:11:02,000:INFO:Starting cross validation
2026-05-25 11:11:02,001:INFO:Cross validating with StratifiedKFold(n_splits=10, random_state=None, shuffle=False), n_jobs=1
2026-05-25 11:11:03,065:INFO:Calculating mean and std
2026-05-25 11:11:03,067:INFO:Creating metrics dataframe
2026-05-25 11:11:03,070:INFO:Uploading results into container
2026-05-25 11:11:03,072:INFO:Uploading model into container now
2026-05-25 11:11:03,073:INFO:_master_model_container: 15
2026-05-25 11:11:03,073:INFO:_display_container: 2
2026-05-25 11:11:03,074:INFO:DummyClassifier(constant=None, random_state=123, strategy='prior')
2026-05-25 11:11:03,074:INFO:create_model() successfully completed......................................
2026-05-25 11:11:03,442:INFO:SubProcess create_model() end ==================================
2026-05-25 11:11:03,443:INFO:Creating metrics dataframe
2026-05-25 11:11:03,450:INFO:Initializing create_model()
2026-05-25 11:11:03,450:INFO:create_model(self=<pycaret.classification.oop.ClassificationExperiment object at 0x000001D4CFB029D0>, estimator=SGDClassifier(alpha=0.0001, average=False, class_weight=None,
              early_stopping=False, epsilon=0.1, eta0=0.001, fit_intercept=True,
              l1_ratio=0.15, learning_rate='optimal', loss='hinge',
              max_iter=1000, n_iter_no_change=5, n_jobs=-1, penalty='l2',
              power_t=0.5, random_state=123, shuffle=True, tol=0.001,
              validation_fraction=0.1, verbose=0, warm_start=False), fold=StratifiedKFold(n_splits=10, random_state=None, shuffle=False), round=4, cross_validation=False, predict=False, fit_kwargs={}, groups=None, refit=True, probability_threshold=None, experiment_custom_tags=None, verbose=False, system=False, add_to_model_list=True, metrics=None, display=None, model_only=True, return_train_score=False, error_score=0.0, kwargs={})
2026-05-25 11:11:03,450:INFO:Checking exceptions
2026-05-25 11:11:03,452:INFO:Importing libraries
2026-05-25 11:11:03,452:INFO:Copying training dataset
2026-05-25 11:11:03,529:INFO:Defining folds
2026-05-25 11:11:03,529:INFO:Declaring metric variables
2026-05-25 11:11:03,530:INFO:Importing untrained model
2026-05-25 11:11:03,530:INFO:Declaring custom model
2026-05-25 11:11:03,531:INFO:SVM - Linear Kernel Imported successfully
2026-05-25 11:11:03,532:INFO:Cross validation set to False
2026-05-25 11:11:03,532:INFO:Fitting Model
2026-05-25 11:11:04,135:INFO:SGDClassifier(alpha=0.0001, average=False, class_weight=None,
              early_stopping=False, epsilon=0.1, eta0=0.001, fit_intercept=True,
              l1_ratio=0.15, learning_rate='optimal', loss='hinge',
              max_iter=1000, n_iter_no_change=5, n_jobs=-1, penalty='l2',
              power_t=0.5, random_state=123, shuffle=True, tol=0.001,
              validation_fraction=0.1, verbose=0, warm_start=False)
2026-05-25 11:11:04,135:INFO:create_model() successfully completed......................................
2026-05-25 11:11:04,452:INFO:_master_model_container: 15
2026-05-25 11:11:04,453:INFO:_display_container: 2
2026-05-25 11:11:04,453:INFO:SGDClassifier(alpha=0.0001, average=False, class_weight=None,
              early_stopping=False, epsilon=0.1, eta0=0.001, fit_intercept=True,
              l1_ratio=0.15, learning_rate='optimal', loss='hinge',
              max_iter=1000, n_iter_no_change=5, n_jobs=-1, penalty='l2',
              power_t=0.5, random_state=123, shuffle=True, tol=0.001,
              validation_fraction=0.1, verbose=0, warm_start=False)
2026-05-25 11:11:04,454:INFO:compare_models() successfully completed......................................
