2026-05-25 23:30:01,732:WARNING:
'cuml' is a soft dependency and not included in the pycaret installation. Please run: `pip install cuml` to install.
2026-05-25 23:30:01,733:WARNING:
'cuml' is a soft dependency and not included in the pycaret installation. Please run: `pip install cuml` to install.
2026-05-25 23:30:01,733:WARNING:
'cuml' is a soft dependency and not included in the pycaret installation. Please run: `pip install cuml` to install.
2026-05-25 23:30:01,733:WARNING:
'cuml' is a soft dependency and not included in the pycaret installation. Please run: `pip install cuml` to install.
2026-05-25 23:30:02,920:INFO:PyCaret ClassificationExperiment
2026-05-25 23:30:02,920:INFO:Logging name: clf-default-name
2026-05-25 23:30:02,921:INFO:ML Usecase: MLUsecase.CLASSIFICATION
2026-05-25 23:30:02,921:INFO:version 3.3.2
2026-05-25 23:30:02,921:INFO:Initializing setup()
2026-05-25 23:30:02,921:INFO:self.USI: 1a15
2026-05-25 23:30:02,921:INFO:self._variable_keys: {'gpu_n_jobs_param', 'exp_id', 'exp_name_log', 'logging_param', 'X', 'fix_imbalance', 'fold_generator', 'memory', 'X_train', '_ml_usecase', 'pipeline', 'is_multiclass', 'n_jobs_param', 'fold_groups_param', 'gpu_param', 'fold_shuffle_param', 'y_test', 'seed', 'log_plots_param', 'X_test', '_available_plots', 'USI', 'y_train', 'y', 'idx', 'data', 'html_param', 'target_param'}
2026-05-25 23:30:02,921:INFO:Checking environment
2026-05-25 23:30:02,921:INFO:python_version: 3.11.9
2026-05-25 23:30:02,921:INFO:python_build: ('tags/v3.11.9:de54cf5', 'Apr  2 2024 10:12:12')
2026-05-25 23:30:02,921:INFO:machine: AMD64
2026-05-25 23:30:02,921:INFO:platform: Windows-10-10.0.26200-SP0
2026-05-25 23:30:02,921:INFO:Memory: svmem(total=25087217664, available=10385903616, percent=58.6, used=14701314048, free=10385903616)
2026-05-25 23:30:02,921:INFO:Physical Core: 6
2026-05-25 23:30:02,922:INFO:Logical Core: 12
2026-05-25 23:30:02,922:INFO:Checking libraries
2026-05-25 23:30:02,922:INFO:System:
2026-05-25 23:30:02,922:INFO:    python: 3.11.9 (tags/v3.11.9:de54cf5, Apr  2 2024, 10:12:12) [MSC v.1938 64 bit (AMD64)]
2026-05-25 23:30:02,922:INFO:executable: c:\Users\HP\Documents\GitHub\ML-dating-app-behaviour\.venv\Scripts\python.exe
2026-05-25 23:30:02,922:INFO:   machine: Windows-10-10.0.26200-SP0
2026-05-25 23:30:02,922:INFO:PyCaret required dependencies:
2026-05-25 23:30:02,926:INFO:                 pip: 26.1.1
2026-05-25 23:30:02,926:INFO:          setuptools: 65.5.0
2026-05-25 23:30:02,926:INFO:             pycaret: 3.3.2
2026-05-25 23:30:02,926:INFO:             IPython: 9.13.0
2026-05-25 23:30:02,926:INFO:          ipywidgets: 8.1.8
2026-05-25 23:30:02,926:INFO:                tqdm: 4.67.3
2026-05-25 23:30:02,926:INFO:               numpy: 1.26.4
2026-05-25 23:30:02,926:INFO:              pandas: 2.1.4
2026-05-25 23:30:02,926:INFO:              jinja2: 3.1.6
2026-05-25 23:30:02,926:INFO:               scipy: 1.11.4
2026-05-25 23:30:02,926:INFO:              joblib: 1.3.2
2026-05-25 23:30:02,926:INFO:             sklearn: 1.4.2
2026-05-25 23:30:02,926:INFO:                pyod: 3.4.0
2026-05-25 23:30:02,927:INFO:            imblearn: 0.14.1
2026-05-25 23:30:02,927:INFO:   category_encoders: 2.7.0
2026-05-25 23:30:02,927:INFO:            lightgbm: 4.6.0
2026-05-25 23:30:02,927:INFO:               numba: 0.65.1
2026-05-25 23:30:02,927:INFO:            requests: 2.34.2
2026-05-25 23:30:02,927:INFO:          matplotlib: 3.7.5
2026-05-25 23:30:02,927:INFO:          scikitplot: 0.3.7
2026-05-25 23:30:02,927:INFO:         yellowbrick: 1.5
2026-05-25 23:30:02,927:INFO:              plotly: 6.7.0
2026-05-25 23:30:02,927:INFO:    plotly-resampler: Not installed
2026-05-25 23:30:02,927:INFO:             kaleido: 1.3.0
2026-05-25 23:30:02,927:INFO:           schemdraw: 0.15
2026-05-25 23:30:02,927:INFO:         statsmodels: 0.14.6
2026-05-25 23:30:02,927:INFO:              sktime: 0.26.0
2026-05-25 23:30:02,927:INFO:               tbats: 1.1.3
2026-05-25 23:30:02,927:INFO:            pmdarima: 2.0.4
2026-05-25 23:30:02,927:INFO:              psutil: 7.2.2
2026-05-25 23:30:02,927:INFO:          markupsafe: 3.0.3
2026-05-25 23:30:02,927:INFO:             pickle5: Not installed
2026-05-25 23:30:02,928:INFO:         cloudpickle: 3.1.2
2026-05-25 23:30:02,928:INFO:         deprecation: 2.1.0
2026-05-25 23:30:02,928:INFO:              xxhash: 3.7.0
2026-05-25 23:30:02,928:INFO:           wurlitzer: Not installed
2026-05-25 23:30:02,928:INFO:PyCaret optional dependencies:
2026-05-25 23:30:03,014:INFO:                shap: 0.49.1
2026-05-25 23:30:03,014:INFO:           interpret: Not installed
2026-05-25 23:30:03,014:INFO:                umap: Not installed
2026-05-25 23:30:03,014:INFO:     ydata_profiling: Not installed
2026-05-25 23:30:03,014:INFO:  explainerdashboard: Not installed
2026-05-25 23:30:03,014:INFO:             autoviz: Not installed
2026-05-25 23:30:03,014:INFO:           fairlearn: Not installed
2026-05-25 23:30:03,014:INFO:          deepchecks: Not installed
2026-05-25 23:30:03,015:INFO:             xgboost: 3.2.0
2026-05-25 23:30:03,015:INFO:            catboost: Not installed
2026-05-25 23:30:03,015:INFO:              kmodes: Not installed
2026-05-25 23:30:03,015:INFO:             mlxtend: Not installed
2026-05-25 23:30:03,015:INFO:       statsforecast: Not installed
2026-05-25 23:30:03,015:INFO:        tune_sklearn: Not installed
2026-05-25 23:30:03,015:INFO:                 ray: Not installed
2026-05-25 23:30:03,015:INFO:            hyperopt: Not installed
2026-05-25 23:30:03,015:INFO:              optuna: Not installed
2026-05-25 23:30:03,015:INFO:               skopt: Not installed
2026-05-25 23:30:03,015:INFO:              mlflow: Not installed
2026-05-25 23:30:03,015:INFO:              gradio: Not installed
2026-05-25 23:30:03,015:INFO:             fastapi: Not installed
2026-05-25 23:30:03,015:INFO:             uvicorn: 0.48.0
2026-05-25 23:30:03,015:INFO:              m2cgen: Not installed
2026-05-25 23:30:03,015:INFO:           evidently: Not installed
2026-05-25 23:30:03,015:INFO:               fugue: Not installed
2026-05-25 23:30:03,015:INFO:           streamlit: 1.57.0
2026-05-25 23:30:03,015:INFO:             prophet: Not installed
2026-05-25 23:30:03,016:INFO:None
2026-05-25 23:30:03,016:INFO:Set up GPU usage.
2026-05-25 23:30:03,016:WARNING:
'cuml' is a soft dependency and not included in the pycaret installation. Please run: `pip install cuml` to install.
2026-05-25 23:30:03,016:WARNING:cuML is outdated or not found. Required version is >=23.08.
                Please visit https://rapids.ai/install for installation instructions.
2026-05-25 23:30:03,016:INFO:Set up data.
2026-05-25 23:30:03,059:INFO:Set up folding strategy.
2026-05-25 23:30:03,060:INFO:Set up train/test split.
2026-05-25 23:30:03,121:INFO:Set up index.
2026-05-25 23:30:03,122:INFO:Assigning column types.
2026-05-25 23:30:03,458:INFO:Engine successfully changes for model 'lr' to 'sklearn'.
2026-05-25 23:30:03,458:WARNING:
'cuml' is a soft dependency and not included in the pycaret installation. Please run: `pip install cuml` to install.
2026-05-25 23:30:03,519:INFO:Engine for model 'knn' has not been set explicitly, hence returning None.
2026-05-25 23:30:03,519:WARNING:
'cuml' is a soft dependency and not included in the pycaret installation. Please run: `pip install cuml` to install.
2026-05-25 23:30:03,526:WARNING:
'cuml' is a soft dependency and not included in the pycaret installation. Please run: `pip install cuml` to install.
2026-05-25 23:30:03,527:INFO:Engine for model 'rbfsvm' has not been set explicitly, hence returning None.
2026-05-25 23:30:03,527:WARNING:
'cuml' is a soft dependency and not included in the pycaret installation. Please run: `pip install cuml` to install.
2026-05-25 23:30:03,564:WARNING:
'cuml' is a soft dependency and not included in the pycaret installation. Please run: `pip install cuml` to install.
2026-05-25 23:30:03,570:WARNING:
'cuml' is a soft dependency and not included in the pycaret installation. Please run: `pip install cuml` to install.
2026-05-25 23:30:03,575:INFO:Soft dependency imported: xgboost: 3.2.0
2026-05-25 23:30:05,151:WARNING:
'catboost' is a soft dependency and not included in the pycaret installation. Please run: `pip install catboost` to install.
Alternately, you can install this by running `pip install pycaret[models]`
2026-05-25 23:30:05,152:WARNING:
'cuml' is a soft dependency and not included in the pycaret installation. Please run: `pip install cuml` to install.
2026-05-25 23:30:05,225:INFO:Engine for model 'knn' has not been set explicitly, hence returning None.
2026-05-25 23:30:05,225:WARNING:
'cuml' is a soft dependency and not included in the pycaret installation. Please run: `pip install cuml` to install.
2026-05-25 23:30:05,225:WARNING:
'cuml' is a soft dependency and not included in the pycaret installation. Please run: `pip install cuml` to install.
2026-05-25 23:30:05,226:INFO:Engine for model 'rbfsvm' has not been set explicitly, hence returning None.
2026-05-25 23:30:05,226:WARNING:
'cuml' is a soft dependency and not included in the pycaret installation. Please run: `pip install cuml` to install.
2026-05-25 23:30:05,259:WARNING:
'cuml' is a soft dependency and not included in the pycaret installation. Please run: `pip install cuml` to install.
2026-05-25 23:30:05,266:WARNING:
'cuml' is a soft dependency and not included in the pycaret installation. Please run: `pip install cuml` to install.
2026-05-25 23:30:05,267:INFO:Soft dependency imported: xgboost: 3.2.0
2026-05-25 23:30:05,439:WARNING:
'catboost' is a soft dependency and not included in the pycaret installation. Please run: `pip install catboost` to install.
Alternately, you can install this by running `pip install pycaret[models]`
2026-05-25 23:30:05,440:INFO:Engine successfully changes for model 'knn' to 'sklearn'.
2026-05-25 23:30:05,440:WARNING:
'cuml' is a soft dependency and not included in the pycaret installation. Please run: `pip install cuml` to install.
2026-05-25 23:30:05,523:WARNING:
'cuml' is a soft dependency and not included in the pycaret installation. Please run: `pip install cuml` to install.
2026-05-25 23:30:05,523:WARNING:
'cuml' is a soft dependency and not included in the pycaret installation. Please run: `pip install cuml` to install.
2026-05-25 23:30:05,524:INFO:Engine for model 'rbfsvm' has not been set explicitly, hence returning None.
2026-05-25 23:30:05,524:WARNING:
'cuml' is a soft dependency and not included in the pycaret installation. Please run: `pip install cuml` to install.
2026-05-25 23:30:05,559:WARNING:
'cuml' is a soft dependency and not included in the pycaret installation. Please run: `pip install cuml` to install.
2026-05-25 23:30:05,566:WARNING:
'cuml' is a soft dependency and not included in the pycaret installation. Please run: `pip install cuml` to install.
2026-05-25 23:30:05,568:INFO:Soft dependency imported: xgboost: 3.2.0
2026-05-25 23:30:05,772:WARNING:
'catboost' is a soft dependency and not included in the pycaret installation. Please run: `pip install catboost` to install.
Alternately, you can install this by running `pip install pycaret[models]`
2026-05-25 23:30:05,772:WARNING:
'cuml' is a soft dependency and not included in the pycaret installation. Please run: `pip install cuml` to install.
2026-05-25 23:30:05,854:WARNING:
'cuml' is a soft dependency and not included in the pycaret installation. Please run: `pip install cuml` to install.
2026-05-25 23:30:05,854:WARNING:
'cuml' is a soft dependency and not included in the pycaret installation. Please run: `pip install cuml` to install.
2026-05-25 23:30:05,855:INFO:Engine for model 'rbfsvm' has not been set explicitly, hence returning None.
2026-05-25 23:30:05,855:WARNING:
'cuml' is a soft dependency and not included in the pycaret installation. Please run: `pip install cuml` to install.
2026-05-25 23:30:05,890:WARNING:
'cuml' is a soft dependency and not included in the pycaret installation. Please run: `pip install cuml` to install.
2026-05-25 23:30:05,900:WARNING:
'cuml' is a soft dependency and not included in the pycaret installation. Please run: `pip install cuml` to install.
2026-05-25 23:30:05,901:INFO:Soft dependency imported: xgboost: 3.2.0
2026-05-25 23:30:06,064:WARNING:
'catboost' is a soft dependency and not included in the pycaret installation. Please run: `pip install catboost` to install.
Alternately, you can install this by running `pip install pycaret[models]`
2026-05-25 23:30:06,065:INFO:Engine successfully changes for model 'rbfsvm' to 'sklearn'.
2026-05-25 23:30:06,065:WARNING:
'cuml' is a soft dependency and not included in the pycaret installation. Please run: `pip install cuml` to install.
2026-05-25 23:30:06,140:WARNING:
'cuml' is a soft dependency and not included in the pycaret installation. Please run: `pip install cuml` to install.
2026-05-25 23:30:06,140:WARNING:
'cuml' is a soft dependency and not included in the pycaret installation. Please run: `pip install cuml` to install.
2026-05-25 23:30:06,141:WARNING:
'cuml' is a soft dependency and not included in the pycaret installation. Please run: `pip install cuml` to install.
2026-05-25 23:30:06,174:WARNING:
'cuml' is a soft dependency and not included in the pycaret installation. Please run: `pip install cuml` to install.
2026-05-25 23:30:06,179:WARNING:
'cuml' is a soft dependency and not included in the pycaret installation. Please run: `pip install cuml` to install.
2026-05-25 23:30:06,180:INFO:Soft dependency imported: xgboost: 3.2.0
2026-05-25 23:30:06,346:WARNING:
'catboost' is a soft dependency and not included in the pycaret installation. Please run: `pip install catboost` to install.
Alternately, you can install this by running `pip install pycaret[models]`
2026-05-25 23:30:06,347:WARNING:
'cuml' is a soft dependency and not included in the pycaret installation. Please run: `pip install cuml` to install.
2026-05-25 23:30:06,415:WARNING:
'cuml' is a soft dependency and not included in the pycaret installation. Please run: `pip install cuml` to install.
2026-05-25 23:30:06,415:WARNING:
'cuml' is a soft dependency and not included in the pycaret installation. Please run: `pip install cuml` to install.
2026-05-25 23:30:06,416:WARNING:
'cuml' is a soft dependency and not included in the pycaret installation. Please run: `pip install cuml` to install.
2026-05-25 23:30:06,456:WARNING:
'cuml' is a soft dependency and not included in the pycaret installation. Please run: `pip install cuml` to install.
2026-05-25 23:30:06,463:WARNING:
'cuml' is a soft dependency and not included in the pycaret installation. Please run: `pip install cuml` to install.
2026-05-25 23:30:06,466:INFO:Soft dependency imported: xgboost: 3.2.0
2026-05-25 23:30:06,632:WARNING:
'catboost' is a soft dependency and not included in the pycaret installation. Please run: `pip install catboost` to install.
Alternately, you can install this by running `pip install pycaret[models]`
2026-05-25 23:30:06,655:INFO:Preparing preprocessing pipeline...
2026-05-25 23:30:06,667:INFO:Set up simple imputation.
2026-05-25 23:30:06,678:INFO:Set up column name cleaning.
2026-05-25 23:30:06,858:INFO:Finished creating preprocessing pipeline.
2026-05-25 23:30:06,863:INFO:Pipeline: Pipeline(memory=FastMemory(location=C:\Users\HP\AppData\Local\Temp\joblib),
         steps=[('numerical_imputer',
                 TransformerWrapper(exclude=None,
                                    include=['body_type_Average',
                                             'body_type_Curvy',
                                             'body_type_Muscular',
                                             'body_type_Slim', 'education_enc',
                                             'gender_Female', 'gender_Male',
                                             'gender_Non-binary',
                                             'gender_Prefer Not to Say',
                                             'gender_Transgender', 'height_cm',
                                             'intere...
                ('categorical_imputer',
                 TransformerWrapper(exclude=None, include=[],
                                    transformer=SimpleImputer(add_indicator=False,
                                                              copy=True,
                                                              fill_value=None,
                                                              keep_empty_features=False,
                                                              missing_values=nan,
                                                              strategy='most_frequent'))),
                ('clean_column_names',
                 TransformerWrapper(exclude=None, include=None,
                                    transformer=CleanColumnNames(match='[\\]\\[\\,\\{\\}\\"\\:]+')))],
         verbose=False)
2026-05-25 23:30:06,863:INFO:Creating final display dataframe.
2026-05-25 23:30:07,143:INFO:Setup _display_container:                     Description             Value
0                    Session id               123
1                        Target            target
2                   Target type            Binary
3           Original data shape       (40000, 68)
4        Transformed data shape       (40000, 68)
5   Transformed train set shape       (28000, 68)
6    Transformed test set shape       (12000, 68)
7              Numeric features                67
8                    Preprocess              True
9               Imputation type            simple
10           Numeric imputation              mean
11       Categorical imputation              mode
12               Fold Generator   StratifiedKFold
13                  Fold Number                10
14                     CPU Jobs                -1
15                      Use GPU              True
16               Log Experiment             False
17              Experiment Name  clf-default-name
18                          USI              1a15
2026-05-25 23:30:07,143:WARNING:
'cuml' is a soft dependency and not included in the pycaret installation. Please run: `pip install cuml` to install.
2026-05-25 23:30:07,197:WARNING:
'cuml' is a soft dependency and not included in the pycaret installation. Please run: `pip install cuml` to install.
2026-05-25 23:30:07,198:WARNING:
'cuml' is a soft dependency and not included in the pycaret installation. Please run: `pip install cuml` to install.
2026-05-25 23:30:07,198:WARNING:
'cuml' is a soft dependency and not included in the pycaret installation. Please run: `pip install cuml` to install.
2026-05-25 23:30:07,224:WARNING:
'cuml' is a soft dependency and not included in the pycaret installation. Please run: `pip install cuml` to install.
2026-05-25 23:30:07,230:WARNING:
'cuml' is a soft dependency and not included in the pycaret installation. Please run: `pip install cuml` to install.
2026-05-25 23:30:07,232:INFO:Soft dependency imported: xgboost: 3.2.0
2026-05-25 23:30:07,383:WARNING:
'catboost' is a soft dependency and not included in the pycaret installation. Please run: `pip install catboost` to install.
Alternately, you can install this by running `pip install pycaret[models]`
2026-05-25 23:30:07,383:WARNING:
'cuml' is a soft dependency and not included in the pycaret installation. Please run: `pip install cuml` to install.
2026-05-25 23:30:07,464:WARNING:
'cuml' is a soft dependency and not included in the pycaret installation. Please run: `pip install cuml` to install.
2026-05-25 23:30:07,464:WARNING:
'cuml' is a soft dependency and not included in the pycaret installation. Please run: `pip install cuml` to install.
2026-05-25 23:30:07,466:WARNING:
'cuml' is a soft dependency and not included in the pycaret installation. Please run: `pip install cuml` to install.
2026-05-25 23:30:07,499:WARNING:
'cuml' is a soft dependency and not included in the pycaret installation. Please run: `pip install cuml` to install.
2026-05-25 23:30:07,507:WARNING:
'cuml' is a soft dependency and not included in the pycaret installation. Please run: `pip install cuml` to install.
2026-05-25 23:30:07,508:INFO:Soft dependency imported: xgboost: 3.2.0
2026-05-25 23:30:07,663:WARNING:
'catboost' is a soft dependency and not included in the pycaret installation. Please run: `pip install catboost` to install.
Alternately, you can install this by running `pip install pycaret[models]`
2026-05-25 23:30:07,666:INFO:setup() successfully completed in 4.75s...............
2026-05-25 23:30:07,666:INFO:Initializing compare_models()
2026-05-25 23:30:07,667:INFO:compare_models(self=<pycaret.classification.oop.ClassificationExperiment object at 0x0000026492D84090>, include=None, exclude=None, fold=None, round=4, cross_validation=True, sort=Accuracy, n_select=1, budget_time=None, turbo=True, errors=ignore, fit_kwargs=None, groups=None, experiment_custom_tags=None, probability_threshold=None, verbose=True, parallel=None, caller_params={'self': <pycaret.classification.oop.ClassificationExperiment object at 0x0000026492D84090>, 'include': None, 'exclude': None, 'fold': None, 'round': 4, 'cross_validation': True, 'sort': 'Accuracy', 'n_select': 1, 'budget_time': None, 'turbo': True, 'errors': 'ignore', 'fit_kwargs': None, 'groups': None, 'experiment_custom_tags': None, 'probability_threshold': None, 'engine': None, 'verbose': True, 'parallel': None, '__class__': <class 'pycaret.classification.oop.ClassificationExperiment'>})
2026-05-25 23:30:07,667:INFO:Checking exceptions
2026-05-25 23:30:07,719:INFO:Preparing display monitor
2026-05-25 23:30:07,726:INFO:Initializing Logistic Regression
2026-05-25 23:30:07,728:INFO:Total runtime is 0.0 minutes
2026-05-25 23:30:07,728:INFO:SubProcess create_model() called ==================================
2026-05-25 23:30:07,728:INFO:Initializing create_model()
2026-05-25 23:30:07,728:INFO:create_model(self=<pycaret.classification.oop.ClassificationExperiment object at 0x0000026492D84090>, estimator=lr, fold=StratifiedKFold(n_splits=10, random_state=None, shuffle=False), round=4, cross_validation=True, predict=True, fit_kwargs={}, groups=None, refit=False, probability_threshold=None, experiment_custom_tags=None, verbose=False, system=False, add_to_model_list=True, metrics=None, display=<pycaret.internal.display.display.CommonDisplay object at 0x0000026497D0E1D0>, model_only=True, return_train_score=False, error_score=0.0, kwargs={})
2026-05-25 23:30:07,729:INFO:Checking exceptions
2026-05-25 23:30:07,729:INFO:Importing libraries
2026-05-25 23:30:07,729:INFO:Copying training dataset
2026-05-25 23:30:07,820:INFO:Defining folds
2026-05-25 23:30:07,820:INFO:Declaring metric variables
2026-05-25 23:30:07,820:INFO:Importing untrained model
2026-05-25 23:30:07,821:INFO:Logistic Regression Imported successfully
2026-05-25 23:30:07,821:INFO:Starting cross validation
2026-05-25 23:30:07,821:INFO:Cross validating with StratifiedKFold(n_splits=10, random_state=None, shuffle=False), n_jobs=1
2026-05-25 23:30:10,016:INFO:Calculating mean and std
2026-05-25 23:30:10,020:INFO:Creating metrics dataframe
2026-05-25 23:30:10,022:INFO:Uploading results into container
2026-05-25 23:30:10,023:INFO:Uploading model into container now
2026-05-25 23:30:10,023:INFO:_master_model_container: 1
2026-05-25 23:30:10,024:INFO:_display_container: 2
2026-05-25 23:30:10,025:INFO:LogisticRegression(C=1.0, class_weight=None, dual=False, fit_intercept=True,
                   intercept_scaling=1, l1_ratio=None, max_iter=1000,
                   multi_class='auto', n_jobs=None, penalty='l2',
                   random_state=123, solver='lbfgs', tol=0.0001, verbose=0,
                   warm_start=False)
2026-05-25 23:30:10,025:INFO:create_model() successfully completed......................................
2026-05-25 23:30:10,239:INFO:SubProcess create_model() end ==================================
2026-05-25 23:30:10,239:INFO:Creating metrics dataframe
2026-05-25 23:30:10,241:INFO:Initializing K Neighbors Classifier
2026-05-25 23:30:10,241:INFO:Total runtime is 0.041908756891886396 minutes
2026-05-25 23:30:10,241:INFO:SubProcess create_model() called ==================================
2026-05-25 23:30:10,241:INFO:Initializing create_model()
2026-05-25 23:30:10,241:INFO:create_model(self=<pycaret.classification.oop.ClassificationExperiment object at 0x0000026492D84090>, estimator=knn, fold=StratifiedKFold(n_splits=10, random_state=None, shuffle=False), round=4, cross_validation=True, predict=True, fit_kwargs={}, groups=None, refit=False, probability_threshold=None, experiment_custom_tags=None, verbose=False, system=False, add_to_model_list=True, metrics=None, display=<pycaret.internal.display.display.CommonDisplay object at 0x0000026497D0E1D0>, model_only=True, return_train_score=False, error_score=0.0, kwargs={})
2026-05-25 23:30:10,241:INFO:Checking exceptions
2026-05-25 23:30:10,241:INFO:Importing libraries
2026-05-25 23:30:10,241:INFO:Copying training dataset
2026-05-25 23:30:10,308:INFO:Defining folds
2026-05-25 23:30:10,308:INFO:Declaring metric variables
2026-05-25 23:30:10,309:INFO:Importing untrained model
2026-05-25 23:30:10,309:INFO:K Neighbors Classifier Imported successfully
2026-05-25 23:30:10,310:INFO:Starting cross validation
2026-05-25 23:30:10,311:INFO:Cross validating with StratifiedKFold(n_splits=10, random_state=None, shuffle=False), n_jobs=1
2026-05-25 23:30:17,145:INFO:Calculating mean and std
2026-05-25 23:30:17,149:INFO:Creating metrics dataframe
2026-05-25 23:30:17,151:INFO:Uploading results into container
2026-05-25 23:30:17,152:INFO:Uploading model into container now
2026-05-25 23:30:17,152:INFO:_master_model_container: 2
2026-05-25 23:30:17,152:INFO:_display_container: 2
2026-05-25 23:30:17,153:INFO:KNeighborsClassifier(algorithm='auto', leaf_size=30, metric='minkowski',
                     metric_params=None, n_jobs=-1, n_neighbors=5, p=2,
                     weights='uniform')
2026-05-25 23:30:17,153:INFO:create_model() successfully completed......................................
2026-05-25 23:30:17,366:INFO:SubProcess create_model() end ==================================
2026-05-25 23:30:17,366:INFO:Creating metrics dataframe
2026-05-25 23:30:17,368:INFO:Initializing Naive Bayes
2026-05-25 23:30:17,368:INFO:Total runtime is 0.1607012708981832 minutes
2026-05-25 23:30:17,369:INFO:SubProcess create_model() called ==================================
2026-05-25 23:30:17,369:INFO:Initializing create_model()
2026-05-25 23:30:17,369:INFO:create_model(self=<pycaret.classification.oop.ClassificationExperiment object at 0x0000026492D84090>, estimator=nb, fold=StratifiedKFold(n_splits=10, random_state=None, shuffle=False), round=4, cross_validation=True, predict=True, fit_kwargs={}, groups=None, refit=False, probability_threshold=None, experiment_custom_tags=None, verbose=False, system=False, add_to_model_list=True, metrics=None, display=<pycaret.internal.display.display.CommonDisplay object at 0x0000026497D0E1D0>, model_only=True, return_train_score=False, error_score=0.0, kwargs={})
2026-05-25 23:30:17,369:INFO:Checking exceptions
2026-05-25 23:30:17,369:INFO:Importing libraries
2026-05-25 23:30:17,369:INFO:Copying training dataset
2026-05-25 23:30:17,430:INFO:Defining folds
2026-05-25 23:30:17,430:INFO:Declaring metric variables
2026-05-25 23:30:17,430:INFO:Importing untrained model
2026-05-25 23:30:17,431:INFO:Naive Bayes Imported successfully
2026-05-25 23:30:17,431:INFO:Starting cross validation
2026-05-25 23:30:17,432:INFO:Cross validating with StratifiedKFold(n_splits=10, random_state=None, shuffle=False), n_jobs=1
2026-05-25 23:30:19,170:INFO:Calculating mean and std
2026-05-25 23:30:19,171:INFO:Creating metrics dataframe
2026-05-25 23:30:19,175:INFO:Uploading results into container
2026-05-25 23:30:19,176:INFO:Uploading model into container now
2026-05-25 23:30:19,176:INFO:_master_model_container: 3
2026-05-25 23:30:19,177:INFO:_display_container: 2
2026-05-25 23:30:19,177:INFO:GaussianNB(priors=None, var_smoothing=1e-09)
2026-05-25 23:30:19,177:INFO:create_model() successfully completed......................................
2026-05-25 23:30:19,396:INFO:SubProcess create_model() end ==================================
2026-05-25 23:30:19,396:INFO:Creating metrics dataframe
2026-05-25 23:30:19,399:INFO:Initializing Decision Tree Classifier
2026-05-25 23:30:19,400:INFO:Total runtime is 0.19456987778345747 minutes
2026-05-25 23:30:19,400:INFO:SubProcess create_model() called ==================================
2026-05-25 23:30:19,400:INFO:Initializing create_model()
2026-05-25 23:30:19,400:INFO:create_model(self=<pycaret.classification.oop.ClassificationExperiment object at 0x0000026492D84090>, estimator=dt, fold=StratifiedKFold(n_splits=10, random_state=None, shuffle=False), round=4, cross_validation=True, predict=True, fit_kwargs={}, groups=None, refit=False, probability_threshold=None, experiment_custom_tags=None, verbose=False, system=False, add_to_model_list=True, metrics=None, display=<pycaret.internal.display.display.CommonDisplay object at 0x0000026497D0E1D0>, model_only=True, return_train_score=False, error_score=0.0, kwargs={})
2026-05-25 23:30:19,400:INFO:Checking exceptions
2026-05-25 23:30:19,400:INFO:Importing libraries
2026-05-25 23:30:19,400:INFO:Copying training dataset
2026-05-25 23:30:19,469:INFO:Defining folds
2026-05-25 23:30:19,470:INFO:Declaring metric variables
2026-05-25 23:30:19,470:INFO:Importing untrained model
2026-05-25 23:30:19,471:INFO:Decision Tree Classifier Imported successfully
2026-05-25 23:30:19,472:INFO:Starting cross validation
2026-05-25 23:30:19,473:INFO:Cross validating with StratifiedKFold(n_splits=10, random_state=None, shuffle=False), n_jobs=1
2026-05-25 23:30:25,526:INFO:Calculating mean and std
2026-05-25 23:30:25,527:INFO:Creating metrics dataframe
2026-05-25 23:30:25,529:INFO:Uploading results into container
2026-05-25 23:30:25,531:INFO:Uploading model into container now
2026-05-25 23:30:25,531:INFO:_master_model_container: 4
2026-05-25 23:30:25,531:INFO:_display_container: 2
2026-05-25 23:30:25,531:INFO:DecisionTreeClassifier(ccp_alpha=0.0, class_weight=None, criterion='gini',
                       max_depth=None, max_features=None, max_leaf_nodes=None,
                       min_impurity_decrease=0.0, min_samples_leaf=1,
                       min_samples_split=2, min_weight_fraction_leaf=0.0,
                       monotonic_cst=None, random_state=123, splitter='best')
2026-05-25 23:30:25,532:INFO:create_model() successfully completed......................................
2026-05-25 23:30:25,752:INFO:SubProcess create_model() end ==================================
2026-05-25 23:30:25,752:INFO:Creating metrics dataframe
2026-05-25 23:30:25,756:INFO:Initializing SVM - Linear Kernel
2026-05-25 23:30:25,756:INFO:Total runtime is 0.30049583911895755 minutes
2026-05-25 23:30:25,756:INFO:SubProcess create_model() called ==================================
2026-05-25 23:30:25,756:INFO:Initializing create_model()
2026-05-25 23:30:25,756:INFO:create_model(self=<pycaret.classification.oop.ClassificationExperiment object at 0x0000026492D84090>, estimator=svm, fold=StratifiedKFold(n_splits=10, random_state=None, shuffle=False), round=4, cross_validation=True, predict=True, fit_kwargs={}, groups=None, refit=False, probability_threshold=None, experiment_custom_tags=None, verbose=False, system=False, add_to_model_list=True, metrics=None, display=<pycaret.internal.display.display.CommonDisplay object at 0x0000026497D0E1D0>, model_only=True, return_train_score=False, error_score=0.0, kwargs={})
2026-05-25 23:30:25,756:INFO:Checking exceptions
2026-05-25 23:30:25,756:INFO:Importing libraries
2026-05-25 23:30:25,756:INFO:Copying training dataset
2026-05-25 23:30:25,820:INFO:Defining folds
2026-05-25 23:30:25,821:INFO:Declaring metric variables
2026-05-25 23:30:25,821:INFO:Importing untrained model
2026-05-25 23:30:25,822:INFO:SVM - Linear Kernel Imported successfully
2026-05-25 23:30:25,822:INFO:Starting cross validation
2026-05-25 23:30:25,823:INFO:Cross validating with StratifiedKFold(n_splits=10, random_state=None, shuffle=False), n_jobs=1
2026-05-25 23:30:31,751:INFO:Calculating mean and std
2026-05-25 23:30:31,753:INFO:Creating metrics dataframe
2026-05-25 23:30:31,757:INFO:Uploading results into container
2026-05-25 23:30:31,758:INFO:Uploading model into container now
2026-05-25 23:30:31,758:INFO:_master_model_container: 5
2026-05-25 23:30:31,758:INFO:_display_container: 2
2026-05-25 23:30:31,759:INFO:SGDClassifier(alpha=0.0001, average=False, class_weight=None,
              early_stopping=False, epsilon=0.1, eta0=0.001, fit_intercept=True,
              l1_ratio=0.15, learning_rate='optimal', loss='hinge',
              max_iter=1000, n_iter_no_change=5, n_jobs=-1, penalty='l2',
              power_t=0.5, random_state=123, shuffle=True, tol=0.001,
              validation_fraction=0.1, verbose=0, warm_start=False)
2026-05-25 23:30:31,759:INFO:create_model() successfully completed......................................
2026-05-25 23:30:31,973:INFO:SubProcess create_model() end ==================================
2026-05-25 23:30:31,973:INFO:Creating metrics dataframe
2026-05-25 23:30:31,976:INFO:Initializing Ridge Classifier
2026-05-25 23:30:31,976:INFO:Total runtime is 0.4041618903477987 minutes
2026-05-25 23:30:31,976:INFO:SubProcess create_model() called ==================================
2026-05-25 23:30:31,976:INFO:Initializing create_model()
2026-05-25 23:30:31,976:INFO:create_model(self=<pycaret.classification.oop.ClassificationExperiment object at 0x0000026492D84090>, estimator=ridge, fold=StratifiedKFold(n_splits=10, random_state=None, shuffle=False), round=4, cross_validation=True, predict=True, fit_kwargs={}, groups=None, refit=False, probability_threshold=None, experiment_custom_tags=None, verbose=False, system=False, add_to_model_list=True, metrics=None, display=<pycaret.internal.display.display.CommonDisplay object at 0x0000026497D0E1D0>, model_only=True, return_train_score=False, error_score=0.0, kwargs={})
2026-05-25 23:30:31,976:INFO:Checking exceptions
2026-05-25 23:30:31,976:INFO:Importing libraries
2026-05-25 23:30:31,977:INFO:Copying training dataset
2026-05-25 23:30:32,041:INFO:Defining folds
2026-05-25 23:30:32,041:INFO:Declaring metric variables
2026-05-25 23:30:32,041:INFO:Importing untrained model
2026-05-25 23:30:32,041:INFO:Ridge Classifier Imported successfully
2026-05-25 23:30:32,042:INFO:Starting cross validation
2026-05-25 23:30:32,043:INFO:Cross validating with StratifiedKFold(n_splits=10, random_state=None, shuffle=False), n_jobs=1
2026-05-25 23:30:33,443:INFO:Calculating mean and std
2026-05-25 23:30:33,444:INFO:Creating metrics dataframe
2026-05-25 23:30:33,447:INFO:Uploading results into container
2026-05-25 23:30:33,448:INFO:Uploading model into container now
2026-05-25 23:30:33,449:INFO:_master_model_container: 6
2026-05-25 23:30:33,449:INFO:_display_container: 2
2026-05-25 23:30:33,449:INFO:RidgeClassifier(alpha=1.0, class_weight=None, copy_X=True, fit_intercept=True,
                max_iter=None, positive=False, random_state=123, solver='auto',
                tol=0.0001)
2026-05-25 23:30:33,449:INFO:create_model() successfully completed......................................
2026-05-25 23:30:33,663:INFO:SubProcess create_model() end ==================================
2026-05-25 23:30:33,663:INFO:Creating metrics dataframe
2026-05-25 23:30:33,667:INFO:Initializing Random Forest Classifier
2026-05-25 23:30:33,667:INFO:Total runtime is 0.4323468287785848 minutes
2026-05-25 23:30:33,668:INFO:SubProcess create_model() called ==================================
2026-05-25 23:30:33,668:INFO:Initializing create_model()
2026-05-25 23:30:33,668:INFO:create_model(self=<pycaret.classification.oop.ClassificationExperiment object at 0x0000026492D84090>, estimator=rf, fold=StratifiedKFold(n_splits=10, random_state=None, shuffle=False), round=4, cross_validation=True, predict=True, fit_kwargs={}, groups=None, refit=False, probability_threshold=None, experiment_custom_tags=None, verbose=False, system=False, add_to_model_list=True, metrics=None, display=<pycaret.internal.display.display.CommonDisplay object at 0x0000026497D0E1D0>, model_only=True, return_train_score=False, error_score=0.0, kwargs={})
2026-05-25 23:30:33,668:INFO:Checking exceptions
2026-05-25 23:30:33,668:INFO:Importing libraries
2026-05-25 23:30:33,668:INFO:Copying training dataset
2026-05-25 23:30:33,753:INFO:Defining folds
2026-05-25 23:30:33,754:INFO:Declaring metric variables
2026-05-25 23:30:33,754:INFO:Importing untrained model
2026-05-25 23:30:33,755:INFO:Random Forest Classifier Imported successfully
2026-05-25 23:30:33,756:INFO:Starting cross validation
2026-05-25 23:30:33,757:INFO:Cross validating with StratifiedKFold(n_splits=10, random_state=None, shuffle=False), n_jobs=1
2026-05-25 23:30:48,831:INFO:Calculating mean and std
2026-05-25 23:30:48,834:INFO:Creating metrics dataframe
2026-05-25 23:30:48,838:INFO:Uploading results into container
2026-05-25 23:30:48,840:INFO:Uploading model into container now
2026-05-25 23:30:48,841:INFO:_master_model_container: 7
2026-05-25 23:30:48,841:INFO:_display_container: 2
2026-05-25 23:30:48,842:INFO:RandomForestClassifier(bootstrap=True, ccp_alpha=0.0, class_weight=None,
                       criterion='gini', max_depth=None, max_features='sqrt',
                       max_leaf_nodes=None, max_samples=None,
                       min_impurity_decrease=0.0, min_samples_leaf=1,
                       min_samples_split=2, min_weight_fraction_leaf=0.0,
                       monotonic_cst=None, n_estimators=100, n_jobs=-1,
                       oob_score=False, random_state=123, verbose=0,
                       warm_start=False)
2026-05-25 23:30:48,842:INFO:create_model() successfully completed......................................
2026-05-25 23:30:49,075:INFO:SubProcess create_model() end ==================================
2026-05-25 23:30:49,075:INFO:Creating metrics dataframe
2026-05-25 23:30:49,079:INFO:Initializing Quadratic Discriminant Analysis
2026-05-25 23:30:49,080:INFO:Total runtime is 0.6892240047454834 minutes
2026-05-25 23:30:49,080:INFO:SubProcess create_model() called ==================================
2026-05-25 23:30:49,080:INFO:Initializing create_model()
2026-05-25 23:30:49,080:INFO:create_model(self=<pycaret.classification.oop.ClassificationExperiment object at 0x0000026492D84090>, estimator=qda, fold=StratifiedKFold(n_splits=10, random_state=None, shuffle=False), round=4, cross_validation=True, predict=True, fit_kwargs={}, groups=None, refit=False, probability_threshold=None, experiment_custom_tags=None, verbose=False, system=False, add_to_model_list=True, metrics=None, display=<pycaret.internal.display.display.CommonDisplay object at 0x0000026497D0E1D0>, model_only=True, return_train_score=False, error_score=0.0, kwargs={})
2026-05-25 23:30:49,080:INFO:Checking exceptions
2026-05-25 23:30:49,081:INFO:Importing libraries
2026-05-25 23:30:49,081:INFO:Copying training dataset
2026-05-25 23:30:49,153:INFO:Defining folds
2026-05-25 23:30:49,153:INFO:Declaring metric variables
2026-05-25 23:30:49,153:INFO:Importing untrained model
2026-05-25 23:30:49,153:INFO:Quadratic Discriminant Analysis Imported successfully
2026-05-25 23:30:49,154:INFO:Starting cross validation
2026-05-25 23:30:49,155:INFO:Cross validating with StratifiedKFold(n_splits=10, random_state=None, shuffle=False), n_jobs=1
2026-05-25 23:30:52,194:INFO:Calculating mean and std
2026-05-25 23:30:52,196:INFO:Creating metrics dataframe
2026-05-25 23:30:52,198:INFO:Uploading results into container
2026-05-25 23:30:52,199:INFO:Uploading model into container now
2026-05-25 23:30:52,200:INFO:_master_model_container: 8
2026-05-25 23:30:52,200:INFO:_display_container: 2
2026-05-25 23:30:52,201:INFO:QuadraticDiscriminantAnalysis(priors=None, reg_param=0.0,
                              store_covariance=False, tol=0.0001)
2026-05-25 23:30:52,201:INFO:create_model() successfully completed......................................
2026-05-25 23:30:52,421:INFO:SubProcess create_model() end ==================================
2026-05-25 23:30:52,421:INFO:Creating metrics dataframe
2026-05-25 23:30:52,424:INFO:Initializing Ada Boost Classifier
2026-05-25 23:30:52,424:INFO:Total runtime is 0.7449650367101034 minutes
2026-05-25 23:30:52,424:INFO:SubProcess create_model() called ==================================
2026-05-25 23:30:52,424:INFO:Initializing create_model()
2026-05-25 23:30:52,424:INFO:create_model(self=<pycaret.classification.oop.ClassificationExperiment object at 0x0000026492D84090>, estimator=ada, fold=StratifiedKFold(n_splits=10, random_state=None, shuffle=False), round=4, cross_validation=True, predict=True, fit_kwargs={}, groups=None, refit=False, probability_threshold=None, experiment_custom_tags=None, verbose=False, system=False, add_to_model_list=True, metrics=None, display=<pycaret.internal.display.display.CommonDisplay object at 0x0000026497D0E1D0>, model_only=True, return_train_score=False, error_score=0.0, kwargs={})
2026-05-25 23:30:52,424:INFO:Checking exceptions
2026-05-25 23:30:52,424:INFO:Importing libraries
2026-05-25 23:30:52,425:INFO:Copying training dataset
2026-05-25 23:30:52,491:INFO:Defining folds
2026-05-25 23:30:52,491:INFO:Declaring metric variables
2026-05-25 23:30:52,492:INFO:Importing untrained model
2026-05-25 23:30:52,492:INFO:Ada Boost Classifier Imported successfully
2026-05-25 23:30:52,493:INFO:Starting cross validation
2026-05-25 23:30:52,494:INFO:Cross validating with StratifiedKFold(n_splits=10, random_state=None, shuffle=False), n_jobs=1
2026-05-25 23:31:07,614:INFO:Calculating mean and std
2026-05-25 23:31:07,616:INFO:Creating metrics dataframe
2026-05-25 23:31:07,619:INFO:Uploading results into container
2026-05-25 23:31:07,619:INFO:Uploading model into container now
2026-05-25 23:31:07,620:INFO:_master_model_container: 9
2026-05-25 23:31:07,620:INFO:_display_container: 2
2026-05-25 23:31:07,620:INFO:AdaBoostClassifier(algorithm='SAMME.R', estimator=None, learning_rate=1.0,
                   n_estimators=50, random_state=123)
2026-05-25 23:31:07,620:INFO:create_model() successfully completed......................................
2026-05-25 23:31:07,812:INFO:SubProcess create_model() end ==================================
2026-05-25 23:31:07,812:INFO:Creating metrics dataframe
2026-05-25 23:31:07,814:INFO:Initializing Gradient Boosting Classifier
2026-05-25 23:31:07,815:INFO:Total runtime is 1.0014592687288921 minutes
2026-05-25 23:31:07,815:INFO:SubProcess create_model() called ==================================
2026-05-25 23:31:07,815:INFO:Initializing create_model()
2026-05-25 23:31:07,815:INFO:create_model(self=<pycaret.classification.oop.ClassificationExperiment object at 0x0000026492D84090>, estimator=gbc, fold=StratifiedKFold(n_splits=10, random_state=None, shuffle=False), round=4, cross_validation=True, predict=True, fit_kwargs={}, groups=None, refit=False, probability_threshold=None, experiment_custom_tags=None, verbose=False, system=False, add_to_model_list=True, metrics=None, display=<pycaret.internal.display.display.CommonDisplay object at 0x0000026497D0E1D0>, model_only=True, return_train_score=False, error_score=0.0, kwargs={})
2026-05-25 23:31:07,815:INFO:Checking exceptions
2026-05-25 23:31:07,815:INFO:Importing libraries
2026-05-25 23:31:07,815:INFO:Copying training dataset
2026-05-25 23:31:07,877:INFO:Defining folds
2026-05-25 23:31:07,878:INFO:Declaring metric variables
2026-05-25 23:31:07,878:INFO:Importing untrained model
2026-05-25 23:31:07,879:INFO:Gradient Boosting Classifier Imported successfully
2026-05-25 23:31:07,879:INFO:Starting cross validation
2026-05-25 23:31:07,880:INFO:Cross validating with StratifiedKFold(n_splits=10, random_state=None, shuffle=False), n_jobs=1
2026-05-25 23:31:55,930:INFO:Calculating mean and std
2026-05-25 23:31:55,931:INFO:Creating metrics dataframe
2026-05-25 23:31:55,934:INFO:Uploading results into container
2026-05-25 23:31:55,934:INFO:Uploading model into container now
2026-05-25 23:31:55,935:INFO:_master_model_container: 10
2026-05-25 23:31:55,935:INFO:_display_container: 2
2026-05-25 23:31:55,935:INFO:GradientBoostingClassifier(ccp_alpha=0.0, criterion='friedman_mse', init=None,
                           learning_rate=0.1, loss='log_loss', max_depth=3,
                           max_features=None, max_leaf_nodes=None,
                           min_impurity_decrease=0.0, min_samples_leaf=1,
                           min_samples_split=2, min_weight_fraction_leaf=0.0,
                           n_estimators=100, n_iter_no_change=None,
                           random_state=123, subsample=1.0, tol=0.0001,
                           validation_fraction=0.1, verbose=0,
                           warm_start=False)
2026-05-25 23:31:55,935:INFO:create_model() successfully completed......................................
2026-05-25 23:31:56,140:INFO:SubProcess create_model() end ==================================
2026-05-25 23:31:56,140:INFO:Creating metrics dataframe
2026-05-25 23:31:56,145:INFO:Initializing Linear Discriminant Analysis
2026-05-25 23:31:56,145:INFO:Total runtime is 1.8069717129071554 minutes
2026-05-25 23:31:56,145:INFO:SubProcess create_model() called ==================================
2026-05-25 23:31:56,145:INFO:Initializing create_model()
2026-05-25 23:31:56,146:INFO:create_model(self=<pycaret.classification.oop.ClassificationExperiment object at 0x0000026492D84090>, estimator=lda, fold=StratifiedKFold(n_splits=10, random_state=None, shuffle=False), round=4, cross_validation=True, predict=True, fit_kwargs={}, groups=None, refit=False, probability_threshold=None, experiment_custom_tags=None, verbose=False, system=False, add_to_model_list=True, metrics=None, display=<pycaret.internal.display.display.CommonDisplay object at 0x0000026497D0E1D0>, model_only=True, return_train_score=False, error_score=0.0, kwargs={})
2026-05-25 23:31:56,146:INFO:Checking exceptions
2026-05-25 23:31:56,146:INFO:Importing libraries
2026-05-25 23:31:56,146:INFO:Copying training dataset
2026-05-25 23:31:56,215:INFO:Defining folds
2026-05-25 23:31:56,215:INFO:Declaring metric variables
2026-05-25 23:31:56,215:INFO:Importing untrained model
2026-05-25 23:31:56,216:INFO:Linear Discriminant Analysis Imported successfully
2026-05-25 23:31:56,217:INFO:Starting cross validation
2026-05-25 23:31:56,218:INFO:Cross validating with StratifiedKFold(n_splits=10, random_state=None, shuffle=False), n_jobs=1
2026-05-25 23:31:58,459:INFO:Calculating mean and std
2026-05-25 23:31:58,461:INFO:Creating metrics dataframe
2026-05-25 23:31:58,463:INFO:Uploading results into container
2026-05-25 23:31:58,465:INFO:Uploading model into container now
2026-05-25 23:31:58,465:INFO:_master_model_container: 11
2026-05-25 23:31:58,465:INFO:_display_container: 2
2026-05-25 23:31:58,466:INFO:LinearDiscriminantAnalysis(covariance_estimator=None, n_components=None,
                           priors=None, shrinkage=None, solver='svd',
                           store_covariance=False, tol=0.0001)
2026-05-25 23:31:58,466:INFO:create_model() successfully completed......................................
2026-05-25 23:31:58,663:INFO:SubProcess create_model() end ==================================
2026-05-25 23:31:58,663:INFO:Creating metrics dataframe
2026-05-25 23:31:58,667:INFO:Initializing Extra Trees Classifier
2026-05-25 23:31:58,667:INFO:Total runtime is 1.8490136941274007 minutes
2026-05-25 23:31:58,667:INFO:SubProcess create_model() called ==================================
2026-05-25 23:31:58,668:INFO:Initializing create_model()
2026-05-25 23:31:58,668:INFO:create_model(self=<pycaret.classification.oop.ClassificationExperiment object at 0x0000026492D84090>, estimator=et, fold=StratifiedKFold(n_splits=10, random_state=None, shuffle=False), round=4, cross_validation=True, predict=True, fit_kwargs={}, groups=None, refit=False, probability_threshold=None, experiment_custom_tags=None, verbose=False, system=False, add_to_model_list=True, metrics=None, display=<pycaret.internal.display.display.CommonDisplay object at 0x0000026497D0E1D0>, model_only=True, return_train_score=False, error_score=0.0, kwargs={})
2026-05-25 23:31:58,668:INFO:Checking exceptions
2026-05-25 23:31:58,668:INFO:Importing libraries
2026-05-25 23:31:58,668:INFO:Copying training dataset
2026-05-25 23:31:58,737:INFO:Defining folds
2026-05-25 23:31:58,737:INFO:Declaring metric variables
2026-05-25 23:31:58,737:INFO:Importing untrained model
2026-05-25 23:31:58,738:INFO:Extra Trees Classifier Imported successfully
2026-05-25 23:31:58,739:INFO:Starting cross validation
2026-05-25 23:31:58,740:INFO:Cross validating with StratifiedKFold(n_splits=10, random_state=None, shuffle=False), n_jobs=1
2026-05-25 23:32:13,515:INFO:Calculating mean and std
2026-05-25 23:32:13,516:INFO:Creating metrics dataframe
2026-05-25 23:32:13,519:INFO:Uploading results into container
2026-05-25 23:32:13,520:INFO:Uploading model into container now
2026-05-25 23:32:13,521:INFO:_master_model_container: 12
2026-05-25 23:32:13,521:INFO:_display_container: 2
2026-05-25 23:32:13,522:INFO:ExtraTreesClassifier(bootstrap=False, ccp_alpha=0.0, class_weight=None,
                     criterion='gini', max_depth=None, max_features='sqrt',
                     max_leaf_nodes=None, max_samples=None,
                     min_impurity_decrease=0.0, min_samples_leaf=1,
                     min_samples_split=2, min_weight_fraction_leaf=0.0,
                     monotonic_cst=None, n_estimators=100, n_jobs=-1,
                     oob_score=False, random_state=123, verbose=0,
                     warm_start=False)
2026-05-25 23:32:13,522:INFO:create_model() successfully completed......................................
2026-05-25 23:32:13,745:INFO:SubProcess create_model() end ==================================
2026-05-25 23:32:13,746:INFO:Creating metrics dataframe
2026-05-25 23:32:13,749:INFO:Initializing Extreme Gradient Boosting
2026-05-25 23:32:13,749:INFO:Total runtime is 2.100375699996948 minutes
2026-05-25 23:32:13,750:INFO:SubProcess create_model() called ==================================
2026-05-25 23:32:13,750:INFO:Initializing create_model()
2026-05-25 23:32:13,750:INFO:create_model(self=<pycaret.classification.oop.ClassificationExperiment object at 0x0000026492D84090>, estimator=xgboost, fold=StratifiedKFold(n_splits=10, random_state=None, shuffle=False), round=4, cross_validation=True, predict=True, fit_kwargs={}, groups=None, refit=False, probability_threshold=None, experiment_custom_tags=None, verbose=False, system=False, add_to_model_list=True, metrics=None, display=<pycaret.internal.display.display.CommonDisplay object at 0x0000026497D0E1D0>, model_only=True, return_train_score=False, error_score=0.0, kwargs={})
2026-05-25 23:32:13,750:INFO:Checking exceptions
2026-05-25 23:32:13,750:INFO:Importing libraries
2026-05-25 23:32:13,750:INFO:Copying training dataset
2026-05-25 23:32:13,824:INFO:Defining folds
2026-05-25 23:32:13,825:INFO:Declaring metric variables
2026-05-25 23:32:13,825:INFO:Importing untrained model
2026-05-25 23:32:13,826:INFO:Extreme Gradient Boosting Imported successfully
2026-05-25 23:32:13,826:INFO:Starting cross validation
2026-05-25 23:32:13,828:INFO:Cross validating with StratifiedKFold(n_splits=10, random_state=None, shuffle=False), n_jobs=1
2026-05-25 23:32:27,953:INFO:Calculating mean and std
2026-05-25 23:32:27,955:INFO:Creating metrics dataframe
2026-05-25 23:32:27,958:INFO:Uploading results into container
2026-05-25 23:32:27,959:INFO:Uploading model into container now
2026-05-25 23:32:27,959:INFO:_master_model_container: 13
2026-05-25 23:32:27,959:INFO:_display_container: 2
2026-05-25 23:32:27,961:INFO:XGBClassifier(base_score=None, booster='gbtree', callbacks=None,
              colsample_bylevel=None, colsample_bynode=None,
              colsample_bytree=None, device='gpu', early_stopping_rounds=None,
              enable_categorical=False, eval_metric=None, feature_types=None,
              feature_weights=None, gamma=None, grow_policy=None,
              importance_type=None, interaction_constraints=None,
              learning_rate=None, max_bin=None, max_cat_threshold=None,
              max_cat_to_onehot=None, max_delta_step=None, max_depth=None,
              max_leaves=None, min_child_weight=None, missing=nan,
              monotone_constraints=None, multi_strategy=None, n_estimators=None,
              n_jobs=-1, num_parallel_tree=None, ...)
2026-05-25 23:32:27,961:INFO:create_model() successfully completed......................................
2026-05-25 23:32:28,177:INFO:SubProcess create_model() end ==================================
2026-05-25 23:32:28,177:INFO:Creating metrics dataframe
2026-05-25 23:32:28,181:INFO:Initializing Light Gradient Boosting Machine
2026-05-25 23:32:28,181:INFO:Total runtime is 2.340913681189219 minutes
2026-05-25 23:32:28,181:INFO:SubProcess create_model() called ==================================
2026-05-25 23:32:28,183:INFO:Initializing create_model()
2026-05-25 23:32:28,183:INFO:create_model(self=<pycaret.classification.oop.ClassificationExperiment object at 0x0000026492D84090>, estimator=lightgbm, fold=StratifiedKFold(n_splits=10, random_state=None, shuffle=False), round=4, cross_validation=True, predict=True, fit_kwargs={}, groups=None, refit=False, probability_threshold=None, experiment_custom_tags=None, verbose=False, system=False, add_to_model_list=True, metrics=None, display=<pycaret.internal.display.display.CommonDisplay object at 0x0000026497D0E1D0>, model_only=True, return_train_score=False, error_score=0.0, kwargs={})
2026-05-25 23:32:28,183:INFO:Checking exceptions
2026-05-25 23:32:28,183:INFO:Importing libraries
2026-05-25 23:32:28,183:INFO:Copying training dataset
2026-05-25 23:32:28,246:INFO:Defining folds
2026-05-25 23:32:28,247:INFO:Declaring metric variables
2026-05-25 23:32:28,248:INFO:Importing untrained model
2026-05-25 23:32:28,249:INFO:Light Gradient Boosting Machine Imported successfully
2026-05-25 23:32:28,249:INFO:Starting cross validation
2026-05-25 23:32:28,251:INFO:Cross validating with StratifiedKFold(n_splits=10, random_state=None, shuffle=False), n_jobs=1
2026-05-25 23:32:44,298:INFO:Calculating mean and std
2026-05-25 23:32:44,300:INFO:Creating metrics dataframe
2026-05-25 23:32:44,303:INFO:Uploading results into container
2026-05-25 23:32:44,304:INFO:Uploading model into container now
2026-05-25 23:32:44,305:INFO:_master_model_container: 14
2026-05-25 23:32:44,305:INFO:_display_container: 2
2026-05-25 23:32:44,306:INFO:LGBMClassifier(boosting_type='gbdt', class_weight=None, colsample_bytree=1.0,
               device='gpu', importance_type='split', learning_rate=0.1,
               max_depth=-1, min_child_samples=20, min_child_weight=0.001,
               min_split_gain=0.0, n_estimators=100, n_jobs=-1, num_leaves=31,
               objective=None, random_state=123, reg_alpha=0.0, reg_lambda=0.0,
               subsample=1.0, subsample_for_bin=200000, subsample_freq=0)
2026-05-25 23:32:44,306:INFO:create_model() successfully completed......................................
2026-05-25 23:32:44,494:INFO:SubProcess create_model() end ==================================
2026-05-25 23:32:44,494:INFO:Creating metrics dataframe
2026-05-25 23:32:44,497:INFO:Initializing Dummy Classifier
2026-05-25 23:32:44,497:INFO:Total runtime is 2.6128457347551977 minutes
2026-05-25 23:32:44,498:INFO:SubProcess create_model() called ==================================
2026-05-25 23:32:44,498:INFO:Initializing create_model()
2026-05-25 23:32:44,498:INFO:create_model(self=<pycaret.classification.oop.ClassificationExperiment object at 0x0000026492D84090>, estimator=dummy, fold=StratifiedKFold(n_splits=10, random_state=None, shuffle=False), round=4, cross_validation=True, predict=True, fit_kwargs={}, groups=None, refit=False, probability_threshold=None, experiment_custom_tags=None, verbose=False, system=False, add_to_model_list=True, metrics=None, display=<pycaret.internal.display.display.CommonDisplay object at 0x0000026497D0E1D0>, model_only=True, return_train_score=False, error_score=0.0, kwargs={})
2026-05-25 23:32:44,498:INFO:Checking exceptions
2026-05-25 23:32:44,498:INFO:Importing libraries
2026-05-25 23:32:44,498:INFO:Copying training dataset
2026-05-25 23:32:44,556:INFO:Defining folds
2026-05-25 23:32:44,557:INFO:Declaring metric variables
2026-05-25 23:32:44,557:INFO:Importing untrained model
2026-05-25 23:32:44,558:INFO:Dummy Classifier Imported successfully
2026-05-25 23:32:44,558:INFO:Starting cross validation
2026-05-25 23:32:44,559:INFO:Cross validating with StratifiedKFold(n_splits=10, random_state=None, shuffle=False), n_jobs=1
2026-05-25 23:32:45,489:INFO:Calculating mean and std
2026-05-25 23:32:45,490:INFO:Creating metrics dataframe
2026-05-25 23:32:45,492:INFO:Uploading results into container
2026-05-25 23:32:45,492:INFO:Uploading model into container now
2026-05-25 23:32:45,493:INFO:_master_model_container: 15
2026-05-25 23:32:45,493:INFO:_display_container: 2
2026-05-25 23:32:45,494:INFO:DummyClassifier(constant=None, random_state=123, strategy='prior')
2026-05-25 23:32:45,494:INFO:create_model() successfully completed......................................
2026-05-25 23:32:45,689:INFO:SubProcess create_model() end ==================================
2026-05-25 23:32:45,689:INFO:Creating metrics dataframe
2026-05-25 23:32:45,696:INFO:Initializing create_model()
2026-05-25 23:32:45,696:INFO:create_model(self=<pycaret.classification.oop.ClassificationExperiment object at 0x0000026492D84090>, estimator=SGDClassifier(alpha=0.0001, average=False, class_weight=None,
              early_stopping=False, epsilon=0.1, eta0=0.001, fit_intercept=True,
              l1_ratio=0.15, learning_rate='optimal', loss='hinge',
              max_iter=1000, n_iter_no_change=5, n_jobs=-1, penalty='l2',
              power_t=0.5, random_state=123, shuffle=True, tol=0.001,
              validation_fraction=0.1, verbose=0, warm_start=False), fold=StratifiedKFold(n_splits=10, random_state=None, shuffle=False), round=4, cross_validation=False, predict=False, fit_kwargs={}, groups=None, refit=True, probability_threshold=None, experiment_custom_tags=None, verbose=False, system=False, add_to_model_list=True, metrics=None, display=None, model_only=True, return_train_score=False, error_score=0.0, kwargs={})
2026-05-25 23:32:45,696:INFO:Checking exceptions
2026-05-25 23:32:45,697:INFO:Importing libraries
2026-05-25 23:32:45,697:INFO:Copying training dataset
2026-05-25 23:32:45,766:INFO:Defining folds
2026-05-25 23:32:45,767:INFO:Declaring metric variables
2026-05-25 23:32:45,767:INFO:Importing untrained model
2026-05-25 23:32:45,767:INFO:Declaring custom model
2026-05-25 23:32:45,767:INFO:SVM - Linear Kernel Imported successfully
2026-05-25 23:32:45,768:INFO:Cross validation set to False
2026-05-25 23:32:45,768:INFO:Fitting Model
2026-05-25 23:32:46,283:INFO:SGDClassifier(alpha=0.0001, average=False, class_weight=None,
              early_stopping=False, epsilon=0.1, eta0=0.001, fit_intercept=True,
              l1_ratio=0.15, learning_rate='optimal', loss='hinge',
              max_iter=1000, n_iter_no_change=5, n_jobs=-1, penalty='l2',
              power_t=0.5, random_state=123, shuffle=True, tol=0.001,
              validation_fraction=0.1, verbose=0, warm_start=False)
2026-05-25 23:32:46,284:INFO:create_model() successfully completed......................................
2026-05-25 23:32:46,491:INFO:_master_model_container: 15
2026-05-25 23:32:46,491:INFO:_display_container: 2
2026-05-25 23:32:46,492:INFO:SGDClassifier(alpha=0.0001, average=False, class_weight=None,
              early_stopping=False, epsilon=0.1, eta0=0.001, fit_intercept=True,
              l1_ratio=0.15, learning_rate='optimal', loss='hinge',
              max_iter=1000, n_iter_no_change=5, n_jobs=-1, penalty='l2',
              power_t=0.5, random_state=123, shuffle=True, tol=0.001,
              validation_fraction=0.1, verbose=0, warm_start=False)
2026-05-25 23:32:46,492:INFO:compare_models() successfully completed......................................
2026-05-26 02:57:25,150:WARNING:
'cuml' is a soft dependency and not included in the pycaret installation. Please run: `pip install cuml` to install.
2026-05-26 02:57:25,151:WARNING:
'cuml' is a soft dependency and not included in the pycaret installation. Please run: `pip install cuml` to install.
2026-05-26 02:57:25,151:WARNING:
'cuml' is a soft dependency and not included in the pycaret installation. Please run: `pip install cuml` to install.
2026-05-26 02:57:25,151:WARNING:
'cuml' is a soft dependency and not included in the pycaret installation. Please run: `pip install cuml` to install.
2026-05-26 02:57:26,172:INFO:PyCaret ClassificationExperiment
2026-05-26 02:57:26,173:INFO:Logging name: clf-default-name
2026-05-26 02:57:26,173:INFO:ML Usecase: MLUsecase.CLASSIFICATION
2026-05-26 02:57:26,173:INFO:version 3.3.2
2026-05-26 02:57:26,173:INFO:Initializing setup()
2026-05-26 02:57:26,173:INFO:self.USI: 1572
2026-05-26 02:57:26,173:INFO:self._variable_keys: {'idx', 'y_train', 'X', 'exp_id', 'html_param', '_available_plots', 'is_multiclass', 'y', 'y_test', '_ml_usecase', 'n_jobs_param', 'fold_groups_param', 'data', 'log_plots_param', 'pipeline', 'USI', 'target_param', 'X_train', 'exp_name_log', 'fold_shuffle_param', 'gpu_param', 'logging_param', 'seed', 'gpu_n_jobs_param', 'X_test', 'fold_generator', 'fix_imbalance', 'memory'}
2026-05-26 02:57:26,173:INFO:Checking environment
2026-05-26 02:57:26,173:INFO:python_version: 3.11.9
2026-05-26 02:57:26,173:INFO:python_build: ('tags/v3.11.9:de54cf5', 'Apr  2 2024 10:12:12')
2026-05-26 02:57:26,173:INFO:machine: AMD64
2026-05-26 02:57:26,173:INFO:platform: Windows-10-10.0.26200-SP0
2026-05-26 02:57:26,173:INFO:Memory: svmem(total=25087217664, available=11156512768, percent=55.5, used=13930704896, free=11156512768)
2026-05-26 02:57:26,174:INFO:Physical Core: 6
2026-05-26 02:57:26,174:INFO:Logical Core: 12
2026-05-26 02:57:26,174:INFO:Checking libraries
2026-05-26 02:57:26,174:INFO:System:
2026-05-26 02:57:26,174:INFO:    python: 3.11.9 (tags/v3.11.9:de54cf5, Apr  2 2024, 10:12:12) [MSC v.1938 64 bit (AMD64)]
2026-05-26 02:57:26,174:INFO:executable: c:\Users\HP\Documents\GitHub\ML-dating-app-behaviour\.venv\Scripts\python.exe
2026-05-26 02:57:26,174:INFO:   machine: Windows-10-10.0.26200-SP0
2026-05-26 02:57:26,174:INFO:PyCaret required dependencies:
2026-05-26 02:57:26,178:INFO:                 pip: 26.1.1
2026-05-26 02:57:26,179:INFO:          setuptools: 65.5.0
2026-05-26 02:57:26,179:INFO:             pycaret: 3.3.2
2026-05-26 02:57:26,179:INFO:             IPython: 9.13.0
2026-05-26 02:57:26,179:INFO:          ipywidgets: 8.1.8
2026-05-26 02:57:26,179:INFO:                tqdm: 4.67.3
2026-05-26 02:57:26,179:INFO:               numpy: 1.26.4
2026-05-26 02:57:26,179:INFO:              pandas: 2.1.4
2026-05-26 02:57:26,179:INFO:              jinja2: 3.1.6
2026-05-26 02:57:26,179:INFO:               scipy: 1.11.4
2026-05-26 02:57:26,179:INFO:              joblib: 1.3.2
2026-05-26 02:57:26,179:INFO:             sklearn: 1.4.2
2026-05-26 02:57:26,179:INFO:                pyod: 3.4.0
2026-05-26 02:57:26,179:INFO:            imblearn: 0.14.1
2026-05-26 02:57:26,179:INFO:   category_encoders: 2.7.0
2026-05-26 02:57:26,179:INFO:            lightgbm: 4.6.0
2026-05-26 02:57:26,179:INFO:               numba: 0.65.1
2026-05-26 02:57:26,179:INFO:            requests: 2.34.2
2026-05-26 02:57:26,179:INFO:          matplotlib: 3.7.5
2026-05-26 02:57:26,179:INFO:          scikitplot: 0.3.7
2026-05-26 02:57:26,179:INFO:         yellowbrick: 1.5
2026-05-26 02:57:26,180:INFO:              plotly: 6.7.0
2026-05-26 02:57:26,180:INFO:    plotly-resampler: Not installed
2026-05-26 02:57:26,180:INFO:             kaleido: 1.3.0
2026-05-26 02:57:26,180:INFO:           schemdraw: 0.15
2026-05-26 02:57:26,180:INFO:         statsmodels: 0.14.6
2026-05-26 02:57:26,180:INFO:              sktime: 0.26.0
2026-05-26 02:57:26,180:INFO:               tbats: 1.1.3
2026-05-26 02:57:26,180:INFO:            pmdarima: 2.0.4
2026-05-26 02:57:26,180:INFO:              psutil: 7.2.2
2026-05-26 02:57:26,180:INFO:          markupsafe: 3.0.3
2026-05-26 02:57:26,180:INFO:             pickle5: Not installed
2026-05-26 02:57:26,180:INFO:         cloudpickle: 3.1.2
2026-05-26 02:57:26,180:INFO:         deprecation: 2.1.0
2026-05-26 02:57:26,180:INFO:              xxhash: 3.7.0
2026-05-26 02:57:26,180:INFO:           wurlitzer: Not installed
2026-05-26 02:57:26,180:INFO:PyCaret optional dependencies:
2026-05-26 02:57:26,257:INFO:                shap: 0.49.1
2026-05-26 02:57:26,257:INFO:           interpret: Not installed
2026-05-26 02:57:26,257:INFO:                umap: Not installed
2026-05-26 02:57:26,257:INFO:     ydata_profiling: Not installed
2026-05-26 02:57:26,257:INFO:  explainerdashboard: Not installed
2026-05-26 02:57:26,257:INFO:             autoviz: Not installed
2026-05-26 02:57:26,257:INFO:           fairlearn: Not installed
2026-05-26 02:57:26,257:INFO:          deepchecks: Not installed
2026-05-26 02:57:26,257:INFO:             xgboost: 3.2.0
2026-05-26 02:57:26,258:INFO:            catboost: Not installed
2026-05-26 02:57:26,258:INFO:              kmodes: Not installed
2026-05-26 02:57:26,258:INFO:             mlxtend: Not installed
2026-05-26 02:57:26,258:INFO:       statsforecast: Not installed
2026-05-26 02:57:26,258:INFO:        tune_sklearn: Not installed
2026-05-26 02:57:26,258:INFO:                 ray: Not installed
2026-05-26 02:57:26,258:INFO:            hyperopt: Not installed
2026-05-26 02:57:26,258:INFO:              optuna: Not installed
2026-05-26 02:57:26,258:INFO:               skopt: Not installed
2026-05-26 02:57:26,258:INFO:              mlflow: Not installed
2026-05-26 02:57:26,258:INFO:              gradio: Not installed
2026-05-26 02:57:26,258:INFO:             fastapi: Not installed
2026-05-26 02:57:26,258:INFO:             uvicorn: 0.48.0
2026-05-26 02:57:26,258:INFO:              m2cgen: Not installed
2026-05-26 02:57:26,258:INFO:           evidently: Not installed
2026-05-26 02:57:26,258:INFO:               fugue: Not installed
2026-05-26 02:57:26,258:INFO:           streamlit: 1.57.0
2026-05-26 02:57:26,258:INFO:             prophet: Not installed
2026-05-26 02:57:26,258:INFO:None
2026-05-26 02:57:26,258:INFO:Set up GPU usage.
2026-05-26 02:57:26,258:WARNING:
'cuml' is a soft dependency and not included in the pycaret installation. Please run: `pip install cuml` to install.
2026-05-26 02:57:26,258:WARNING:cuML is outdated or not found. Required version is >=23.08.
                Please visit https://rapids.ai/install for installation instructions.
2026-05-26 02:57:26,258:INFO:Set up data.
2026-05-26 02:57:26,291:INFO:Set up folding strategy.
2026-05-26 02:57:26,291:INFO:Set up train/test split.
2026-05-26 02:57:26,341:INFO:Set up index.
2026-05-26 02:57:26,342:INFO:Assigning column types.
2026-05-26 02:57:26,384:INFO:Engine successfully changes for model 'lr' to 'sklearn'.
2026-05-26 02:57:26,384:WARNING:
'cuml' is a soft dependency and not included in the pycaret installation. Please run: `pip install cuml` to install.
2026-05-26 02:57:26,430:INFO:Engine for model 'knn' has not been set explicitly, hence returning None.
2026-05-26 02:57:26,430:WARNING:
'cuml' is a soft dependency and not included in the pycaret installation. Please run: `pip install cuml` to install.
2026-05-26 02:57:26,434:WARNING:
'cuml' is a soft dependency and not included in the pycaret installation. Please run: `pip install cuml` to install.
2026-05-26 02:57:26,435:INFO:Engine for model 'rbfsvm' has not been set explicitly, hence returning None.
2026-05-26 02:57:26,435:WARNING:
'cuml' is a soft dependency and not included in the pycaret installation. Please run: `pip install cuml` to install.
2026-05-26 02:57:26,469:WARNING:
'cuml' is a soft dependency and not included in the pycaret installation. Please run: `pip install cuml` to install.
2026-05-26 02:57:26,476:WARNING:
'cuml' is a soft dependency and not included in the pycaret installation. Please run: `pip install cuml` to install.
2026-05-26 02:57:26,480:INFO:Soft dependency imported: xgboost: 3.2.0
2026-05-26 02:57:27,189:WARNING:
'catboost' is a soft dependency and not included in the pycaret installation. Please run: `pip install catboost` to install.
Alternately, you can install this by running `pip install pycaret[models]`
2026-05-26 02:57:27,190:WARNING:
'cuml' is a soft dependency and not included in the pycaret installation. Please run: `pip install cuml` to install.
2026-05-26 02:57:27,246:INFO:Engine for model 'knn' has not been set explicitly, hence returning None.
2026-05-26 02:57:27,247:WARNING:
'cuml' is a soft dependency and not included in the pycaret installation. Please run: `pip install cuml` to install.
2026-05-26 02:57:27,247:WARNING:
'cuml' is a soft dependency and not included in the pycaret installation. Please run: `pip install cuml` to install.
2026-05-26 02:57:27,248:INFO:Engine for model 'rbfsvm' has not been set explicitly, hence returning None.
2026-05-26 02:57:27,248:WARNING:
'cuml' is a soft dependency and not included in the pycaret installation. Please run: `pip install cuml` to install.
2026-05-26 02:57:27,276:WARNING:
'cuml' is a soft dependency and not included in the pycaret installation. Please run: `pip install cuml` to install.
2026-05-26 02:57:27,282:WARNING:
'cuml' is a soft dependency and not included in the pycaret installation. Please run: `pip install cuml` to install.
2026-05-26 02:57:27,284:INFO:Soft dependency imported: xgboost: 3.2.0
2026-05-26 02:57:27,411:WARNING:
'catboost' is a soft dependency and not included in the pycaret installation. Please run: `pip install catboost` to install.
Alternately, you can install this by running `pip install pycaret[models]`
2026-05-26 02:57:27,411:INFO:Engine successfully changes for model 'knn' to 'sklearn'.
2026-05-26 02:57:27,411:WARNING:
'cuml' is a soft dependency and not included in the pycaret installation. Please run: `pip install cuml` to install.
2026-05-26 02:57:27,466:WARNING:
'cuml' is a soft dependency and not included in the pycaret installation. Please run: `pip install cuml` to install.
2026-05-26 02:57:27,467:WARNING:
'cuml' is a soft dependency and not included in the pycaret installation. Please run: `pip install cuml` to install.
2026-05-26 02:57:27,468:INFO:Engine for model 'rbfsvm' has not been set explicitly, hence returning None.
2026-05-26 02:57:27,468:WARNING:
'cuml' is a soft dependency and not included in the pycaret installation. Please run: `pip install cuml` to install.
2026-05-26 02:57:27,498:WARNING:
'cuml' is a soft dependency and not included in the pycaret installation. Please run: `pip install cuml` to install.
2026-05-26 02:57:27,503:WARNING:
'cuml' is a soft dependency and not included in the pycaret installation. Please run: `pip install cuml` to install.
2026-05-26 02:57:27,504:INFO:Soft dependency imported: xgboost: 3.2.0
2026-05-26 02:57:27,634:WARNING:
'catboost' is a soft dependency and not included in the pycaret installation. Please run: `pip install catboost` to install.
Alternately, you can install this by running `pip install pycaret[models]`
2026-05-26 02:57:27,635:WARNING:
'cuml' is a soft dependency and not included in the pycaret installation. Please run: `pip install cuml` to install.
2026-05-26 02:57:27,687:WARNING:
'cuml' is a soft dependency and not included in the pycaret installation. Please run: `pip install cuml` to install.
2026-05-26 02:57:27,688:WARNING:
'cuml' is a soft dependency and not included in the pycaret installation. Please run: `pip install cuml` to install.
2026-05-26 02:57:27,689:INFO:Engine for model 'rbfsvm' has not been set explicitly, hence returning None.
2026-05-26 02:57:27,689:WARNING:
'cuml' is a soft dependency and not included in the pycaret installation. Please run: `pip install cuml` to install.
2026-05-26 02:57:27,723:WARNING:
'cuml' is a soft dependency and not included in the pycaret installation. Please run: `pip install cuml` to install.
2026-05-26 02:57:27,730:WARNING:
'cuml' is a soft dependency and not included in the pycaret installation. Please run: `pip install cuml` to install.
2026-05-26 02:57:27,731:INFO:Soft dependency imported: xgboost: 3.2.0
2026-05-26 02:57:27,882:WARNING:
'catboost' is a soft dependency and not included in the pycaret installation. Please run: `pip install catboost` to install.
Alternately, you can install this by running `pip install pycaret[models]`
2026-05-26 02:57:27,882:INFO:Engine successfully changes for model 'rbfsvm' to 'sklearn'.
2026-05-26 02:57:27,882:WARNING:
'cuml' is a soft dependency and not included in the pycaret installation. Please run: `pip install cuml` to install.
2026-05-26 02:57:27,935:WARNING:
'cuml' is a soft dependency and not included in the pycaret installation. Please run: `pip install cuml` to install.
2026-05-26 02:57:27,935:WARNING:
'cuml' is a soft dependency and not included in the pycaret installation. Please run: `pip install cuml` to install.
2026-05-26 02:57:27,936:WARNING:
'cuml' is a soft dependency and not included in the pycaret installation. Please run: `pip install cuml` to install.
2026-05-26 02:57:27,967:WARNING:
'cuml' is a soft dependency and not included in the pycaret installation. Please run: `pip install cuml` to install.
2026-05-26 02:57:27,972:WARNING:
'cuml' is a soft dependency and not included in the pycaret installation. Please run: `pip install cuml` to install.
2026-05-26 02:57:27,974:INFO:Soft dependency imported: xgboost: 3.2.0
2026-05-26 02:57:28,097:WARNING:
'catboost' is a soft dependency and not included in the pycaret installation. Please run: `pip install catboost` to install.
Alternately, you can install this by running `pip install pycaret[models]`
2026-05-26 02:57:28,098:WARNING:
'cuml' is a soft dependency and not included in the pycaret installation. Please run: `pip install cuml` to install.
2026-05-26 02:57:28,152:WARNING:
'cuml' is a soft dependency and not included in the pycaret installation. Please run: `pip install cuml` to install.
2026-05-26 02:57:28,153:WARNING:
'cuml' is a soft dependency and not included in the pycaret installation. Please run: `pip install cuml` to install.
2026-05-26 02:57:28,153:WARNING:
'cuml' is a soft dependency and not included in the pycaret installation. Please run: `pip install cuml` to install.
2026-05-26 02:57:28,182:WARNING:
'cuml' is a soft dependency and not included in the pycaret installation. Please run: `pip install cuml` to install.
2026-05-26 02:57:28,188:WARNING:
'cuml' is a soft dependency and not included in the pycaret installation. Please run: `pip install cuml` to install.
2026-05-26 02:57:28,190:INFO:Soft dependency imported: xgboost: 3.2.0
2026-05-26 02:57:28,316:WARNING:
'catboost' is a soft dependency and not included in the pycaret installation. Please run: `pip install catboost` to install.
Alternately, you can install this by running `pip install pycaret[models]`
2026-05-26 02:57:28,334:INFO:Preparing preprocessing pipeline...
2026-05-26 02:57:28,344:INFO:Set up simple imputation.
2026-05-26 02:57:28,352:INFO:Set up column name cleaning.
2026-05-26 02:57:28,502:INFO:Finished creating preprocessing pipeline.
2026-05-26 02:57:28,510:INFO:Pipeline: Pipeline(memory=FastMemory(location=C:\Users\HP\AppData\Local\Temp\joblib),
         steps=[('numerical_imputer',
                 TransformerWrapper(exclude=None,
                                    include=['body_type_Average',
                                             'body_type_Curvy',
                                             'body_type_Muscular',
                                             'body_type_Slim', 'education_enc',
                                             'gender_Female', 'gender_Male',
                                             'gender_Non-binary',
                                             'gender_Prefer Not to Say',
                                             'gender_Transgender', 'height_cm',
                                             'intere...
                ('categorical_imputer',
                 TransformerWrapper(exclude=None, include=[],
                                    transformer=SimpleImputer(add_indicator=False,
                                                              copy=True,
                                                              fill_value=None,
                                                              keep_empty_features=False,
                                                              missing_values=nan,
                                                              strategy='most_frequent'))),
                ('clean_column_names',
                 TransformerWrapper(exclude=None, include=None,
                                    transformer=CleanColumnNames(match='[\\]\\[\\,\\{\\}\\"\\:]+')))],
         verbose=False)
2026-05-26 02:57:28,510:INFO:Creating final display dataframe.
2026-05-26 02:57:28,916:INFO:Setup _display_container:                     Description             Value
0                    Session id               123
1                        Target            target
2                   Target type            Binary
3           Original data shape       (40000, 68)
4        Transformed data shape       (40000, 68)
5   Transformed train set shape       (28000, 68)
6    Transformed test set shape       (12000, 68)
7              Numeric features                67
8                    Preprocess              True
9               Imputation type            simple
10           Numeric imputation              mean
11       Categorical imputation              mode
12               Fold Generator   StratifiedKFold
13                  Fold Number                10
14                     CPU Jobs                -1
15                      Use GPU              True
16               Log Experiment             False
17              Experiment Name  clf-default-name
18                          USI              1572
2026-05-26 02:57:28,917:WARNING:
'cuml' is a soft dependency and not included in the pycaret installation. Please run: `pip install cuml` to install.
2026-05-26 02:57:28,972:WARNING:
'cuml' is a soft dependency and not included in the pycaret installation. Please run: `pip install cuml` to install.
2026-05-26 02:57:28,972:WARNING:
'cuml' is a soft dependency and not included in the pycaret installation. Please run: `pip install cuml` to install.
2026-05-26 02:57:28,973:WARNING:
'cuml' is a soft dependency and not included in the pycaret installation. Please run: `pip install cuml` to install.
2026-05-26 02:57:28,999:WARNING:
'cuml' is a soft dependency and not included in the pycaret installation. Please run: `pip install cuml` to install.
2026-05-26 02:57:29,004:WARNING:
'cuml' is a soft dependency and not included in the pycaret installation. Please run: `pip install cuml` to install.
2026-05-26 02:57:29,005:INFO:Soft dependency imported: xgboost: 3.2.0
2026-05-26 02:57:29,128:WARNING:
'catboost' is a soft dependency and not included in the pycaret installation. Please run: `pip install catboost` to install.
Alternately, you can install this by running `pip install pycaret[models]`
2026-05-26 02:57:29,128:WARNING:
'cuml' is a soft dependency and not included in the pycaret installation. Please run: `pip install cuml` to install.
2026-05-26 02:57:29,182:WARNING:
'cuml' is a soft dependency and not included in the pycaret installation. Please run: `pip install cuml` to install.
2026-05-26 02:57:29,182:WARNING:
'cuml' is a soft dependency and not included in the pycaret installation. Please run: `pip install cuml` to install.
2026-05-26 02:57:29,182:WARNING:
'cuml' is a soft dependency and not included in the pycaret installation. Please run: `pip install cuml` to install.
2026-05-26 02:57:29,207:WARNING:
'cuml' is a soft dependency and not included in the pycaret installation. Please run: `pip install cuml` to install.
2026-05-26 02:57:29,214:WARNING:
'cuml' is a soft dependency and not included in the pycaret installation. Please run: `pip install cuml` to install.
2026-05-26 02:57:29,216:INFO:Soft dependency imported: xgboost: 3.2.0
2026-05-26 02:57:29,339:WARNING:
'catboost' is a soft dependency and not included in the pycaret installation. Please run: `pip install catboost` to install.
Alternately, you can install this by running `pip install pycaret[models]`
2026-05-26 02:57:29,340:INFO:setup() successfully completed in 3.17s...............
2026-05-26 02:57:29,340:INFO:Initializing compare_models()
2026-05-26 02:57:29,340:INFO:compare_models(self=<pycaret.classification.oop.ClassificationExperiment object at 0x000001C949924CD0>, include=None, exclude=None, fold=None, round=4, cross_validation=True, sort=Accuracy, n_select=1, budget_time=None, turbo=True, errors=ignore, fit_kwargs=None, groups=None, experiment_custom_tags=None, probability_threshold=None, verbose=True, parallel=None, caller_params={'self': <pycaret.classification.oop.ClassificationExperiment object at 0x000001C949924CD0>, 'include': None, 'exclude': None, 'fold': None, 'round': 4, 'cross_validation': True, 'sort': 'Accuracy', 'n_select': 1, 'budget_time': None, 'turbo': True, 'errors': 'ignore', 'fit_kwargs': None, 'groups': None, 'experiment_custom_tags': None, 'probability_threshold': None, 'engine': None, 'verbose': True, 'parallel': None, '__class__': <class 'pycaret.classification.oop.ClassificationExperiment'>})
2026-05-26 02:57:29,341:INFO:Checking exceptions
2026-05-26 02:57:29,377:INFO:Preparing display monitor
2026-05-26 02:57:29,382:INFO:Initializing Logistic Regression
2026-05-26 02:57:29,382:INFO:Total runtime is 0.0 minutes
2026-05-26 02:57:29,382:INFO:SubProcess create_model() called ==================================
2026-05-26 02:57:29,383:INFO:Initializing create_model()
2026-05-26 02:57:29,383:INFO:create_model(self=<pycaret.classification.oop.ClassificationExperiment object at 0x000001C949924CD0>, estimator=lr, fold=StratifiedKFold(n_splits=10, random_state=None, shuffle=False), round=4, cross_validation=True, predict=True, fit_kwargs={}, groups=None, refit=False, probability_threshold=None, experiment_custom_tags=None, verbose=False, system=False, add_to_model_list=True, metrics=None, display=<pycaret.internal.display.display.CommonDisplay object at 0x000001C93823F050>, model_only=True, return_train_score=False, error_score=0.0, kwargs={})
2026-05-26 02:57:29,384:INFO:Checking exceptions
2026-05-26 02:57:29,384:INFO:Importing libraries
2026-05-26 02:57:29,384:INFO:Copying training dataset
2026-05-26 02:57:29,442:INFO:Defining folds
2026-05-26 02:57:29,442:INFO:Declaring metric variables
2026-05-26 02:57:29,442:INFO:Importing untrained model
2026-05-26 02:57:29,442:INFO:Logistic Regression Imported successfully
2026-05-26 02:57:29,442:INFO:Starting cross validation
2026-05-26 02:57:29,443:INFO:Cross validating with StratifiedKFold(n_splits=10, random_state=None, shuffle=False), n_jobs=1
2026-05-26 02:57:31,246:INFO:Calculating mean and std
2026-05-26 02:57:31,249:INFO:Creating metrics dataframe
2026-05-26 02:57:31,251:INFO:Uploading results into container
2026-05-26 02:57:31,251:INFO:Uploading model into container now
2026-05-26 02:57:31,252:INFO:_master_model_container: 1
2026-05-26 02:57:31,252:INFO:_display_container: 2
2026-05-26 02:57:31,253:INFO:LogisticRegression(C=1.0, class_weight=None, dual=False, fit_intercept=True,
                   intercept_scaling=1, l1_ratio=None, max_iter=1000,
                   multi_class='auto', n_jobs=None, penalty='l2',
                   random_state=123, solver='lbfgs', tol=0.0001, verbose=0,
                   warm_start=False)
2026-05-26 02:57:31,253:INFO:create_model() successfully completed......................................
2026-05-26 02:57:31,375:INFO:SubProcess create_model() end ==================================
2026-05-26 02:57:31,375:INFO:Creating metrics dataframe
2026-05-26 02:57:31,378:INFO:Initializing K Neighbors Classifier
2026-05-26 02:57:31,378:INFO:Total runtime is 0.03325740893681844 minutes
2026-05-26 02:57:31,378:INFO:SubProcess create_model() called ==================================
2026-05-26 02:57:31,378:INFO:Initializing create_model()
2026-05-26 02:57:31,378:INFO:create_model(self=<pycaret.classification.oop.ClassificationExperiment object at 0x000001C949924CD0>, estimator=knn, fold=StratifiedKFold(n_splits=10, random_state=None, shuffle=False), round=4, cross_validation=True, predict=True, fit_kwargs={}, groups=None, refit=False, probability_threshold=None, experiment_custom_tags=None, verbose=False, system=False, add_to_model_list=True, metrics=None, display=<pycaret.internal.display.display.CommonDisplay object at 0x000001C93823F050>, model_only=True, return_train_score=False, error_score=0.0, kwargs={})
2026-05-26 02:57:31,378:INFO:Checking exceptions
2026-05-26 02:57:31,378:INFO:Importing libraries
2026-05-26 02:57:31,378:INFO:Copying training dataset
2026-05-26 02:57:31,434:INFO:Defining folds
2026-05-26 02:57:31,435:INFO:Declaring metric variables
2026-05-26 02:57:31,435:INFO:Importing untrained model
2026-05-26 02:57:31,436:INFO:K Neighbors Classifier Imported successfully
2026-05-26 02:57:31,436:INFO:Starting cross validation
2026-05-26 02:57:31,437:INFO:Cross validating with StratifiedKFold(n_splits=10, random_state=None, shuffle=False), n_jobs=1
2026-05-26 02:57:36,488:INFO:Calculating mean and std
2026-05-26 02:57:36,490:INFO:Creating metrics dataframe
2026-05-26 02:57:36,493:INFO:Uploading results into container
2026-05-26 02:57:36,494:INFO:Uploading model into container now
2026-05-26 02:57:36,495:INFO:_master_model_container: 2
2026-05-26 02:57:36,495:INFO:_display_container: 2
2026-05-26 02:57:36,495:INFO:KNeighborsClassifier(algorithm='auto', leaf_size=30, metric='minkowski',
                     metric_params=None, n_jobs=-1, n_neighbors=5, p=2,
                     weights='uniform')
2026-05-26 02:57:36,495:INFO:create_model() successfully completed......................................
2026-05-26 02:57:36,633:INFO:SubProcess create_model() end ==================================
2026-05-26 02:57:36,633:INFO:Creating metrics dataframe
2026-05-26 02:57:36,637:INFO:Initializing Naive Bayes
2026-05-26 02:57:36,637:INFO:Total runtime is 0.1209095557530721 minutes
2026-05-26 02:57:36,637:INFO:SubProcess create_model() called ==================================
2026-05-26 02:57:36,637:INFO:Initializing create_model()
2026-05-26 02:57:36,637:INFO:create_model(self=<pycaret.classification.oop.ClassificationExperiment object at 0x000001C949924CD0>, estimator=nb, fold=StratifiedKFold(n_splits=10, random_state=None, shuffle=False), round=4, cross_validation=True, predict=True, fit_kwargs={}, groups=None, refit=False, probability_threshold=None, experiment_custom_tags=None, verbose=False, system=False, add_to_model_list=True, metrics=None, display=<pycaret.internal.display.display.CommonDisplay object at 0x000001C93823F050>, model_only=True, return_train_score=False, error_score=0.0, kwargs={})
2026-05-26 02:57:36,637:INFO:Checking exceptions
2026-05-26 02:57:36,637:INFO:Importing libraries
2026-05-26 02:57:36,637:INFO:Copying training dataset
2026-05-26 02:57:36,700:INFO:Defining folds
2026-05-26 02:57:36,700:INFO:Declaring metric variables
2026-05-26 02:57:36,700:INFO:Importing untrained model
2026-05-26 02:57:36,701:INFO:Naive Bayes Imported successfully
2026-05-26 02:57:36,701:INFO:Starting cross validation
2026-05-26 02:57:36,703:INFO:Cross validating with StratifiedKFold(n_splits=10, random_state=None, shuffle=False), n_jobs=1
2026-05-26 02:57:37,890:INFO:Calculating mean and std
2026-05-26 02:57:37,891:INFO:Creating metrics dataframe
2026-05-26 02:57:37,894:INFO:Uploading results into container
2026-05-26 02:57:37,894:INFO:Uploading model into container now
2026-05-26 02:57:37,895:INFO:_master_model_container: 3
2026-05-26 02:57:37,895:INFO:_display_container: 2
2026-05-26 02:57:37,895:INFO:GaussianNB(priors=None, var_smoothing=1e-09)
2026-05-26 02:57:37,895:INFO:create_model() successfully completed......................................
2026-05-26 02:57:38,023:INFO:SubProcess create_model() end ==================================
2026-05-26 02:57:38,023:INFO:Creating metrics dataframe
2026-05-26 02:57:38,027:INFO:Initializing Decision Tree Classifier
2026-05-26 02:57:38,027:INFO:Total runtime is 0.14407159487406412 minutes
2026-05-26 02:57:38,027:INFO:SubProcess create_model() called ==================================
2026-05-26 02:57:38,027:INFO:Initializing create_model()
2026-05-26 02:57:38,027:INFO:create_model(self=<pycaret.classification.oop.ClassificationExperiment object at 0x000001C949924CD0>, estimator=dt, fold=StratifiedKFold(n_splits=10, random_state=None, shuffle=False), round=4, cross_validation=True, predict=True, fit_kwargs={}, groups=None, refit=False, probability_threshold=None, experiment_custom_tags=None, verbose=False, system=False, add_to_model_list=True, metrics=None, display=<pycaret.internal.display.display.CommonDisplay object at 0x000001C93823F050>, model_only=True, return_train_score=False, error_score=0.0, kwargs={})
2026-05-26 02:57:38,027:INFO:Checking exceptions
2026-05-26 02:57:38,027:INFO:Importing libraries
2026-05-26 02:57:38,027:INFO:Copying training dataset
2026-05-26 02:57:38,084:INFO:Defining folds
2026-05-26 02:57:38,085:INFO:Declaring metric variables
2026-05-26 02:57:38,085:INFO:Importing untrained model
2026-05-26 02:57:38,086:INFO:Decision Tree Classifier Imported successfully
2026-05-26 02:57:38,086:INFO:Starting cross validation
2026-05-26 02:57:38,087:INFO:Cross validating with StratifiedKFold(n_splits=10, random_state=None, shuffle=False), n_jobs=1
2026-05-26 02:57:42,751:INFO:Calculating mean and std
2026-05-26 02:57:42,753:INFO:Creating metrics dataframe
2026-05-26 02:57:42,755:INFO:Uploading results into container
2026-05-26 02:57:42,756:INFO:Uploading model into container now
2026-05-26 02:57:42,757:INFO:_master_model_container: 4
2026-05-26 02:57:42,757:INFO:_display_container: 2
2026-05-26 02:57:42,757:INFO:DecisionTreeClassifier(ccp_alpha=0.0, class_weight=None, criterion='gini',
                       max_depth=None, max_features=None, max_leaf_nodes=None,
                       min_impurity_decrease=0.0, min_samples_leaf=1,
                       min_samples_split=2, min_weight_fraction_leaf=0.0,
                       monotonic_cst=None, random_state=123, splitter='best')
2026-05-26 02:57:42,757:INFO:create_model() successfully completed......................................
2026-05-26 02:57:42,883:INFO:SubProcess create_model() end ==================================
2026-05-26 02:57:42,883:INFO:Creating metrics dataframe
2026-05-26 02:57:42,886:INFO:Initializing SVM - Linear Kernel
2026-05-26 02:57:42,887:INFO:Total runtime is 0.22507846355438232 minutes
2026-05-26 02:57:42,887:INFO:SubProcess create_model() called ==================================
2026-05-26 02:57:42,887:INFO:Initializing create_model()
2026-05-26 02:57:42,887:INFO:create_model(self=<pycaret.classification.oop.ClassificationExperiment object at 0x000001C949924CD0>, estimator=svm, fold=StratifiedKFold(n_splits=10, random_state=None, shuffle=False), round=4, cross_validation=True, predict=True, fit_kwargs={}, groups=None, refit=False, probability_threshold=None, experiment_custom_tags=None, verbose=False, system=False, add_to_model_list=True, metrics=None, display=<pycaret.internal.display.display.CommonDisplay object at 0x000001C93823F050>, model_only=True, return_train_score=False, error_score=0.0, kwargs={})
2026-05-26 02:57:42,887:INFO:Checking exceptions
2026-05-26 02:57:42,887:INFO:Importing libraries
2026-05-26 02:57:42,887:INFO:Copying training dataset
2026-05-26 02:57:42,948:INFO:Defining folds
2026-05-26 02:57:42,948:INFO:Declaring metric variables
2026-05-26 02:57:42,949:INFO:Importing untrained model
2026-05-26 02:57:42,949:INFO:SVM - Linear Kernel Imported successfully
2026-05-26 02:57:42,950:INFO:Starting cross validation
2026-05-26 02:57:42,951:INFO:Cross validating with StratifiedKFold(n_splits=10, random_state=None, shuffle=False), n_jobs=1
2026-05-26 02:57:47,994:INFO:Calculating mean and std
2026-05-26 02:57:47,995:INFO:Creating metrics dataframe
2026-05-26 02:57:47,997:INFO:Uploading results into container
2026-05-26 02:57:47,997:INFO:Uploading model into container now
2026-05-26 02:57:47,998:INFO:_master_model_container: 5
2026-05-26 02:57:47,998:INFO:_display_container: 2
2026-05-26 02:57:47,999:INFO:SGDClassifier(alpha=0.0001, average=False, class_weight=None,
              early_stopping=False, epsilon=0.1, eta0=0.001, fit_intercept=True,
              l1_ratio=0.15, learning_rate='optimal', loss='hinge',
              max_iter=1000, n_iter_no_change=5, n_jobs=-1, penalty='l2',
              power_t=0.5, random_state=123, shuffle=True, tol=0.001,
              validation_fraction=0.1, verbose=0, warm_start=False)
2026-05-26 02:57:47,999:INFO:create_model() successfully completed......................................
2026-05-26 02:57:48,128:INFO:SubProcess create_model() end ==================================
2026-05-26 02:57:48,128:INFO:Creating metrics dataframe
2026-05-26 02:57:48,131:INFO:Initializing Ridge Classifier
2026-05-26 02:57:48,131:INFO:Total runtime is 0.3124821941057841 minutes
2026-05-26 02:57:48,131:INFO:SubProcess create_model() called ==================================
2026-05-26 02:57:48,131:INFO:Initializing create_model()
2026-05-26 02:57:48,131:INFO:create_model(self=<pycaret.classification.oop.ClassificationExperiment object at 0x000001C949924CD0>, estimator=ridge, fold=StratifiedKFold(n_splits=10, random_state=None, shuffle=False), round=4, cross_validation=True, predict=True, fit_kwargs={}, groups=None, refit=False, probability_threshold=None, experiment_custom_tags=None, verbose=False, system=False, add_to_model_list=True, metrics=None, display=<pycaret.internal.display.display.CommonDisplay object at 0x000001C93823F050>, model_only=True, return_train_score=False, error_score=0.0, kwargs={})
2026-05-26 02:57:48,131:INFO:Checking exceptions
2026-05-26 02:57:48,131:INFO:Importing libraries
2026-05-26 02:57:48,131:INFO:Copying training dataset
2026-05-26 02:57:48,186:INFO:Defining folds
2026-05-26 02:57:48,187:INFO:Declaring metric variables
2026-05-26 02:57:48,187:INFO:Importing untrained model
2026-05-26 02:57:48,187:INFO:Ridge Classifier Imported successfully
2026-05-26 02:57:48,188:INFO:Starting cross validation
2026-05-26 02:57:48,189:INFO:Cross validating with StratifiedKFold(n_splits=10, random_state=None, shuffle=False), n_jobs=1
2026-05-26 02:57:49,329:INFO:Calculating mean and std
2026-05-26 02:57:49,330:INFO:Creating metrics dataframe
2026-05-26 02:57:49,333:INFO:Uploading results into container
2026-05-26 02:57:49,334:INFO:Uploading model into container now
2026-05-26 02:57:49,334:INFO:_master_model_container: 6
2026-05-26 02:57:49,334:INFO:_display_container: 2
2026-05-26 02:57:49,335:INFO:RidgeClassifier(alpha=1.0, class_weight=None, copy_X=True, fit_intercept=True,
                max_iter=None, positive=False, random_state=123, solver='auto',
                tol=0.0001)
2026-05-26 02:57:49,335:INFO:create_model() successfully completed......................................
2026-05-26 02:57:49,459:INFO:SubProcess create_model() end ==================================
2026-05-26 02:57:49,459:INFO:Creating metrics dataframe
2026-05-26 02:57:49,462:INFO:Initializing Random Forest Classifier
2026-05-26 02:57:49,463:INFO:Total runtime is 0.3346558888753255 minutes
2026-05-26 02:57:49,463:INFO:SubProcess create_model() called ==================================
2026-05-26 02:57:49,463:INFO:Initializing create_model()
2026-05-26 02:57:49,463:INFO:create_model(self=<pycaret.classification.oop.ClassificationExperiment object at 0x000001C949924CD0>, estimator=rf, fold=StratifiedKFold(n_splits=10, random_state=None, shuffle=False), round=4, cross_validation=True, predict=True, fit_kwargs={}, groups=None, refit=False, probability_threshold=None, experiment_custom_tags=None, verbose=False, system=False, add_to_model_list=True, metrics=None, display=<pycaret.internal.display.display.CommonDisplay object at 0x000001C93823F050>, model_only=True, return_train_score=False, error_score=0.0, kwargs={})
2026-05-26 02:57:49,463:INFO:Checking exceptions
2026-05-26 02:57:49,463:INFO:Importing libraries
2026-05-26 02:57:49,463:INFO:Copying training dataset
2026-05-26 02:57:49,516:INFO:Defining folds
2026-05-26 02:57:49,516:INFO:Declaring metric variables
2026-05-26 02:57:49,516:INFO:Importing untrained model
2026-05-26 02:57:49,517:INFO:Random Forest Classifier Imported successfully
2026-05-26 02:57:49,517:INFO:Starting cross validation
2026-05-26 02:57:49,518:INFO:Cross validating with StratifiedKFold(n_splits=10, random_state=None, shuffle=False), n_jobs=1
2026-05-26 02:57:59,618:INFO:Calculating mean and std
2026-05-26 02:57:59,620:INFO:Creating metrics dataframe
2026-05-26 02:57:59,622:INFO:Uploading results into container
2026-05-26 02:57:59,623:INFO:Uploading model into container now
2026-05-26 02:57:59,623:INFO:_master_model_container: 7
2026-05-26 02:57:59,623:INFO:_display_container: 2
2026-05-26 02:57:59,624:INFO:RandomForestClassifier(bootstrap=True, ccp_alpha=0.0, class_weight=None,
                       criterion='gini', max_depth=None, max_features='sqrt',
                       max_leaf_nodes=None, max_samples=None,
                       min_impurity_decrease=0.0, min_samples_leaf=1,
                       min_samples_split=2, min_weight_fraction_leaf=0.0,
                       monotonic_cst=None, n_estimators=100, n_jobs=-1,
                       oob_score=False, random_state=123, verbose=0,
                       warm_start=False)
2026-05-26 02:57:59,624:INFO:create_model() successfully completed......................................
2026-05-26 02:57:59,760:INFO:SubProcess create_model() end ==================================
2026-05-26 02:57:59,760:INFO:Creating metrics dataframe
2026-05-26 02:57:59,762:INFO:Initializing Quadratic Discriminant Analysis
2026-05-26 02:57:59,763:INFO:Total runtime is 0.506347620487213 minutes
2026-05-26 02:57:59,763:INFO:SubProcess create_model() called ==================================
2026-05-26 02:57:59,763:INFO:Initializing create_model()
2026-05-26 02:57:59,763:INFO:create_model(self=<pycaret.classification.oop.ClassificationExperiment object at 0x000001C949924CD0>, estimator=qda, fold=StratifiedKFold(n_splits=10, random_state=None, shuffle=False), round=4, cross_validation=True, predict=True, fit_kwargs={}, groups=None, refit=False, probability_threshold=None, experiment_custom_tags=None, verbose=False, system=False, add_to_model_list=True, metrics=None, display=<pycaret.internal.display.display.CommonDisplay object at 0x000001C93823F050>, model_only=True, return_train_score=False, error_score=0.0, kwargs={})
2026-05-26 02:57:59,763:INFO:Checking exceptions
2026-05-26 02:57:59,763:INFO:Importing libraries
2026-05-26 02:57:59,763:INFO:Copying training dataset
2026-05-26 02:57:59,824:INFO:Defining folds
2026-05-26 02:57:59,824:INFO:Declaring metric variables
2026-05-26 02:57:59,824:INFO:Importing untrained model
2026-05-26 02:57:59,824:INFO:Quadratic Discriminant Analysis Imported successfully
2026-05-26 02:57:59,824:INFO:Starting cross validation
2026-05-26 02:57:59,826:INFO:Cross validating with StratifiedKFold(n_splits=10, random_state=None, shuffle=False), n_jobs=1
2026-05-26 02:58:01,978:INFO:Calculating mean and std
2026-05-26 02:58:01,979:INFO:Creating metrics dataframe
2026-05-26 02:58:01,981:INFO:Uploading results into container
2026-05-26 02:58:01,981:INFO:Uploading model into container now
2026-05-26 02:58:01,982:INFO:_master_model_container: 8
2026-05-26 02:58:01,982:INFO:_display_container: 2
2026-05-26 02:58:01,982:INFO:QuadraticDiscriminantAnalysis(priors=None, reg_param=0.0,
                              store_covariance=False, tol=0.0001)
2026-05-26 02:58:01,983:INFO:create_model() successfully completed......................................
2026-05-26 02:58:02,112:INFO:SubProcess create_model() end ==================================
2026-05-26 02:58:02,112:INFO:Creating metrics dataframe
2026-05-26 02:58:02,114:INFO:Initializing Ada Boost Classifier
2026-05-26 02:58:02,115:INFO:Total runtime is 0.5455435236295063 minutes
2026-05-26 02:58:02,115:INFO:SubProcess create_model() called ==================================
2026-05-26 02:58:02,115:INFO:Initializing create_model()
2026-05-26 02:58:02,115:INFO:create_model(self=<pycaret.classification.oop.ClassificationExperiment object at 0x000001C949924CD0>, estimator=ada, fold=StratifiedKFold(n_splits=10, random_state=None, shuffle=False), round=4, cross_validation=True, predict=True, fit_kwargs={}, groups=None, refit=False, probability_threshold=None, experiment_custom_tags=None, verbose=False, system=False, add_to_model_list=True, metrics=None, display=<pycaret.internal.display.display.CommonDisplay object at 0x000001C93823F050>, model_only=True, return_train_score=False, error_score=0.0, kwargs={})
2026-05-26 02:58:02,115:INFO:Checking exceptions
2026-05-26 02:58:02,115:INFO:Importing libraries
2026-05-26 02:58:02,115:INFO:Copying training dataset
2026-05-26 02:58:02,185:INFO:Defining folds
2026-05-26 02:58:02,185:INFO:Declaring metric variables
2026-05-26 02:58:02,185:INFO:Importing untrained model
2026-05-26 02:58:02,185:INFO:Ada Boost Classifier Imported successfully
2026-05-26 02:58:02,186:INFO:Starting cross validation
2026-05-26 02:58:02,187:INFO:Cross validating with StratifiedKFold(n_splits=10, random_state=None, shuffle=False), n_jobs=1
2026-05-26 02:58:15,458:INFO:Calculating mean and std
2026-05-26 02:58:15,460:INFO:Creating metrics dataframe
2026-05-26 02:58:15,462:INFO:Uploading results into container
2026-05-26 02:58:15,463:INFO:Uploading model into container now
2026-05-26 02:58:15,463:INFO:_master_model_container: 9
2026-05-26 02:58:15,464:INFO:_display_container: 2
2026-05-26 02:58:15,464:INFO:AdaBoostClassifier(algorithm='SAMME.R', estimator=None, learning_rate=1.0,
                   n_estimators=50, random_state=123)
2026-05-26 02:58:15,464:INFO:create_model() successfully completed......................................
2026-05-26 02:58:15,594:INFO:SubProcess create_model() end ==================================
2026-05-26 02:58:15,594:INFO:Creating metrics dataframe
2026-05-26 02:58:15,596:INFO:Initializing Gradient Boosting Classifier
2026-05-26 02:58:15,596:INFO:Total runtime is 0.7702375253041585 minutes
2026-05-26 02:58:15,596:INFO:SubProcess create_model() called ==================================
2026-05-26 02:58:15,596:INFO:Initializing create_model()
2026-05-26 02:58:15,596:INFO:create_model(self=<pycaret.classification.oop.ClassificationExperiment object at 0x000001C949924CD0>, estimator=gbc, fold=StratifiedKFold(n_splits=10, random_state=None, shuffle=False), round=4, cross_validation=True, predict=True, fit_kwargs={}, groups=None, refit=False, probability_threshold=None, experiment_custom_tags=None, verbose=False, system=False, add_to_model_list=True, metrics=None, display=<pycaret.internal.display.display.CommonDisplay object at 0x000001C93823F050>, model_only=True, return_train_score=False, error_score=0.0, kwargs={})
2026-05-26 02:58:15,596:INFO:Checking exceptions
2026-05-26 02:58:15,596:INFO:Importing libraries
2026-05-26 02:58:15,596:INFO:Copying training dataset
2026-05-26 02:58:15,652:INFO:Defining folds
2026-05-26 02:58:15,652:INFO:Declaring metric variables
2026-05-26 02:58:15,652:INFO:Importing untrained model
2026-05-26 02:58:15,653:INFO:Gradient Boosting Classifier Imported successfully
2026-05-26 02:58:15,654:INFO:Starting cross validation
2026-05-26 02:58:15,655:INFO:Cross validating with StratifiedKFold(n_splits=10, random_state=None, shuffle=False), n_jobs=1
2026-05-26 02:59:00,157:INFO:Calculating mean and std
2026-05-26 02:59:00,158:INFO:Creating metrics dataframe
2026-05-26 02:59:00,161:INFO:Uploading results into container
2026-05-26 02:59:00,162:INFO:Uploading model into container now
2026-05-26 02:59:00,163:INFO:_master_model_container: 10
2026-05-26 02:59:00,163:INFO:_display_container: 2
2026-05-26 02:59:00,163:INFO:GradientBoostingClassifier(ccp_alpha=0.0, criterion='friedman_mse', init=None,
                           learning_rate=0.1, loss='log_loss', max_depth=3,
                           max_features=None, max_leaf_nodes=None,
                           min_impurity_decrease=0.0, min_samples_leaf=1,
                           min_samples_split=2, min_weight_fraction_leaf=0.0,
                           n_estimators=100, n_iter_no_change=None,
                           random_state=123, subsample=1.0, tol=0.0001,
                           validation_fraction=0.1, verbose=0,
                           warm_start=False)
2026-05-26 02:59:00,163:INFO:create_model() successfully completed......................................
2026-05-26 02:59:00,296:INFO:SubProcess create_model() end ==================================
2026-05-26 02:59:00,297:INFO:Creating metrics dataframe
2026-05-26 02:59:00,299:INFO:Initializing Linear Discriminant Analysis
2026-05-26 02:59:00,299:INFO:Total runtime is 1.5152853449185688 minutes
2026-05-26 02:59:00,299:INFO:SubProcess create_model() called ==================================
2026-05-26 02:59:00,299:INFO:Initializing create_model()
2026-05-26 02:59:00,299:INFO:create_model(self=<pycaret.classification.oop.ClassificationExperiment object at 0x000001C949924CD0>, estimator=lda, fold=StratifiedKFold(n_splits=10, random_state=None, shuffle=False), round=4, cross_validation=True, predict=True, fit_kwargs={}, groups=None, refit=False, probability_threshold=None, experiment_custom_tags=None, verbose=False, system=False, add_to_model_list=True, metrics=None, display=<pycaret.internal.display.display.CommonDisplay object at 0x000001C93823F050>, model_only=True, return_train_score=False, error_score=0.0, kwargs={})
2026-05-26 02:59:00,299:INFO:Checking exceptions
2026-05-26 02:59:00,299:INFO:Importing libraries
2026-05-26 02:59:00,299:INFO:Copying training dataset
2026-05-26 02:59:00,349:INFO:Defining folds
2026-05-26 02:59:00,349:INFO:Declaring metric variables
2026-05-26 02:59:00,349:INFO:Importing untrained model
2026-05-26 02:59:00,350:INFO:Linear Discriminant Analysis Imported successfully
2026-05-26 02:59:00,350:INFO:Starting cross validation
2026-05-26 02:59:00,351:INFO:Cross validating with StratifiedKFold(n_splits=10, random_state=None, shuffle=False), n_jobs=1
2026-05-26 02:59:02,246:INFO:Calculating mean and std
2026-05-26 02:59:02,247:INFO:Creating metrics dataframe
2026-05-26 02:59:02,249:INFO:Uploading results into container
2026-05-26 02:59:02,250:INFO:Uploading model into container now
2026-05-26 02:59:02,251:INFO:_master_model_container: 11
2026-05-26 02:59:02,251:INFO:_display_container: 2
2026-05-26 02:59:02,251:INFO:LinearDiscriminantAnalysis(covariance_estimator=None, n_components=None,
                           priors=None, shrinkage=None, solver='svd',
                           store_covariance=False, tol=0.0001)
2026-05-26 02:59:02,252:INFO:create_model() successfully completed......................................
2026-05-26 02:59:02,404:INFO:SubProcess create_model() end ==================================
2026-05-26 02:59:02,404:INFO:Creating metrics dataframe
2026-05-26 02:59:02,406:INFO:Initializing Extra Trees Classifier
2026-05-26 02:59:02,407:INFO:Total runtime is 1.5504075527191161 minutes
2026-05-26 02:59:02,407:INFO:SubProcess create_model() called ==================================
2026-05-26 02:59:02,407:INFO:Initializing create_model()
2026-05-26 02:59:02,407:INFO:create_model(self=<pycaret.classification.oop.ClassificationExperiment object at 0x000001C949924CD0>, estimator=et, fold=StratifiedKFold(n_splits=10, random_state=None, shuffle=False), round=4, cross_validation=True, predict=True, fit_kwargs={}, groups=None, refit=False, probability_threshold=None, experiment_custom_tags=None, verbose=False, system=False, add_to_model_list=True, metrics=None, display=<pycaret.internal.display.display.CommonDisplay object at 0x000001C93823F050>, model_only=True, return_train_score=False, error_score=0.0, kwargs={})
2026-05-26 02:59:02,407:INFO:Checking exceptions
2026-05-26 02:59:02,407:INFO:Importing libraries
2026-05-26 02:59:02,407:INFO:Copying training dataset
2026-05-26 02:59:02,473:INFO:Defining folds
2026-05-26 02:59:02,474:INFO:Declaring metric variables
2026-05-26 02:59:02,474:INFO:Importing untrained model
2026-05-26 02:59:02,475:INFO:Extra Trees Classifier Imported successfully
2026-05-26 02:59:02,475:INFO:Starting cross validation
2026-05-26 02:59:02,476:INFO:Cross validating with StratifiedKFold(n_splits=10, random_state=None, shuffle=False), n_jobs=1
2026-05-26 02:59:14,762:INFO:Calculating mean and std
2026-05-26 02:59:14,763:INFO:Creating metrics dataframe
2026-05-26 02:59:14,765:INFO:Uploading results into container
2026-05-26 02:59:14,766:INFO:Uploading model into container now
2026-05-26 02:59:14,767:INFO:_master_model_container: 12
2026-05-26 02:59:14,767:INFO:_display_container: 2
2026-05-26 02:59:14,767:INFO:ExtraTreesClassifier(bootstrap=False, ccp_alpha=0.0, class_weight=None,
                     criterion='gini', max_depth=None, max_features='sqrt',
                     max_leaf_nodes=None, max_samples=None,
                     min_impurity_decrease=0.0, min_samples_leaf=1,
                     min_samples_split=2, min_weight_fraction_leaf=0.0,
                     monotonic_cst=None, n_estimators=100, n_jobs=-1,
                     oob_score=False, random_state=123, verbose=0,
                     warm_start=False)
2026-05-26 02:59:14,767:INFO:create_model() successfully completed......................................
2026-05-26 02:59:14,891:INFO:SubProcess create_model() end ==================================
2026-05-26 02:59:14,891:INFO:Creating metrics dataframe
2026-05-26 02:59:14,894:INFO:Initializing Extreme Gradient Boosting
2026-05-26 02:59:14,894:INFO:Total runtime is 1.758531359831492 minutes
2026-05-26 02:59:14,894:INFO:SubProcess create_model() called ==================================
2026-05-26 02:59:14,894:INFO:Initializing create_model()
2026-05-26 02:59:14,894:INFO:create_model(self=<pycaret.classification.oop.ClassificationExperiment object at 0x000001C949924CD0>, estimator=xgboost, fold=StratifiedKFold(n_splits=10, random_state=None, shuffle=False), round=4, cross_validation=True, predict=True, fit_kwargs={}, groups=None, refit=False, probability_threshold=None, experiment_custom_tags=None, verbose=False, system=False, add_to_model_list=True, metrics=None, display=<pycaret.internal.display.display.CommonDisplay object at 0x000001C93823F050>, model_only=True, return_train_score=False, error_score=0.0, kwargs={})
2026-05-26 02:59:14,894:INFO:Checking exceptions
2026-05-26 02:59:14,894:INFO:Importing libraries
2026-05-26 02:59:14,894:INFO:Copying training dataset
2026-05-26 02:59:14,963:INFO:Defining folds
2026-05-26 02:59:14,963:INFO:Declaring metric variables
2026-05-26 02:59:14,964:INFO:Importing untrained model
2026-05-26 02:59:14,965:INFO:Extreme Gradient Boosting Imported successfully
2026-05-26 02:59:14,966:INFO:Starting cross validation
2026-05-26 02:59:14,967:INFO:Cross validating with StratifiedKFold(n_splits=10, random_state=None, shuffle=False), n_jobs=1
2026-05-26 02:59:27,982:INFO:Calculating mean and std
2026-05-26 02:59:27,983:INFO:Creating metrics dataframe
2026-05-26 02:59:27,986:INFO:Uploading results into container
2026-05-26 02:59:27,987:INFO:Uploading model into container now
2026-05-26 02:59:27,988:INFO:_master_model_container: 13
2026-05-26 02:59:27,989:INFO:_display_container: 2
2026-05-26 02:59:27,990:INFO:XGBClassifier(base_score=None, booster='gbtree', callbacks=None,
              colsample_bylevel=None, colsample_bynode=None,
              colsample_bytree=None, device='gpu', early_stopping_rounds=None,
              enable_categorical=False, eval_metric=None, feature_types=None,
              feature_weights=None, gamma=None, grow_policy=None,
              importance_type=None, interaction_constraints=None,
              learning_rate=None, max_bin=None, max_cat_threshold=None,
              max_cat_to_onehot=None, max_delta_step=None, max_depth=None,
              max_leaves=None, min_child_weight=None, missing=nan,
              monotone_constraints=None, multi_strategy=None, n_estimators=None,
              n_jobs=-1, num_parallel_tree=None, ...)
2026-05-26 02:59:27,990:INFO:create_model() successfully completed......................................
2026-05-26 02:59:28,133:INFO:SubProcess create_model() end ==================================
2026-05-26 02:59:28,133:INFO:Creating metrics dataframe
2026-05-26 02:59:28,136:INFO:Initializing Light Gradient Boosting Machine
2026-05-26 02:59:28,136:INFO:Total runtime is 1.9792227268218994 minutes
2026-05-26 02:59:28,136:INFO:SubProcess create_model() called ==================================
2026-05-26 02:59:28,136:INFO:Initializing create_model()
2026-05-26 02:59:28,136:INFO:create_model(self=<pycaret.classification.oop.ClassificationExperiment object at 0x000001C949924CD0>, estimator=lightgbm, fold=StratifiedKFold(n_splits=10, random_state=None, shuffle=False), round=4, cross_validation=True, predict=True, fit_kwargs={}, groups=None, refit=False, probability_threshold=None, experiment_custom_tags=None, verbose=False, system=False, add_to_model_list=True, metrics=None, display=<pycaret.internal.display.display.CommonDisplay object at 0x000001C93823F050>, model_only=True, return_train_score=False, error_score=0.0, kwargs={})
2026-05-26 02:59:28,136:INFO:Checking exceptions
2026-05-26 02:59:28,136:INFO:Importing libraries
2026-05-26 02:59:28,136:INFO:Copying training dataset
2026-05-26 02:59:28,194:INFO:Defining folds
2026-05-26 02:59:28,194:INFO:Declaring metric variables
2026-05-26 02:59:28,195:INFO:Importing untrained model
2026-05-26 02:59:28,196:INFO:Light Gradient Boosting Machine Imported successfully
2026-05-26 02:59:28,196:INFO:Starting cross validation
2026-05-26 02:59:28,197:INFO:Cross validating with StratifiedKFold(n_splits=10, random_state=None, shuffle=False), n_jobs=1
2026-05-26 02:59:28,299:INFO:[LightGBM] [Warning] Found whitespace in feature_names, replace with underlines
2026-05-26 02:59:28,300:INFO:[LightGBM] [Info] Number of positive: 10004, number of negative: 15196
2026-05-26 02:59:28,300:INFO:[LightGBM] [Info] This is the GPU trainer!!
2026-05-26 02:59:28,302:INFO:[LightGBM] [Info] Total Bins 449
2026-05-26 02:59:28,303:INFO:[LightGBM] [Info] Number of data points in the train set: 25200, number of used features: 67
2026-05-26 02:59:28,392:INFO:[LightGBM] [Info] Using GPU Device: NVIDIA GeForce GTX 1650 Ti, Vendor: NVIDIA Corporation
2026-05-26 02:59:28,392:INFO:[LightGBM] [Info] Compiling OpenCL Kernel with 256 bins...
2026-05-26 02:59:28,700:INFO:[LightGBM] [Info] GPU programs have been built
2026-05-26 02:59:28,704:INFO:[LightGBM] [Info] Size of histogram bin entry: 8
2026-05-26 02:59:28,707:INFO:[LightGBM] [Info] 14 dense feature groups (0.38 MB) transferred to GPU in 0.002819 secs. 1 sparse feature groups
2026-05-26 02:59:28,708:INFO:[LightGBM] [Info] [binary:BoostFromScore]: pavg=0.396984 -> initscore=-0.418047
2026-05-26 02:59:28,708:INFO:[LightGBM] [Info] Start training from score -0.418047
2026-05-26 02:59:30,074:INFO:[LightGBM] [Warning] Found whitespace in feature_names, replace with underlines
2026-05-26 02:59:30,075:INFO:[LightGBM] [Info] Number of positive: 10004, number of negative: 15196
2026-05-26 02:59:30,075:INFO:[LightGBM] [Info] This is the GPU trainer!!
2026-05-26 02:59:30,077:INFO:[LightGBM] [Info] Total Bins 449
2026-05-26 02:59:30,077:INFO:[LightGBM] [Info] Number of data points in the train set: 25200, number of used features: 67
2026-05-26 02:59:30,164:INFO:[LightGBM] [Info] Using GPU Device: NVIDIA GeForce GTX 1650 Ti, Vendor: NVIDIA Corporation
2026-05-26 02:59:30,164:INFO:[LightGBM] [Info] Compiling OpenCL Kernel with 256 bins...
2026-05-26 02:59:30,185:INFO:[LightGBM] [Info] GPU programs have been built
2026-05-26 02:59:30,189:INFO:[LightGBM] [Info] Size of histogram bin entry: 8
2026-05-26 02:59:30,191:INFO:[LightGBM] [Info] 14 dense feature groups (0.38 MB) transferred to GPU in 0.002324 secs. 1 sparse feature groups
2026-05-26 02:59:30,192:INFO:[LightGBM] [Info] [binary:BoostFromScore]: pavg=0.396984 -> initscore=-0.418047
2026-05-26 02:59:30,192:INFO:[LightGBM] [Info] Start training from score -0.418047
2026-05-26 02:59:31,575:INFO:[LightGBM] [Warning] Found whitespace in feature_names, replace with underlines
2026-05-26 02:59:31,575:INFO:[LightGBM] [Info] Number of positive: 10004, number of negative: 15196
2026-05-26 02:59:31,576:INFO:[LightGBM] [Info] This is the GPU trainer!!
2026-05-26 02:59:31,578:INFO:[LightGBM] [Info] Total Bins 449
2026-05-26 02:59:31,578:INFO:[LightGBM] [Info] Number of data points in the train set: 25200, number of used features: 67
2026-05-26 02:59:31,662:INFO:[LightGBM] [Info] Using GPU Device: NVIDIA GeForce GTX 1650 Ti, Vendor: NVIDIA Corporation
2026-05-26 02:59:31,662:INFO:[LightGBM] [Info] Compiling OpenCL Kernel with 256 bins...
2026-05-26 02:59:31,684:INFO:[LightGBM] [Info] GPU programs have been built
2026-05-26 02:59:31,687:INFO:[LightGBM] [Info] Size of histogram bin entry: 8
2026-05-26 02:59:31,690:INFO:[LightGBM] [Info] 14 dense feature groups (0.38 MB) transferred to GPU in 0.002454 secs. 1 sparse feature groups
2026-05-26 02:59:31,690:INFO:[LightGBM] [Info] [binary:BoostFromScore]: pavg=0.396984 -> initscore=-0.418047
2026-05-26 02:59:31,690:INFO:[LightGBM] [Info] Start training from score -0.418047
2026-05-26 02:59:33,095:INFO:[LightGBM] [Warning] Found whitespace in feature_names, replace with underlines
2026-05-26 02:59:33,095:INFO:[LightGBM] [Info] Number of positive: 10004, number of negative: 15196
2026-05-26 02:59:33,096:INFO:[LightGBM] [Info] This is the GPU trainer!!
2026-05-26 02:59:33,098:INFO:[LightGBM] [Info] Total Bins 449
2026-05-26 02:59:33,098:INFO:[LightGBM] [Info] Number of data points in the train set: 25200, number of used features: 67
2026-05-26 02:59:33,184:INFO:[LightGBM] [Info] Using GPU Device: NVIDIA GeForce GTX 1650 Ti, Vendor: NVIDIA Corporation
2026-05-26 02:59:33,184:INFO:[LightGBM] [Info] Compiling OpenCL Kernel with 256 bins...
2026-05-26 02:59:33,205:INFO:[LightGBM] [Info] GPU programs have been built
2026-05-26 02:59:33,208:INFO:[LightGBM] [Info] Size of histogram bin entry: 8
2026-05-26 02:59:33,210:INFO:[LightGBM] [Info] 14 dense feature groups (0.38 MB) transferred to GPU in 0.002265 secs. 1 sparse feature groups
2026-05-26 02:59:33,211:INFO:[LightGBM] [Info] [binary:BoostFromScore]: pavg=0.396984 -> initscore=-0.418047
2026-05-26 02:59:33,211:INFO:[LightGBM] [Info] Start training from score -0.418047
2026-05-26 02:59:34,531:INFO:[LightGBM] [Warning] Found whitespace in feature_names, replace with underlines
2026-05-26 02:59:34,531:INFO:[LightGBM] [Info] Number of positive: 10004, number of negative: 15196
2026-05-26 02:59:34,532:INFO:[LightGBM] [Info] This is the GPU trainer!!
2026-05-26 02:59:34,533:INFO:[LightGBM] [Info] Total Bins 449
2026-05-26 02:59:34,533:INFO:[LightGBM] [Info] Number of data points in the train set: 25200, number of used features: 67
2026-05-26 02:59:34,614:INFO:[LightGBM] [Info] Using GPU Device: NVIDIA GeForce GTX 1650 Ti, Vendor: NVIDIA Corporation
2026-05-26 02:59:34,615:INFO:[LightGBM] [Info] Compiling OpenCL Kernel with 256 bins...
2026-05-26 02:59:34,632:INFO:[LightGBM] [Info] GPU programs have been built
2026-05-26 02:59:34,635:INFO:[LightGBM] [Info] Size of histogram bin entry: 8
2026-05-26 02:59:34,638:INFO:[LightGBM] [Info] 14 dense feature groups (0.38 MB) transferred to GPU in 0.002313 secs. 1 sparse feature groups
2026-05-26 02:59:34,638:INFO:[LightGBM] [Info] [binary:BoostFromScore]: pavg=0.396984 -> initscore=-0.418047
2026-05-26 02:59:34,638:INFO:[LightGBM] [Info] Start training from score -0.418047
2026-05-26 02:59:35,977:INFO:[LightGBM] [Warning] Found whitespace in feature_names, replace with underlines
2026-05-26 02:59:35,978:INFO:[LightGBM] [Info] Number of positive: 10004, number of negative: 15196
2026-05-26 02:59:35,978:INFO:[LightGBM] [Info] This is the GPU trainer!!
2026-05-26 02:59:35,980:INFO:[LightGBM] [Info] Total Bins 449
2026-05-26 02:59:35,980:INFO:[LightGBM] [Info] Number of data points in the train set: 25200, number of used features: 67
2026-05-26 02:59:36,064:INFO:[LightGBM] [Info] Using GPU Device: NVIDIA GeForce GTX 1650 Ti, Vendor: NVIDIA Corporation
2026-05-26 02:59:36,065:INFO:[LightGBM] [Info] Compiling OpenCL Kernel with 256 bins...
2026-05-26 02:59:36,083:INFO:[LightGBM] [Info] GPU programs have been built
2026-05-26 02:59:36,086:INFO:[LightGBM] [Info] Size of histogram bin entry: 8
2026-05-26 02:59:36,089:INFO:[LightGBM] [Info] 14 dense feature groups (0.38 MB) transferred to GPU in 0.002478 secs. 1 sparse feature groups
2026-05-26 02:59:36,090:INFO:[LightGBM] [Info] [binary:BoostFromScore]: pavg=0.396984 -> initscore=-0.418047
2026-05-26 02:59:36,090:INFO:[LightGBM] [Info] Start training from score -0.418047
2026-05-26 02:59:37,471:INFO:[LightGBM] [Warning] Found whitespace in feature_names, replace with underlines
2026-05-26 02:59:37,471:INFO:[LightGBM] [Info] Number of positive: 10005, number of negative: 15195
2026-05-26 02:59:37,471:INFO:[LightGBM] [Info] This is the GPU trainer!!
2026-05-26 02:59:37,473:INFO:[LightGBM] [Info] Total Bins 449
2026-05-26 02:59:37,474:INFO:[LightGBM] [Info] Number of data points in the train set: 25200, number of used features: 67
2026-05-26 02:59:37,562:INFO:[LightGBM] [Info] Using GPU Device: NVIDIA GeForce GTX 1650 Ti, Vendor: NVIDIA Corporation
2026-05-26 02:59:37,563:INFO:[LightGBM] [Info] Compiling OpenCL Kernel with 256 bins...
2026-05-26 02:59:37,582:INFO:[LightGBM] [Info] GPU programs have been built
2026-05-26 02:59:37,585:INFO:[LightGBM] [Info] Size of histogram bin entry: 8
2026-05-26 02:59:37,588:INFO:[LightGBM] [Info] 14 dense feature groups (0.38 MB) transferred to GPU in 0.002387 secs. 1 sparse feature groups
2026-05-26 02:59:37,588:INFO:[LightGBM] [Info] [binary:BoostFromScore]: pavg=0.397024 -> initscore=-0.417881
2026-05-26 02:59:37,589:INFO:[LightGBM] [Info] Start training from score -0.417881
2026-05-26 02:59:38,933:INFO:[LightGBM] [Warning] Found whitespace in feature_names, replace with underlines
2026-05-26 02:59:38,933:INFO:[LightGBM] [Info] Number of positive: 10005, number of negative: 15195
2026-05-26 02:59:38,934:INFO:[LightGBM] [Info] This is the GPU trainer!!
2026-05-26 02:59:38,936:INFO:[LightGBM] [Info] Total Bins 449
2026-05-26 02:59:38,936:INFO:[LightGBM] [Info] Number of data points in the train set: 25200, number of used features: 67
2026-05-26 02:59:39,023:INFO:[LightGBM] [Info] Using GPU Device: NVIDIA GeForce GTX 1650 Ti, Vendor: NVIDIA Corporation
2026-05-26 02:59:39,023:INFO:[LightGBM] [Info] Compiling OpenCL Kernel with 256 bins...
2026-05-26 02:59:39,041:INFO:[LightGBM] [Info] GPU programs have been built
2026-05-26 02:59:39,044:INFO:[LightGBM] [Info] Size of histogram bin entry: 8
2026-05-26 02:59:39,047:INFO:[LightGBM] [Info] 14 dense feature groups (0.38 MB) transferred to GPU in 0.002592 secs. 1 sparse feature groups
2026-05-26 02:59:39,047:INFO:[LightGBM] [Info] [binary:BoostFromScore]: pavg=0.397024 -> initscore=-0.417881
2026-05-26 02:59:39,048:INFO:[LightGBM] [Info] Start training from score -0.417881
2026-05-26 02:59:40,430:INFO:[LightGBM] [Warning] Found whitespace in feature_names, replace with underlines
2026-05-26 02:59:40,430:INFO:[LightGBM] [Info] Number of positive: 10005, number of negative: 15195
2026-05-26 02:59:40,430:INFO:[LightGBM] [Info] This is the GPU trainer!!
2026-05-26 02:59:40,433:INFO:[LightGBM] [Info] Total Bins 449
2026-05-26 02:59:40,433:INFO:[LightGBM] [Info] Number of data points in the train set: 25200, number of used features: 67
2026-05-26 02:59:40,517:INFO:[LightGBM] [Info] Using GPU Device: NVIDIA GeForce GTX 1650 Ti, Vendor: NVIDIA Corporation
2026-05-26 02:59:40,518:INFO:[LightGBM] [Info] Compiling OpenCL Kernel with 256 bins...
2026-05-26 02:59:40,535:INFO:[LightGBM] [Info] GPU programs have been built
2026-05-26 02:59:40,538:INFO:[LightGBM] [Info] Size of histogram bin entry: 8
2026-05-26 02:59:40,541:INFO:[LightGBM] [Info] 14 dense feature groups (0.38 MB) transferred to GPU in 0.002632 secs. 1 sparse feature groups
2026-05-26 02:59:40,541:INFO:[LightGBM] [Info] [binary:BoostFromScore]: pavg=0.397024 -> initscore=-0.417881
2026-05-26 02:59:40,542:INFO:[LightGBM] [Info] Start training from score -0.417881
2026-05-26 02:59:41,901:INFO:[LightGBM] [Warning] Found whitespace in feature_names, replace with underlines
2026-05-26 02:59:41,901:INFO:[LightGBM] [Info] Number of positive: 10005, number of negative: 15195
2026-05-26 02:59:41,901:INFO:[LightGBM] [Info] This is the GPU trainer!!
2026-05-26 02:59:41,903:INFO:[LightGBM] [Info] Total Bins 449
2026-05-26 02:59:41,903:INFO:[LightGBM] [Info] Number of data points in the train set: 25200, number of used features: 67
2026-05-26 02:59:41,992:INFO:[LightGBM] [Info] Using GPU Device: NVIDIA GeForce GTX 1650 Ti, Vendor: NVIDIA Corporation
2026-05-26 02:59:41,992:INFO:[LightGBM] [Info] Compiling OpenCL Kernel with 256 bins...
2026-05-26 02:59:42,011:INFO:[LightGBM] [Info] GPU programs have been built
2026-05-26 02:59:42,014:INFO:[LightGBM] [Info] Size of histogram bin entry: 8
2026-05-26 02:59:42,017:INFO:[LightGBM] [Info] 14 dense feature groups (0.38 MB) transferred to GPU in 0.002491 secs. 1 sparse feature groups
2026-05-26 02:59:42,018:INFO:[LightGBM] [Info] [binary:BoostFromScore]: pavg=0.397024 -> initscore=-0.417881
2026-05-26 02:59:42,018:INFO:[LightGBM] [Info] Start training from score -0.417881
2026-05-26 02:59:42,964:INFO:Calculating mean and std
2026-05-26 02:59:42,966:INFO:Creating metrics dataframe
2026-05-26 02:59:42,968:INFO:Uploading results into container
2026-05-26 02:59:42,969:INFO:Uploading model into container now
2026-05-26 02:59:42,970:INFO:_master_model_container: 14
2026-05-26 02:59:42,970:INFO:_display_container: 2
2026-05-26 02:59:42,970:INFO:LGBMClassifier(boosting_type='gbdt', class_weight=None, colsample_bytree=1.0,
               device='gpu', importance_type='split', learning_rate=0.1,
               max_depth=-1, min_child_samples=20, min_child_weight=0.001,
               min_split_gain=0.0, n_estimators=100, n_jobs=-1, num_leaves=31,
               objective=None, random_state=123, reg_alpha=0.0, reg_lambda=0.0,
               subsample=1.0, subsample_for_bin=200000, subsample_freq=0)
2026-05-26 02:59:42,971:INFO:create_model() successfully completed......................................
2026-05-26 02:59:43,109:INFO:SubProcess create_model() end ==================================
2026-05-26 02:59:43,109:INFO:Creating metrics dataframe
2026-05-26 02:59:43,112:INFO:Initializing Dummy Classifier
2026-05-26 02:59:43,112:INFO:Total runtime is 2.2288323998451234 minutes
2026-05-26 02:59:43,112:INFO:SubProcess create_model() called ==================================
2026-05-26 02:59:43,112:INFO:Initializing create_model()
2026-05-26 02:59:43,112:INFO:create_model(self=<pycaret.classification.oop.ClassificationExperiment object at 0x000001C949924CD0>, estimator=dummy, fold=StratifiedKFold(n_splits=10, random_state=None, shuffle=False), round=4, cross_validation=True, predict=True, fit_kwargs={}, groups=None, refit=False, probability_threshold=None, experiment_custom_tags=None, verbose=False, system=False, add_to_model_list=True, metrics=None, display=<pycaret.internal.display.display.CommonDisplay object at 0x000001C93823F050>, model_only=True, return_train_score=False, error_score=0.0, kwargs={})
2026-05-26 02:59:43,112:INFO:Checking exceptions
2026-05-26 02:59:43,112:INFO:Importing libraries
2026-05-26 02:59:43,112:INFO:Copying training dataset
2026-05-26 02:59:43,188:INFO:Defining folds
2026-05-26 02:59:43,188:INFO:Declaring metric variables
2026-05-26 02:59:43,188:INFO:Importing untrained model
2026-05-26 02:59:43,189:INFO:Dummy Classifier Imported successfully
2026-05-26 02:59:43,189:INFO:Starting cross validation
2026-05-26 02:59:43,190:INFO:Cross validating with StratifiedKFold(n_splits=10, random_state=None, shuffle=False), n_jobs=1
2026-05-26 02:59:44,078:INFO:Calculating mean and std
2026-05-26 02:59:44,079:INFO:Creating metrics dataframe
2026-05-26 02:59:44,081:INFO:Uploading results into container
2026-05-26 02:59:44,082:INFO:Uploading model into container now
2026-05-26 02:59:44,083:INFO:_master_model_container: 15
2026-05-26 02:59:44,083:INFO:_display_container: 2
2026-05-26 02:59:44,083:INFO:DummyClassifier(constant=None, random_state=123, strategy='prior')
2026-05-26 02:59:44,083:INFO:create_model() successfully completed......................................
2026-05-26 02:59:44,209:INFO:SubProcess create_model() end ==================================
2026-05-26 02:59:44,209:INFO:Creating metrics dataframe
2026-05-26 02:59:44,214:INFO:Initializing create_model()
2026-05-26 02:59:44,214:INFO:create_model(self=<pycaret.classification.oop.ClassificationExperiment object at 0x000001C949924CD0>, estimator=SGDClassifier(alpha=0.0001, average=False, class_weight=None,
              early_stopping=False, epsilon=0.1, eta0=0.001, fit_intercept=True,
              l1_ratio=0.15, learning_rate='optimal', loss='hinge',
              max_iter=1000, n_iter_no_change=5, n_jobs=-1, penalty='l2',
              power_t=0.5, random_state=123, shuffle=True, tol=0.001,
              validation_fraction=0.1, verbose=0, warm_start=False), fold=StratifiedKFold(n_splits=10, random_state=None, shuffle=False), round=4, cross_validation=False, predict=False, fit_kwargs={}, groups=None, refit=True, probability_threshold=None, experiment_custom_tags=None, verbose=False, system=False, add_to_model_list=True, metrics=None, display=None, model_only=True, return_train_score=False, error_score=0.0, kwargs={})
2026-05-26 02:59:44,215:INFO:Checking exceptions
2026-05-26 02:59:44,216:INFO:Importing libraries
2026-05-26 02:59:44,216:INFO:Copying training dataset
2026-05-26 02:59:44,271:INFO:Defining folds
2026-05-26 02:59:44,271:INFO:Declaring metric variables
2026-05-26 02:59:44,272:INFO:Importing untrained model
2026-05-26 02:59:44,272:INFO:Declaring custom model
2026-05-26 02:59:44,272:INFO:SVM - Linear Kernel Imported successfully
2026-05-26 02:59:44,273:INFO:Cross validation set to False
2026-05-26 02:59:44,273:INFO:Fitting Model
2026-05-26 02:59:44,747:INFO:SGDClassifier(alpha=0.0001, average=False, class_weight=None,
              early_stopping=False, epsilon=0.1, eta0=0.001, fit_intercept=True,
              l1_ratio=0.15, learning_rate='optimal', loss='hinge',
              max_iter=1000, n_iter_no_change=5, n_jobs=-1, penalty='l2',
              power_t=0.5, random_state=123, shuffle=True, tol=0.001,
              validation_fraction=0.1, verbose=0, warm_start=False)
2026-05-26 02:59:44,747:INFO:create_model() successfully completed......................................
2026-05-26 02:59:44,892:INFO:_master_model_container: 15
2026-05-26 02:59:44,892:INFO:_display_container: 2
2026-05-26 02:59:44,893:INFO:SGDClassifier(alpha=0.0001, average=False, class_weight=None,
              early_stopping=False, epsilon=0.1, eta0=0.001, fit_intercept=True,
              l1_ratio=0.15, learning_rate='optimal', loss='hinge',
              max_iter=1000, n_iter_no_change=5, n_jobs=-1, penalty='l2',
              power_t=0.5, random_state=123, shuffle=True, tol=0.001,
              validation_fraction=0.1, verbose=0, warm_start=False)
2026-05-26 02:59:44,893:INFO:compare_models() successfully completed......................................
2026-05-27 00:02:25,089:WARNING:
'cuml' is a soft dependency and not included in the pycaret installation. Please run: `pip install cuml` to install.
2026-05-27 00:02:25,089:WARNING:
'cuml' is a soft dependency and not included in the pycaret installation. Please run: `pip install cuml` to install.
2026-05-27 00:02:25,089:WARNING:
'cuml' is a soft dependency and not included in the pycaret installation. Please run: `pip install cuml` to install.
2026-05-27 00:02:25,089:WARNING:
'cuml' is a soft dependency and not included in the pycaret installation. Please run: `pip install cuml` to install.
2026-05-27 00:02:26,024:INFO:PyCaret ClassificationExperiment
2026-05-27 00:02:26,024:INFO:Logging name: clf-default-name
2026-05-27 00:02:26,024:INFO:ML Usecase: MLUsecase.CLASSIFICATION
2026-05-27 00:02:26,025:INFO:version 3.3.2
2026-05-27 00:02:26,025:INFO:Initializing setup()
2026-05-27 00:02:26,025:INFO:self.USI: 8224
2026-05-27 00:02:26,025:INFO:self._variable_keys: {'USI', '_ml_usecase', 'idx', 'seed', 'exp_name_log', 'X', 'gpu_n_jobs_param', '_available_plots', 'logging_param', 'data', 'X_test', 'fold_generator', 'y_train', 'target_param', 'exp_id', 'pipeline', 'X_train', 'html_param', 'log_plots_param', 'fold_shuffle_param', 'is_multiclass', 'memory', 'y', 'fold_groups_param', 'n_jobs_param', 'gpu_param', 'fix_imbalance', 'y_test'}
2026-05-27 00:02:26,025:INFO:Checking environment
2026-05-27 00:02:26,025:INFO:python_version: 3.11.9
2026-05-27 00:02:26,025:INFO:python_build: ('tags/v3.11.9:de54cf5', 'Apr  2 2024 10:12:12')
2026-05-27 00:02:26,025:INFO:machine: AMD64
2026-05-27 00:02:26,025:INFO:platform: Windows-10-10.0.26200-SP0
2026-05-27 00:02:26,025:INFO:Memory: svmem(total=25087217664, available=7157456896, percent=71.5, used=17929760768, free=7157456896)
2026-05-27 00:02:26,025:INFO:Physical Core: 6
2026-05-27 00:02:26,025:INFO:Logical Core: 12
2026-05-27 00:02:26,025:INFO:Checking libraries
2026-05-27 00:02:26,025:INFO:System:
2026-05-27 00:02:26,025:INFO:    python: 3.11.9 (tags/v3.11.9:de54cf5, Apr  2 2024, 10:12:12) [MSC v.1938 64 bit (AMD64)]
2026-05-27 00:02:26,025:INFO:executable: c:\Users\HP\Documents\GitHub\ML-dating-app-behaviour\.venv\Scripts\python.exe
2026-05-27 00:02:26,025:INFO:   machine: Windows-10-10.0.26200-SP0
2026-05-27 00:02:26,025:INFO:PyCaret required dependencies:
2026-05-27 00:02:26,029:INFO:                 pip: 26.1.1
2026-05-27 00:02:26,029:INFO:          setuptools: 65.5.0
2026-05-27 00:02:26,029:INFO:             pycaret: 3.3.2
2026-05-27 00:02:26,029:INFO:             IPython: 9.13.0
2026-05-27 00:02:26,029:INFO:          ipywidgets: 8.1.8
2026-05-27 00:02:26,030:INFO:                tqdm: 4.67.3
2026-05-27 00:02:26,030:INFO:               numpy: 1.26.4
2026-05-27 00:02:26,030:INFO:              pandas: 2.1.4
2026-05-27 00:02:26,030:INFO:              jinja2: 3.1.6
2026-05-27 00:02:26,030:INFO:               scipy: 1.11.4
2026-05-27 00:02:26,030:INFO:              joblib: 1.3.2
2026-05-27 00:02:26,030:INFO:             sklearn: 1.4.2
2026-05-27 00:02:26,030:INFO:                pyod: 3.4.0
2026-05-27 00:02:26,030:INFO:            imblearn: 0.14.1
2026-05-27 00:02:26,030:INFO:   category_encoders: 2.7.0
2026-05-27 00:02:26,030:INFO:            lightgbm: 4.6.0
2026-05-27 00:02:26,030:INFO:               numba: 0.65.1
2026-05-27 00:02:26,030:INFO:            requests: 2.34.2
2026-05-27 00:02:26,030:INFO:          matplotlib: 3.7.5
2026-05-27 00:02:26,030:INFO:          scikitplot: 0.3.7
2026-05-27 00:02:26,031:INFO:         yellowbrick: 1.5
2026-05-27 00:02:26,031:INFO:              plotly: 6.7.0
2026-05-27 00:02:26,031:INFO:    plotly-resampler: Not installed
2026-05-27 00:02:26,031:INFO:             kaleido: 1.3.0
2026-05-27 00:02:26,031:INFO:           schemdraw: 0.15
2026-05-27 00:02:26,031:INFO:         statsmodels: 0.14.6
2026-05-27 00:02:26,031:INFO:              sktime: 0.26.0
2026-05-27 00:02:26,031:INFO:               tbats: 1.1.3
2026-05-27 00:02:26,031:INFO:            pmdarima: 2.0.4
2026-05-27 00:02:26,031:INFO:              psutil: 7.2.2
2026-05-27 00:02:26,031:INFO:          markupsafe: 3.0.3
2026-05-27 00:02:26,031:INFO:             pickle5: Not installed
2026-05-27 00:02:26,031:INFO:         cloudpickle: 3.1.2
2026-05-27 00:02:26,031:INFO:         deprecation: 2.1.0
2026-05-27 00:02:26,031:INFO:              xxhash: 3.7.0
2026-05-27 00:02:26,031:INFO:           wurlitzer: Not installed
2026-05-27 00:02:26,031:INFO:PyCaret optional dependencies:
2026-05-27 00:02:26,102:INFO:                shap: 0.49.1
2026-05-27 00:02:26,102:INFO:           interpret: Not installed
2026-05-27 00:02:26,102:INFO:                umap: Not installed
2026-05-27 00:02:26,102:INFO:     ydata_profiling: Not installed
2026-05-27 00:02:26,102:INFO:  explainerdashboard: Not installed
2026-05-27 00:02:26,102:INFO:             autoviz: Not installed
2026-05-27 00:02:26,102:INFO:           fairlearn: Not installed
2026-05-27 00:02:26,102:INFO:          deepchecks: Not installed
2026-05-27 00:02:26,102:INFO:             xgboost: 3.2.0
2026-05-27 00:02:26,102:INFO:            catboost: 1.2.10
2026-05-27 00:02:26,102:INFO:              kmodes: Not installed
2026-05-27 00:02:26,102:INFO:             mlxtend: Not installed
2026-05-27 00:02:26,102:INFO:       statsforecast: Not installed
2026-05-27 00:02:26,102:INFO:        tune_sklearn: Not installed
2026-05-27 00:02:26,102:INFO:                 ray: Not installed
2026-05-27 00:02:26,102:INFO:            hyperopt: Not installed
2026-05-27 00:02:26,103:INFO:              optuna: 4.8.0
2026-05-27 00:02:26,103:INFO:               skopt: Not installed
2026-05-27 00:02:26,103:INFO:              mlflow: Not installed
2026-05-27 00:02:26,103:INFO:              gradio: Not installed
2026-05-27 00:02:26,103:INFO:             fastapi: Not installed
2026-05-27 00:02:26,103:INFO:             uvicorn: 0.48.0
2026-05-27 00:02:26,103:INFO:              m2cgen: Not installed
2026-05-27 00:02:26,103:INFO:           evidently: Not installed
2026-05-27 00:02:26,103:INFO:               fugue: Not installed
2026-05-27 00:02:26,103:INFO:           streamlit: 1.57.0
2026-05-27 00:02:26,103:INFO:             prophet: Not installed
2026-05-27 00:02:26,103:INFO:None
2026-05-27 00:02:26,103:INFO:Set up GPU usage.
2026-05-27 00:02:26,103:WARNING:
'cuml' is a soft dependency and not included in the pycaret installation. Please run: `pip install cuml` to install.
2026-05-27 00:02:26,103:WARNING:cuML is outdated or not found. Required version is >=23.08.
                Please visit https://rapids.ai/install for installation instructions.
2026-05-27 00:02:26,103:INFO:Set up data.
2026-05-27 00:02:26,141:INFO:Set up folding strategy.
2026-05-27 00:02:26,142:INFO:Set up train/test split.
2026-05-27 00:02:26,197:INFO:Set up index.
2026-05-27 00:02:26,199:INFO:Assigning column types.
2026-05-27 00:02:26,246:INFO:Engine successfully changes for model 'lr' to 'sklearn'.
2026-05-27 00:02:26,246:WARNING:
'cuml' is a soft dependency and not included in the pycaret installation. Please run: `pip install cuml` to install.
2026-05-27 00:02:26,291:INFO:Engine for model 'knn' has not been set explicitly, hence returning None.
2026-05-27 00:02:26,292:WARNING:
'cuml' is a soft dependency and not included in the pycaret installation. Please run: `pip install cuml` to install.
2026-05-27 00:02:26,297:WARNING:
'cuml' is a soft dependency and not included in the pycaret installation. Please run: `pip install cuml` to install.
2026-05-27 00:02:26,297:INFO:Engine for model 'rbfsvm' has not been set explicitly, hence returning None.
2026-05-27 00:02:26,298:WARNING:
'cuml' is a soft dependency and not included in the pycaret installation. Please run: `pip install cuml` to install.
2026-05-27 00:02:26,329:WARNING:
'cuml' is a soft dependency and not included in the pycaret installation. Please run: `pip install cuml` to install.
2026-05-27 00:02:26,335:WARNING:
'cuml' is a soft dependency and not included in the pycaret installation. Please run: `pip install cuml` to install.
2026-05-27 00:02:26,338:INFO:Soft dependency imported: xgboost: 3.2.0
2026-05-27 00:02:30,046:INFO:Soft dependency imported: catboost: 1.2.10
2026-05-27 00:02:30,056:WARNING:
'cuml' is a soft dependency and not included in the pycaret installation. Please run: `pip install cuml` to install.
2026-05-27 00:02:30,959:INFO:Engine for model 'knn' has not been set explicitly, hence returning None.
2026-05-27 00:02:30,962:WARNING:
'cuml' is a soft dependency and not included in the pycaret installation. Please run: `pip install cuml` to install.
2026-05-27 00:02:30,966:WARNING:
'cuml' is a soft dependency and not included in the pycaret installation. Please run: `pip install cuml` to install.
2026-05-27 00:02:30,986:INFO:Engine for model 'rbfsvm' has not been set explicitly, hence returning None.
2026-05-27 00:02:30,988:WARNING:
'cuml' is a soft dependency and not included in the pycaret installation. Please run: `pip install cuml` to install.
2026-05-27 00:02:31,415:WARNING:
'cuml' is a soft dependency and not included in the pycaret installation. Please run: `pip install cuml` to install.
2026-05-27 00:02:31,504:WARNING:
'cuml' is a soft dependency and not included in the pycaret installation. Please run: `pip install cuml` to install.
2026-05-27 00:02:31,527:INFO:Soft dependency imported: xgboost: 3.2.0
2026-05-27 00:02:33,399:INFO:Soft dependency imported: catboost: 1.2.10
2026-05-27 00:02:33,407:INFO:Engine successfully changes for model 'knn' to 'sklearn'.
2026-05-27 00:02:33,409:WARNING:
'cuml' is a soft dependency and not included in the pycaret installation. Please run: `pip install cuml` to install.
2026-05-27 00:02:34,287:WARNING:
'cuml' is a soft dependency and not included in the pycaret installation. Please run: `pip install cuml` to install.
2026-05-27 00:02:34,290:WARNING:
'cuml' is a soft dependency and not included in the pycaret installation. Please run: `pip install cuml` to install.
2026-05-27 00:02:34,309:INFO:Engine for model 'rbfsvm' has not been set explicitly, hence returning None.
2026-05-27 00:02:34,310:WARNING:
'cuml' is a soft dependency and not included in the pycaret installation. Please run: `pip install cuml` to install.
2026-05-27 00:02:34,781:WARNING:
'cuml' is a soft dependency and not included in the pycaret installation. Please run: `pip install cuml` to install.
2026-05-27 00:02:34,889:WARNING:
'cuml' is a soft dependency and not included in the pycaret installation. Please run: `pip install cuml` to install.
2026-05-27 00:02:36,230:INFO:Soft dependency imported: xgboost: 3.2.0
2026-05-27 00:02:36,397:INFO:Soft dependency imported: catboost: 1.2.10
2026-05-27 00:02:36,399:WARNING:
'cuml' is a soft dependency and not included in the pycaret installation. Please run: `pip install cuml` to install.
2026-05-27 00:02:36,481:WARNING:
'cuml' is a soft dependency and not included in the pycaret installation. Please run: `pip install cuml` to install.
2026-05-27 00:02:36,481:WARNING:
'cuml' is a soft dependency and not included in the pycaret installation. Please run: `pip install cuml` to install.
2026-05-27 00:02:36,483:INFO:Engine for model 'rbfsvm' has not been set explicitly, hence returning None.
2026-05-27 00:02:36,483:WARNING:
'cuml' is a soft dependency and not included in the pycaret installation. Please run: `pip install cuml` to install.
2026-05-27 00:02:36,515:WARNING:
'cuml' is a soft dependency and not included in the pycaret installation. Please run: `pip install cuml` to install.
2026-05-27 00:02:36,519:WARNING:
'cuml' is a soft dependency and not included in the pycaret installation. Please run: `pip install cuml` to install.
2026-05-27 00:02:36,521:INFO:Soft dependency imported: xgboost: 3.2.0
2026-05-27 00:02:36,686:INFO:Soft dependency imported: catboost: 1.2.10
2026-05-27 00:02:36,688:INFO:Engine successfully changes for model 'rbfsvm' to 'sklearn'.
2026-05-27 00:02:36,688:WARNING:
'cuml' is a soft dependency and not included in the pycaret installation. Please run: `pip install cuml` to install.
2026-05-27 00:02:36,762:WARNING:
'cuml' is a soft dependency and not included in the pycaret installation. Please run: `pip install cuml` to install.
2026-05-27 00:02:36,762:WARNING:
'cuml' is a soft dependency and not included in the pycaret installation. Please run: `pip install cuml` to install.
2026-05-27 00:02:36,764:WARNING:
'cuml' is a soft dependency and not included in the pycaret installation. Please run: `pip install cuml` to install.
2026-05-27 00:02:36,797:WARNING:
'cuml' is a soft dependency and not included in the pycaret installation. Please run: `pip install cuml` to install.
2026-05-27 00:02:36,802:WARNING:
'cuml' is a soft dependency and not included in the pycaret installation. Please run: `pip install cuml` to install.
2026-05-27 00:02:36,804:INFO:Soft dependency imported: xgboost: 3.2.0
2026-05-27 00:02:36,937:INFO:Soft dependency imported: catboost: 1.2.10
2026-05-27 00:02:36,938:WARNING:
'cuml' is a soft dependency and not included in the pycaret installation. Please run: `pip install cuml` to install.
2026-05-27 00:02:37,000:WARNING:
'cuml' is a soft dependency and not included in the pycaret installation. Please run: `pip install cuml` to install.
2026-05-27 00:02:37,000:WARNING:
'cuml' is a soft dependency and not included in the pycaret installation. Please run: `pip install cuml` to install.
2026-05-27 00:02:37,002:WARNING:
'cuml' is a soft dependency and not included in the pycaret installation. Please run: `pip install cuml` to install.
2026-05-27 00:02:37,037:WARNING:
'cuml' is a soft dependency and not included in the pycaret installation. Please run: `pip install cuml` to install.
2026-05-27 00:02:37,044:WARNING:
'cuml' is a soft dependency and not included in the pycaret installation. Please run: `pip install cuml` to install.
2026-05-27 00:02:37,045:INFO:Soft dependency imported: xgboost: 3.2.0
2026-05-27 00:02:37,208:INFO:Soft dependency imported: catboost: 1.2.10
2026-05-27 00:02:37,230:INFO:Preparing preprocessing pipeline...
2026-05-27 00:02:37,244:INFO:Set up simple imputation.
2026-05-27 00:02:37,254:INFO:Set up column name cleaning.
2026-05-27 00:02:37,419:INFO:Finished creating preprocessing pipeline.
2026-05-27 00:02:37,425:INFO:Pipeline: Pipeline(memory=FastMemory(location=C:\Users\HP\AppData\Local\Temp\joblib),
         steps=[('numerical_imputer',
                 TransformerWrapper(exclude=None,
                                    include=['body_type_Average',
                                             'body_type_Curvy',
                                             'body_type_Muscular',
                                             'body_type_Slim', 'education_enc',
                                             'gender_Female', 'gender_Male',
                                             'gender_Non-binary',
                                             'gender_Prefer Not to Say',
                                             'gender_Transgender', 'height_cm',
                                             'intere...
                ('categorical_imputer',
                 TransformerWrapper(exclude=None, include=[],
                                    transformer=SimpleImputer(add_indicator=False,
                                                              copy=True,
                                                              fill_value=None,
                                                              keep_empty_features=False,
                                                              missing_values=nan,
                                                              strategy='most_frequent'))),
                ('clean_column_names',
                 TransformerWrapper(exclude=None, include=None,
                                    transformer=CleanColumnNames(match='[\\]\\[\\,\\{\\}\\"\\:]+')))],
         verbose=False)
2026-05-27 00:02:37,425:INFO:Creating final display dataframe.
2026-05-27 00:02:37,895:INFO:Setup _display_container:                     Description             Value
0                    Session id               123
1                        Target            target
2                   Target type            Binary
3           Original data shape       (48240, 68)
4        Transformed data shape       (48240, 68)
5   Transformed train set shape       (33768, 68)
6    Transformed test set shape       (14472, 68)
7              Numeric features                67
8                    Preprocess              True
9               Imputation type            simple
10           Numeric imputation              mean
11       Categorical imputation              mode
12               Fold Generator   StratifiedKFold
13                  Fold Number                10
14                     CPU Jobs                -1
15                      Use GPU              True
16               Log Experiment             False
17              Experiment Name  clf-default-name
18                          USI              8224
2026-05-27 00:02:37,897:WARNING:
'cuml' is a soft dependency and not included in the pycaret installation. Please run: `pip install cuml` to install.
2026-05-27 00:02:37,944:WARNING:
'cuml' is a soft dependency and not included in the pycaret installation. Please run: `pip install cuml` to install.
2026-05-27 00:02:37,944:WARNING:
'cuml' is a soft dependency and not included in the pycaret installation. Please run: `pip install cuml` to install.
2026-05-27 00:02:37,944:WARNING:
'cuml' is a soft dependency and not included in the pycaret installation. Please run: `pip install cuml` to install.
2026-05-27 00:02:37,967:WARNING:
'cuml' is a soft dependency and not included in the pycaret installation. Please run: `pip install cuml` to install.
2026-05-27 00:02:37,972:WARNING:
'cuml' is a soft dependency and not included in the pycaret installation. Please run: `pip install cuml` to install.
2026-05-27 00:02:37,973:INFO:Soft dependency imported: xgboost: 3.2.0
2026-05-27 00:02:38,118:INFO:Soft dependency imported: catboost: 1.2.10
2026-05-27 00:02:38,118:WARNING:
'cuml' is a soft dependency and not included in the pycaret installation. Please run: `pip install cuml` to install.
2026-05-27 00:02:38,192:WARNING:
'cuml' is a soft dependency and not included in the pycaret installation. Please run: `pip install cuml` to install.
2026-05-27 00:02:38,192:WARNING:
'cuml' is a soft dependency and not included in the pycaret installation. Please run: `pip install cuml` to install.
2026-05-27 00:02:38,194:WARNING:
'cuml' is a soft dependency and not included in the pycaret installation. Please run: `pip install cuml` to install.
2026-05-27 00:02:38,225:WARNING:
'cuml' is a soft dependency and not included in the pycaret installation. Please run: `pip install cuml` to install.
2026-05-27 00:02:38,229:WARNING:
'cuml' is a soft dependency and not included in the pycaret installation. Please run: `pip install cuml` to install.
2026-05-27 00:02:38,232:INFO:Soft dependency imported: xgboost: 3.2.0
2026-05-27 00:02:38,378:INFO:Soft dependency imported: catboost: 1.2.10
2026-05-27 00:02:38,380:INFO:setup() successfully completed in 12.36s...............
2026-05-27 00:02:38,380:INFO:Initializing compare_models()
2026-05-27 00:02:38,381:INFO:compare_models(self=<pycaret.classification.oop.ClassificationExperiment object at 0x000001B85A996910>, include=None, exclude=None, fold=None, round=4, cross_validation=True, sort=Accuracy, n_select=1, budget_time=None, turbo=True, errors=ignore, fit_kwargs=None, groups=None, experiment_custom_tags=None, probability_threshold=None, verbose=True, parallel=None, caller_params={'self': <pycaret.classification.oop.ClassificationExperiment object at 0x000001B85A996910>, 'include': None, 'exclude': None, 'fold': None, 'round': 4, 'cross_validation': True, 'sort': 'Accuracy', 'n_select': 1, 'budget_time': None, 'turbo': True, 'errors': 'ignore', 'fit_kwargs': None, 'groups': None, 'experiment_custom_tags': None, 'probability_threshold': None, 'engine': None, 'verbose': True, 'parallel': None, '__class__': <class 'pycaret.classification.oop.ClassificationExperiment'>})
2026-05-27 00:02:38,381:INFO:Checking exceptions
2026-05-27 00:02:38,439:INFO:Preparing display monitor
2026-05-27 00:02:38,447:INFO:Initializing Logistic Regression
2026-05-27 00:02:38,447:INFO:Total runtime is 0.0 minutes
2026-05-27 00:02:38,447:INFO:SubProcess create_model() called ==================================
2026-05-27 00:02:38,449:INFO:Initializing create_model()
2026-05-27 00:02:38,449:INFO:create_model(self=<pycaret.classification.oop.ClassificationExperiment object at 0x000001B85A996910>, estimator=lr, fold=StratifiedKFold(n_splits=10, random_state=None, shuffle=False), round=4, cross_validation=True, predict=True, fit_kwargs={}, groups=None, refit=False, probability_threshold=None, experiment_custom_tags=None, verbose=False, system=False, add_to_model_list=True, metrics=None, display=<pycaret.internal.display.display.CommonDisplay object at 0x000001B83B500510>, model_only=True, return_train_score=False, error_score=0.0, kwargs={})
2026-05-27 00:02:38,449:INFO:Checking exceptions
2026-05-27 00:02:38,450:INFO:Importing libraries
2026-05-27 00:02:38,450:INFO:Copying training dataset
2026-05-27 00:02:38,533:INFO:Defining folds
2026-05-27 00:02:38,533:INFO:Declaring metric variables
2026-05-27 00:02:38,533:INFO:Importing untrained model
2026-05-27 00:02:38,533:INFO:Logistic Regression Imported successfully
2026-05-27 00:02:38,533:INFO:Starting cross validation
2026-05-27 00:02:38,535:INFO:Cross validating with StratifiedKFold(n_splits=10, random_state=None, shuffle=False), n_jobs=1
2026-05-27 00:02:41,122:INFO:Calculating mean and std
2026-05-27 00:02:41,127:INFO:Creating metrics dataframe
2026-05-27 00:02:41,129:INFO:Uploading results into container
2026-05-27 00:02:41,131:INFO:Uploading model into container now
2026-05-27 00:02:41,131:INFO:_master_model_container: 1
2026-05-27 00:02:41,132:INFO:_display_container: 2
2026-05-27 00:02:41,132:INFO:LogisticRegression(C=1.0, class_weight=None, dual=False, fit_intercept=True,
                   intercept_scaling=1, l1_ratio=None, max_iter=1000,
                   multi_class='auto', n_jobs=None, penalty='l2',
                   random_state=123, solver='lbfgs', tol=0.0001, verbose=0,
                   warm_start=False)
2026-05-27 00:02:41,132:INFO:create_model() successfully completed......................................
2026-05-27 00:02:41,344:INFO:SubProcess create_model() end ==================================
2026-05-27 00:02:41,344:INFO:Creating metrics dataframe
2026-05-27 00:02:41,346:INFO:Initializing K Neighbors Classifier
2026-05-27 00:02:41,347:INFO:Total runtime is 0.04833900531133016 minutes
2026-05-27 00:02:41,347:INFO:SubProcess create_model() called ==================================
2026-05-27 00:02:41,347:INFO:Initializing create_model()
2026-05-27 00:02:41,347:INFO:create_model(self=<pycaret.classification.oop.ClassificationExperiment object at 0x000001B85A996910>, estimator=knn, fold=StratifiedKFold(n_splits=10, random_state=None, shuffle=False), round=4, cross_validation=True, predict=True, fit_kwargs={}, groups=None, refit=False, probability_threshold=None, experiment_custom_tags=None, verbose=False, system=False, add_to_model_list=True, metrics=None, display=<pycaret.internal.display.display.CommonDisplay object at 0x000001B83B500510>, model_only=True, return_train_score=False, error_score=0.0, kwargs={})
2026-05-27 00:02:41,347:INFO:Checking exceptions
2026-05-27 00:02:41,347:INFO:Importing libraries
2026-05-27 00:02:41,347:INFO:Copying training dataset
2026-05-27 00:02:41,407:INFO:Defining folds
2026-05-27 00:02:41,407:INFO:Declaring metric variables
2026-05-27 00:02:41,407:INFO:Importing untrained model
2026-05-27 00:02:41,408:INFO:K Neighbors Classifier Imported successfully
2026-05-27 00:02:41,408:INFO:Starting cross validation
2026-05-27 00:02:41,409:INFO:Cross validating with StratifiedKFold(n_splits=10, random_state=None, shuffle=False), n_jobs=1
2026-05-27 00:02:49,522:INFO:Calculating mean and std
2026-05-27 00:02:49,524:INFO:Creating metrics dataframe
2026-05-27 00:02:49,527:INFO:Uploading results into container
2026-05-27 00:02:49,529:INFO:Uploading model into container now
2026-05-27 00:02:49,529:INFO:_master_model_container: 2
2026-05-27 00:02:49,529:INFO:_display_container: 2
2026-05-27 00:02:49,530:INFO:KNeighborsClassifier(algorithm='auto', leaf_size=30, metric='minkowski',
                     metric_params=None, n_jobs=-1, n_neighbors=5, p=2,
                     weights='uniform')
2026-05-27 00:02:49,530:INFO:create_model() successfully completed......................................
2026-05-27 00:02:49,703:INFO:SubProcess create_model() end ==================================
2026-05-27 00:02:49,703:INFO:Creating metrics dataframe
2026-05-27 00:02:49,704:INFO:Initializing Naive Bayes
2026-05-27 00:02:49,705:INFO:Total runtime is 0.1876413663228353 minutes
2026-05-27 00:02:49,705:INFO:SubProcess create_model() called ==================================
2026-05-27 00:02:49,705:INFO:Initializing create_model()
2026-05-27 00:02:49,705:INFO:create_model(self=<pycaret.classification.oop.ClassificationExperiment object at 0x000001B85A996910>, estimator=nb, fold=StratifiedKFold(n_splits=10, random_state=None, shuffle=False), round=4, cross_validation=True, predict=True, fit_kwargs={}, groups=None, refit=False, probability_threshold=None, experiment_custom_tags=None, verbose=False, system=False, add_to_model_list=True, metrics=None, display=<pycaret.internal.display.display.CommonDisplay object at 0x000001B83B500510>, model_only=True, return_train_score=False, error_score=0.0, kwargs={})
2026-05-27 00:02:49,705:INFO:Checking exceptions
2026-05-27 00:02:49,705:INFO:Importing libraries
2026-05-27 00:02:49,705:INFO:Copying training dataset
2026-05-27 00:02:49,771:INFO:Defining folds
2026-05-27 00:02:49,771:INFO:Declaring metric variables
2026-05-27 00:02:49,772:INFO:Importing untrained model
2026-05-27 00:02:49,772:INFO:Naive Bayes Imported successfully
2026-05-27 00:02:49,772:INFO:Starting cross validation
2026-05-27 00:02:49,773:INFO:Cross validating with StratifiedKFold(n_splits=10, random_state=None, shuffle=False), n_jobs=1
2026-05-27 00:02:51,292:INFO:Calculating mean and std
2026-05-27 00:02:51,295:INFO:Creating metrics dataframe
2026-05-27 00:02:51,298:INFO:Uploading results into container
2026-05-27 00:02:51,299:INFO:Uploading model into container now
2026-05-27 00:02:51,299:INFO:_master_model_container: 3
2026-05-27 00:02:51,299:INFO:_display_container: 2
2026-05-27 00:02:51,300:INFO:GaussianNB(priors=None, var_smoothing=1e-09)
2026-05-27 00:02:51,300:INFO:create_model() successfully completed......................................
2026-05-27 00:02:51,489:INFO:SubProcess create_model() end ==================================
2026-05-27 00:02:51,489:INFO:Creating metrics dataframe
2026-05-27 00:02:51,491:INFO:Initializing Decision Tree Classifier
2026-05-27 00:02:51,491:INFO:Total runtime is 0.21739768981933594 minutes
2026-05-27 00:02:51,491:INFO:SubProcess create_model() called ==================================
2026-05-27 00:02:51,491:INFO:Initializing create_model()
2026-05-27 00:02:51,491:INFO:create_model(self=<pycaret.classification.oop.ClassificationExperiment object at 0x000001B85A996910>, estimator=dt, fold=StratifiedKFold(n_splits=10, random_state=None, shuffle=False), round=4, cross_validation=True, predict=True, fit_kwargs={}, groups=None, refit=False, probability_threshold=None, experiment_custom_tags=None, verbose=False, system=False, add_to_model_list=True, metrics=None, display=<pycaret.internal.display.display.CommonDisplay object at 0x000001B83B500510>, model_only=True, return_train_score=False, error_score=0.0, kwargs={})
2026-05-27 00:02:51,491:INFO:Checking exceptions
2026-05-27 00:02:51,491:INFO:Importing libraries
2026-05-27 00:02:51,491:INFO:Copying training dataset
2026-05-27 00:02:51,550:INFO:Defining folds
2026-05-27 00:02:51,550:INFO:Declaring metric variables
2026-05-27 00:02:51,550:INFO:Importing untrained model
2026-05-27 00:02:51,551:INFO:Decision Tree Classifier Imported successfully
2026-05-27 00:02:51,551:INFO:Starting cross validation
2026-05-27 00:02:51,552:INFO:Cross validating with StratifiedKFold(n_splits=10, random_state=None, shuffle=False), n_jobs=1
2026-05-27 00:02:58,450:INFO:Calculating mean and std
2026-05-27 00:02:58,451:INFO:Creating metrics dataframe
2026-05-27 00:02:58,455:INFO:Uploading results into container
2026-05-27 00:02:58,455:INFO:Uploading model into container now
2026-05-27 00:02:58,455:INFO:_master_model_container: 4
2026-05-27 00:02:58,455:INFO:_display_container: 2
2026-05-27 00:02:58,456:INFO:DecisionTreeClassifier(ccp_alpha=0.0, class_weight=None, criterion='gini',
                       max_depth=None, max_features=None, max_leaf_nodes=None,
                       min_impurity_decrease=0.0, min_samples_leaf=1,
                       min_samples_split=2, min_weight_fraction_leaf=0.0,
                       monotonic_cst=None, random_state=123, splitter='best')
2026-05-27 00:02:58,456:INFO:create_model() successfully completed......................................
2026-05-27 00:02:58,620:INFO:SubProcess create_model() end ==================================
2026-05-27 00:02:58,620:INFO:Creating metrics dataframe
2026-05-27 00:02:58,624:INFO:Initializing SVM - Linear Kernel
2026-05-27 00:02:58,624:INFO:Total runtime is 0.33627649148305255 minutes
2026-05-27 00:02:58,624:INFO:SubProcess create_model() called ==================================
2026-05-27 00:02:58,624:INFO:Initializing create_model()
2026-05-27 00:02:58,624:INFO:create_model(self=<pycaret.classification.oop.ClassificationExperiment object at 0x000001B85A996910>, estimator=svm, fold=StratifiedKFold(n_splits=10, random_state=None, shuffle=False), round=4, cross_validation=True, predict=True, fit_kwargs={}, groups=None, refit=False, probability_threshold=None, experiment_custom_tags=None, verbose=False, system=False, add_to_model_list=True, metrics=None, display=<pycaret.internal.display.display.CommonDisplay object at 0x000001B83B500510>, model_only=True, return_train_score=False, error_score=0.0, kwargs={})
2026-05-27 00:02:58,624:INFO:Checking exceptions
2026-05-27 00:02:58,624:INFO:Importing libraries
2026-05-27 00:02:58,624:INFO:Copying training dataset
2026-05-27 00:02:58,684:INFO:Defining folds
2026-05-27 00:02:58,684:INFO:Declaring metric variables
2026-05-27 00:02:58,684:INFO:Importing untrained model
2026-05-27 00:02:58,685:INFO:SVM - Linear Kernel Imported successfully
2026-05-27 00:02:58,687:INFO:Starting cross validation
2026-05-27 00:02:58,687:INFO:Cross validating with StratifiedKFold(n_splits=10, random_state=None, shuffle=False), n_jobs=1
2026-05-27 00:03:03,680:INFO:Calculating mean and std
2026-05-27 00:03:03,681:INFO:Creating metrics dataframe
2026-05-27 00:03:03,682:INFO:Uploading results into container
2026-05-27 00:03:03,684:INFO:Uploading model into container now
2026-05-27 00:03:03,684:INFO:_master_model_container: 5
2026-05-27 00:03:03,684:INFO:_display_container: 2
2026-05-27 00:03:03,684:INFO:SGDClassifier(alpha=0.0001, average=False, class_weight=None,
              early_stopping=False, epsilon=0.1, eta0=0.001, fit_intercept=True,
              l1_ratio=0.15, learning_rate='optimal', loss='hinge',
              max_iter=1000, n_iter_no_change=5, n_jobs=-1, penalty='l2',
              power_t=0.5, random_state=123, shuffle=True, tol=0.001,
              validation_fraction=0.1, verbose=0, warm_start=False)
2026-05-27 00:03:03,684:INFO:create_model() successfully completed......................................
2026-05-27 00:03:03,848:INFO:SubProcess create_model() end ==================================
2026-05-27 00:03:03,848:INFO:Creating metrics dataframe
2026-05-27 00:03:03,850:INFO:Initializing Ridge Classifier
2026-05-27 00:03:03,850:INFO:Total runtime is 0.42338433663050334 minutes
2026-05-27 00:03:03,850:INFO:SubProcess create_model() called ==================================
2026-05-27 00:03:03,850:INFO:Initializing create_model()
2026-05-27 00:03:03,850:INFO:create_model(self=<pycaret.classification.oop.ClassificationExperiment object at 0x000001B85A996910>, estimator=ridge, fold=StratifiedKFold(n_splits=10, random_state=None, shuffle=False), round=4, cross_validation=True, predict=True, fit_kwargs={}, groups=None, refit=False, probability_threshold=None, experiment_custom_tags=None, verbose=False, system=False, add_to_model_list=True, metrics=None, display=<pycaret.internal.display.display.CommonDisplay object at 0x000001B83B500510>, model_only=True, return_train_score=False, error_score=0.0, kwargs={})
2026-05-27 00:03:03,850:INFO:Checking exceptions
2026-05-27 00:03:03,850:INFO:Importing libraries
2026-05-27 00:03:03,851:INFO:Copying training dataset
2026-05-27 00:03:03,910:INFO:Defining folds
2026-05-27 00:03:03,910:INFO:Declaring metric variables
2026-05-27 00:03:03,910:INFO:Importing untrained model
2026-05-27 00:03:03,911:INFO:Ridge Classifier Imported successfully
2026-05-27 00:03:03,911:INFO:Starting cross validation
2026-05-27 00:03:03,911:INFO:Cross validating with StratifiedKFold(n_splits=10, random_state=None, shuffle=False), n_jobs=1
2026-05-27 00:03:05,276:INFO:Calculating mean and std
2026-05-27 00:03:05,277:INFO:Creating metrics dataframe
2026-05-27 00:03:05,280:INFO:Uploading results into container
2026-05-27 00:03:05,280:INFO:Uploading model into container now
2026-05-27 00:03:05,281:INFO:_master_model_container: 6
2026-05-27 00:03:05,281:INFO:_display_container: 2
2026-05-27 00:03:05,281:INFO:RidgeClassifier(alpha=1.0, class_weight=None, copy_X=True, fit_intercept=True,
                max_iter=None, positive=False, random_state=123, solver='auto',
                tol=0.0001)
2026-05-27 00:03:05,281:INFO:create_model() successfully completed......................................
2026-05-27 00:03:05,483:INFO:SubProcess create_model() end ==================================
2026-05-27 00:03:05,483:INFO:Creating metrics dataframe
2026-05-27 00:03:05,485:INFO:Initializing Random Forest Classifier
2026-05-27 00:03:05,485:INFO:Total runtime is 0.4506293217341105 minutes
2026-05-27 00:03:05,485:INFO:SubProcess create_model() called ==================================
2026-05-27 00:03:05,485:INFO:Initializing create_model()
2026-05-27 00:03:05,485:INFO:create_model(self=<pycaret.classification.oop.ClassificationExperiment object at 0x000001B85A996910>, estimator=rf, fold=StratifiedKFold(n_splits=10, random_state=None, shuffle=False), round=4, cross_validation=True, predict=True, fit_kwargs={}, groups=None, refit=False, probability_threshold=None, experiment_custom_tags=None, verbose=False, system=False, add_to_model_list=True, metrics=None, display=<pycaret.internal.display.display.CommonDisplay object at 0x000001B83B500510>, model_only=True, return_train_score=False, error_score=0.0, kwargs={})
2026-05-27 00:03:05,485:INFO:Checking exceptions
2026-05-27 00:03:05,485:INFO:Importing libraries
2026-05-27 00:03:05,485:INFO:Copying training dataset
2026-05-27 00:03:05,545:INFO:Defining folds
2026-05-27 00:03:05,545:INFO:Declaring metric variables
2026-05-27 00:03:05,545:INFO:Importing untrained model
2026-05-27 00:03:05,545:INFO:Random Forest Classifier Imported successfully
2026-05-27 00:03:05,546:INFO:Starting cross validation
2026-05-27 00:03:05,547:INFO:Cross validating with StratifiedKFold(n_splits=10, random_state=None, shuffle=False), n_jobs=1
2026-05-27 00:03:30,115:INFO:Calculating mean and std
2026-05-27 00:03:30,116:INFO:Creating metrics dataframe
2026-05-27 00:03:30,118:INFO:Uploading results into container
2026-05-27 00:03:30,119:INFO:Uploading model into container now
2026-05-27 00:03:30,119:INFO:_master_model_container: 7
2026-05-27 00:03:30,120:INFO:_display_container: 2
2026-05-27 00:03:30,120:INFO:RandomForestClassifier(bootstrap=True, ccp_alpha=0.0, class_weight=None,
                       criterion='gini', max_depth=None, max_features='sqrt',
                       max_leaf_nodes=None, max_samples=None,
                       min_impurity_decrease=0.0, min_samples_leaf=1,
                       min_samples_split=2, min_weight_fraction_leaf=0.0,
                       monotonic_cst=None, n_estimators=100, n_jobs=-1,
                       oob_score=False, random_state=123, verbose=0,
                       warm_start=False)
2026-05-27 00:03:30,120:INFO:create_model() successfully completed......................................
2026-05-27 00:03:30,306:INFO:SubProcess create_model() end ==================================
2026-05-27 00:03:30,306:INFO:Creating metrics dataframe
2026-05-27 00:03:30,308:INFO:Initializing Quadratic Discriminant Analysis
2026-05-27 00:03:30,308:INFO:Total runtime is 0.8643472909927368 minutes
2026-05-27 00:03:30,308:INFO:SubProcess create_model() called ==================================
2026-05-27 00:03:30,308:INFO:Initializing create_model()
2026-05-27 00:03:30,309:INFO:create_model(self=<pycaret.classification.oop.ClassificationExperiment object at 0x000001B85A996910>, estimator=qda, fold=StratifiedKFold(n_splits=10, random_state=None, shuffle=False), round=4, cross_validation=True, predict=True, fit_kwargs={}, groups=None, refit=False, probability_threshold=None, experiment_custom_tags=None, verbose=False, system=False, add_to_model_list=True, metrics=None, display=<pycaret.internal.display.display.CommonDisplay object at 0x000001B83B500510>, model_only=True, return_train_score=False, error_score=0.0, kwargs={})
2026-05-27 00:03:30,309:INFO:Checking exceptions
2026-05-27 00:03:30,309:INFO:Importing libraries
2026-05-27 00:03:30,309:INFO:Copying training dataset
2026-05-27 00:03:30,382:INFO:Defining folds
2026-05-27 00:03:30,382:INFO:Declaring metric variables
2026-05-27 00:03:30,382:INFO:Importing untrained model
2026-05-27 00:03:30,383:INFO:Quadratic Discriminant Analysis Imported successfully
2026-05-27 00:03:30,383:INFO:Starting cross validation
2026-05-27 00:03:30,384:INFO:Cross validating with StratifiedKFold(n_splits=10, random_state=None, shuffle=False), n_jobs=1
2026-05-27 00:03:33,656:INFO:Calculating mean and std
2026-05-27 00:03:33,658:INFO:Creating metrics dataframe
2026-05-27 00:03:33,660:INFO:Uploading results into container
2026-05-27 00:03:33,661:INFO:Uploading model into container now
2026-05-27 00:03:33,662:INFO:_master_model_container: 8
2026-05-27 00:03:33,662:INFO:_display_container: 2
2026-05-27 00:03:33,663:INFO:QuadraticDiscriminantAnalysis(priors=None, reg_param=0.0,
                              store_covariance=False, tol=0.0001)
2026-05-27 00:03:33,663:INFO:create_model() successfully completed......................................
2026-05-27 00:03:33,851:INFO:SubProcess create_model() end ==================================
2026-05-27 00:03:33,851:INFO:Creating metrics dataframe
2026-05-27 00:03:33,854:INFO:Initializing Ada Boost Classifier
2026-05-27 00:03:33,854:INFO:Total runtime is 0.9234481573104858 minutes
2026-05-27 00:03:33,854:INFO:SubProcess create_model() called ==================================
2026-05-27 00:03:33,855:INFO:Initializing create_model()
2026-05-27 00:03:33,855:INFO:create_model(self=<pycaret.classification.oop.ClassificationExperiment object at 0x000001B85A996910>, estimator=ada, fold=StratifiedKFold(n_splits=10, random_state=None, shuffle=False), round=4, cross_validation=True, predict=True, fit_kwargs={}, groups=None, refit=False, probability_threshold=None, experiment_custom_tags=None, verbose=False, system=False, add_to_model_list=True, metrics=None, display=<pycaret.internal.display.display.CommonDisplay object at 0x000001B83B500510>, model_only=True, return_train_score=False, error_score=0.0, kwargs={})
2026-05-27 00:03:33,855:INFO:Checking exceptions
2026-05-27 00:03:33,855:INFO:Importing libraries
2026-05-27 00:03:33,855:INFO:Copying training dataset
2026-05-27 00:03:33,937:INFO:Defining folds
2026-05-27 00:03:33,937:INFO:Declaring metric variables
2026-05-27 00:03:33,937:INFO:Importing untrained model
2026-05-27 00:03:33,937:INFO:Ada Boost Classifier Imported successfully
2026-05-27 00:03:33,938:INFO:Starting cross validation
2026-05-27 00:03:33,939:INFO:Cross validating with StratifiedKFold(n_splits=10, random_state=None, shuffle=False), n_jobs=1
2026-05-27 00:03:53,820:INFO:Calculating mean and std
2026-05-27 00:03:53,822:INFO:Creating metrics dataframe
2026-05-27 00:03:53,825:INFO:Uploading results into container
2026-05-27 00:03:53,826:INFO:Uploading model into container now
2026-05-27 00:03:53,826:INFO:_master_model_container: 9
2026-05-27 00:03:53,826:INFO:_display_container: 2
2026-05-27 00:03:53,826:INFO:AdaBoostClassifier(algorithm='SAMME.R', estimator=None, learning_rate=1.0,
                   n_estimators=50, random_state=123)
2026-05-27 00:03:53,826:INFO:create_model() successfully completed......................................
2026-05-27 00:03:54,016:INFO:SubProcess create_model() end ==================================
2026-05-27 00:03:54,017:INFO:Creating metrics dataframe
2026-05-27 00:03:54,019:INFO:Initializing Gradient Boosting Classifier
2026-05-27 00:03:54,020:INFO:Total runtime is 1.2595543305079142 minutes
2026-05-27 00:03:54,020:INFO:SubProcess create_model() called ==================================
2026-05-27 00:03:54,020:INFO:Initializing create_model()
2026-05-27 00:03:54,020:INFO:create_model(self=<pycaret.classification.oop.ClassificationExperiment object at 0x000001B85A996910>, estimator=gbc, fold=StratifiedKFold(n_splits=10, random_state=None, shuffle=False), round=4, cross_validation=True, predict=True, fit_kwargs={}, groups=None, refit=False, probability_threshold=None, experiment_custom_tags=None, verbose=False, system=False, add_to_model_list=True, metrics=None, display=<pycaret.internal.display.display.CommonDisplay object at 0x000001B83B500510>, model_only=True, return_train_score=False, error_score=0.0, kwargs={})
2026-05-27 00:03:54,020:INFO:Checking exceptions
2026-05-27 00:03:54,021:INFO:Importing libraries
2026-05-27 00:03:54,021:INFO:Copying training dataset
2026-05-27 00:03:54,104:INFO:Defining folds
2026-05-27 00:03:54,104:INFO:Declaring metric variables
2026-05-27 00:03:54,104:INFO:Importing untrained model
2026-05-27 00:03:54,105:INFO:Gradient Boosting Classifier Imported successfully
2026-05-27 00:03:54,106:INFO:Starting cross validation
2026-05-27 00:03:54,107:INFO:Cross validating with StratifiedKFold(n_splits=10, random_state=None, shuffle=False), n_jobs=1
2026-05-27 00:04:58,514:INFO:Calculating mean and std
2026-05-27 00:04:58,515:INFO:Creating metrics dataframe
2026-05-27 00:04:58,519:INFO:Uploading results into container
2026-05-27 00:04:58,520:INFO:Uploading model into container now
2026-05-27 00:04:58,521:INFO:_master_model_container: 10
2026-05-27 00:04:58,521:INFO:_display_container: 2
2026-05-27 00:04:58,522:INFO:GradientBoostingClassifier(ccp_alpha=0.0, criterion='friedman_mse', init=None,
                           learning_rate=0.1, loss='log_loss', max_depth=3,
                           max_features=None, max_leaf_nodes=None,
                           min_impurity_decrease=0.0, min_samples_leaf=1,
                           min_samples_split=2, min_weight_fraction_leaf=0.0,
                           n_estimators=100, n_iter_no_change=None,
                           random_state=123, subsample=1.0, tol=0.0001,
                           validation_fraction=0.1, verbose=0,
                           warm_start=False)
2026-05-27 00:04:58,522:INFO:create_model() successfully completed......................................
2026-05-27 00:04:58,699:INFO:SubProcess create_model() end ==================================
2026-05-27 00:04:58,699:INFO:Creating metrics dataframe
2026-05-27 00:04:58,702:INFO:Initializing Linear Discriminant Analysis
2026-05-27 00:04:58,702:INFO:Total runtime is 2.3375774820645647 minutes
2026-05-27 00:04:58,702:INFO:SubProcess create_model() called ==================================
2026-05-27 00:04:58,703:INFO:Initializing create_model()
2026-05-27 00:04:58,703:INFO:create_model(self=<pycaret.classification.oop.ClassificationExperiment object at 0x000001B85A996910>, estimator=lda, fold=StratifiedKFold(n_splits=10, random_state=None, shuffle=False), round=4, cross_validation=True, predict=True, fit_kwargs={}, groups=None, refit=False, probability_threshold=None, experiment_custom_tags=None, verbose=False, system=False, add_to_model_list=True, metrics=None, display=<pycaret.internal.display.display.CommonDisplay object at 0x000001B83B500510>, model_only=True, return_train_score=False, error_score=0.0, kwargs={})
2026-05-27 00:04:58,703:INFO:Checking exceptions
2026-05-27 00:04:58,703:INFO:Importing libraries
2026-05-27 00:04:58,703:INFO:Copying training dataset
2026-05-27 00:04:58,764:INFO:Defining folds
2026-05-27 00:04:58,764:INFO:Declaring metric variables
2026-05-27 00:04:58,764:INFO:Importing untrained model
2026-05-27 00:04:58,765:INFO:Linear Discriminant Analysis Imported successfully
2026-05-27 00:04:58,766:INFO:Starting cross validation
2026-05-27 00:04:58,767:INFO:Cross validating with StratifiedKFold(n_splits=10, random_state=None, shuffle=False), n_jobs=1
2026-05-27 00:05:01,183:INFO:Calculating mean and std
2026-05-27 00:05:01,186:INFO:Creating metrics dataframe
2026-05-27 00:05:01,188:INFO:Uploading results into container
2026-05-27 00:05:01,189:INFO:Uploading model into container now
2026-05-27 00:05:01,189:INFO:_master_model_container: 11
2026-05-27 00:05:01,189:INFO:_display_container: 2
2026-05-27 00:05:01,189:INFO:LinearDiscriminantAnalysis(covariance_estimator=None, n_components=None,
                           priors=None, shrinkage=None, solver='svd',
                           store_covariance=False, tol=0.0001)
2026-05-27 00:05:01,189:INFO:create_model() successfully completed......................................
2026-05-27 00:05:01,368:INFO:SubProcess create_model() end ==================================
2026-05-27 00:05:01,368:INFO:Creating metrics dataframe
2026-05-27 00:05:01,371:INFO:Initializing Extra Trees Classifier
2026-05-27 00:05:01,371:INFO:Total runtime is 2.3820581475893654 minutes
2026-05-27 00:05:01,372:INFO:SubProcess create_model() called ==================================
2026-05-27 00:05:01,372:INFO:Initializing create_model()
2026-05-27 00:05:01,372:INFO:create_model(self=<pycaret.classification.oop.ClassificationExperiment object at 0x000001B85A996910>, estimator=et, fold=StratifiedKFold(n_splits=10, random_state=None, shuffle=False), round=4, cross_validation=True, predict=True, fit_kwargs={}, groups=None, refit=False, probability_threshold=None, experiment_custom_tags=None, verbose=False, system=False, add_to_model_list=True, metrics=None, display=<pycaret.internal.display.display.CommonDisplay object at 0x000001B83B500510>, model_only=True, return_train_score=False, error_score=0.0, kwargs={})
2026-05-27 00:05:01,372:INFO:Checking exceptions
2026-05-27 00:05:01,372:INFO:Importing libraries
2026-05-27 00:05:01,372:INFO:Copying training dataset
2026-05-27 00:05:01,430:INFO:Defining folds
2026-05-27 00:05:01,430:INFO:Declaring metric variables
2026-05-27 00:05:01,431:INFO:Importing untrained model
2026-05-27 00:05:01,431:INFO:Extra Trees Classifier Imported successfully
2026-05-27 00:05:01,432:INFO:Starting cross validation
2026-05-27 00:05:01,433:INFO:Cross validating with StratifiedKFold(n_splits=10, random_state=None, shuffle=False), n_jobs=1
2026-05-27 00:05:20,050:INFO:Calculating mean and std
2026-05-27 00:05:20,052:INFO:Creating metrics dataframe
2026-05-27 00:05:20,056:INFO:Uploading results into container
2026-05-27 00:05:20,057:INFO:Uploading model into container now
2026-05-27 00:05:20,057:INFO:_master_model_container: 12
2026-05-27 00:05:20,057:INFO:_display_container: 2
2026-05-27 00:05:20,058:INFO:ExtraTreesClassifier(bootstrap=False, ccp_alpha=0.0, class_weight=None,
                     criterion='gini', max_depth=None, max_features='sqrt',
                     max_leaf_nodes=None, max_samples=None,
                     min_impurity_decrease=0.0, min_samples_leaf=1,
                     min_samples_split=2, min_weight_fraction_leaf=0.0,
                     monotonic_cst=None, n_estimators=100, n_jobs=-1,
                     oob_score=False, random_state=123, verbose=0,
                     warm_start=False)
2026-05-27 00:05:20,058:INFO:create_model() successfully completed......................................
2026-05-27 00:05:20,268:INFO:SubProcess create_model() end ==================================
2026-05-27 00:05:20,268:INFO:Creating metrics dataframe
2026-05-27 00:05:20,271:INFO:Initializing Extreme Gradient Boosting
2026-05-27 00:05:20,271:INFO:Total runtime is 2.697059377034505 minutes
2026-05-27 00:05:20,271:INFO:SubProcess create_model() called ==================================
2026-05-27 00:05:20,271:INFO:Initializing create_model()
2026-05-27 00:05:20,271:INFO:create_model(self=<pycaret.classification.oop.ClassificationExperiment object at 0x000001B85A996910>, estimator=xgboost, fold=StratifiedKFold(n_splits=10, random_state=None, shuffle=False), round=4, cross_validation=True, predict=True, fit_kwargs={}, groups=None, refit=False, probability_threshold=None, experiment_custom_tags=None, verbose=False, system=False, add_to_model_list=True, metrics=None, display=<pycaret.internal.display.display.CommonDisplay object at 0x000001B83B500510>, model_only=True, return_train_score=False, error_score=0.0, kwargs={})
2026-05-27 00:05:20,271:INFO:Checking exceptions
2026-05-27 00:05:20,272:INFO:Importing libraries
2026-05-27 00:05:20,272:INFO:Copying training dataset
2026-05-27 00:05:20,347:INFO:Defining folds
2026-05-27 00:05:20,347:INFO:Declaring metric variables
2026-05-27 00:05:20,348:INFO:Importing untrained model
2026-05-27 00:05:20,349:INFO:Extreme Gradient Boosting Imported successfully
2026-05-27 00:05:20,349:INFO:Starting cross validation
2026-05-27 00:05:20,350:INFO:Cross validating with StratifiedKFold(n_splits=10, random_state=None, shuffle=False), n_jobs=1
2026-05-27 00:05:34,559:INFO:Calculating mean and std
2026-05-27 00:05:34,561:INFO:Creating metrics dataframe
2026-05-27 00:05:34,565:INFO:Uploading results into container
2026-05-27 00:05:34,566:INFO:Uploading model into container now
2026-05-27 00:05:34,566:INFO:_master_model_container: 13
2026-05-27 00:05:34,566:INFO:_display_container: 2
2026-05-27 00:05:34,567:INFO:XGBClassifier(base_score=None, booster='gbtree', callbacks=None,
              colsample_bylevel=None, colsample_bynode=None,
              colsample_bytree=None, device='gpu', early_stopping_rounds=None,
              enable_categorical=False, eval_metric=None, feature_types=None,
              feature_weights=None, gamma=None, grow_policy=None,
              importance_type=None, interaction_constraints=None,
              learning_rate=None, max_bin=None, max_cat_threshold=None,
              max_cat_to_onehot=None, max_delta_step=None, max_depth=None,
              max_leaves=None, min_child_weight=None, missing=nan,
              monotone_constraints=None, multi_strategy=None, n_estimators=None,
              n_jobs=-1, num_parallel_tree=None, ...)
2026-05-27 00:05:34,567:INFO:create_model() successfully completed......................................
2026-05-27 00:05:34,751:INFO:SubProcess create_model() end ==================================
2026-05-27 00:05:34,751:INFO:Creating metrics dataframe
2026-05-27 00:05:34,755:INFO:Initializing Light Gradient Boosting Machine
2026-05-27 00:05:34,755:INFO:Total runtime is 2.9384723663330075 minutes
2026-05-27 00:05:34,755:INFO:SubProcess create_model() called ==================================
2026-05-27 00:05:34,755:INFO:Initializing create_model()
2026-05-27 00:05:34,755:INFO:create_model(self=<pycaret.classification.oop.ClassificationExperiment object at 0x000001B85A996910>, estimator=lightgbm, fold=StratifiedKFold(n_splits=10, random_state=None, shuffle=False), round=4, cross_validation=True, predict=True, fit_kwargs={}, groups=None, refit=False, probability_threshold=None, experiment_custom_tags=None, verbose=False, system=False, add_to_model_list=True, metrics=None, display=<pycaret.internal.display.display.CommonDisplay object at 0x000001B83B500510>, model_only=True, return_train_score=False, error_score=0.0, kwargs={})
2026-05-27 00:05:34,756:INFO:Checking exceptions
2026-05-27 00:05:34,756:INFO:Importing libraries
2026-05-27 00:05:34,756:INFO:Copying training dataset
2026-05-27 00:05:34,830:INFO:Defining folds
2026-05-27 00:05:34,830:INFO:Declaring metric variables
2026-05-27 00:05:34,831:INFO:Importing untrained model
2026-05-27 00:05:34,832:INFO:Light Gradient Boosting Machine Imported successfully
2026-05-27 00:05:34,833:INFO:Starting cross validation
2026-05-27 00:05:34,834:INFO:Cross validating with StratifiedKFold(n_splits=10, random_state=None, shuffle=False), n_jobs=1
2026-05-27 00:05:52,824:INFO:Calculating mean and std
2026-05-27 00:05:52,826:INFO:Creating metrics dataframe
2026-05-27 00:05:52,828:INFO:Uploading results into container
2026-05-27 00:05:52,830:INFO:Uploading model into container now
2026-05-27 00:05:52,830:INFO:_master_model_container: 14
2026-05-27 00:05:52,831:INFO:_display_container: 2
2026-05-27 00:05:52,832:INFO:LGBMClassifier(boosting_type='gbdt', class_weight=None, colsample_bytree=1.0,
               device='gpu', importance_type='split', learning_rate=0.1,
               max_depth=-1, min_child_samples=20, min_child_weight=0.001,
               min_split_gain=0.0, n_estimators=100, n_jobs=-1, num_leaves=31,
               objective=None, random_state=123, reg_alpha=0.0, reg_lambda=0.0,
               subsample=1.0, subsample_for_bin=200000, subsample_freq=0)
2026-05-27 00:05:52,832:INFO:create_model() successfully completed......................................
2026-05-27 00:05:53,030:INFO:SubProcess create_model() end ==================================
2026-05-27 00:05:53,031:INFO:Creating metrics dataframe
2026-05-27 00:05:53,033:INFO:Initializing CatBoost Classifier
2026-05-27 00:05:53,033:INFO:Total runtime is 3.2431074976921077 minutes
2026-05-27 00:05:53,033:INFO:SubProcess create_model() called ==================================
2026-05-27 00:05:53,034:INFO:Initializing create_model()
2026-05-27 00:05:53,034:INFO:create_model(self=<pycaret.classification.oop.ClassificationExperiment object at 0x000001B85A996910>, estimator=catboost, fold=StratifiedKFold(n_splits=10, random_state=None, shuffle=False), round=4, cross_validation=True, predict=True, fit_kwargs={}, groups=None, refit=False, probability_threshold=None, experiment_custom_tags=None, verbose=False, system=False, add_to_model_list=True, metrics=None, display=<pycaret.internal.display.display.CommonDisplay object at 0x000001B83B500510>, model_only=True, return_train_score=False, error_score=0.0, kwargs={})
2026-05-27 00:05:53,034:INFO:Checking exceptions
2026-05-27 00:05:53,034:INFO:Importing libraries
2026-05-27 00:05:53,034:INFO:Copying training dataset
2026-05-27 00:05:53,119:INFO:Defining folds
2026-05-27 00:05:53,119:INFO:Declaring metric variables
2026-05-27 00:05:53,119:INFO:Importing untrained model
2026-05-27 00:05:53,120:INFO:CatBoost Classifier Imported successfully
2026-05-27 00:05:53,120:INFO:Starting cross validation
2026-05-27 00:05:53,122:INFO:Cross validating with StratifiedKFold(n_splits=10, random_state=None, shuffle=False), n_jobs=1
2026-05-27 00:16:58,534:INFO:PyCaret ClassificationExperiment
2026-05-27 00:16:58,534:INFO:Logging name: clf-default-name
2026-05-27 00:16:58,534:INFO:ML Usecase: MLUsecase.CLASSIFICATION
2026-05-27 00:16:58,534:INFO:version 3.3.2
2026-05-27 00:16:58,534:INFO:Initializing setup()
2026-05-27 00:16:58,534:INFO:self.USI: ce08
2026-05-27 00:16:58,534:INFO:self._variable_keys: {'USI', '_ml_usecase', 'idx', 'seed', 'exp_name_log', 'X', 'gpu_n_jobs_param', '_available_plots', 'logging_param', 'data', 'X_test', 'fold_generator', 'y_train', 'target_param', 'exp_id', 'pipeline', 'X_train', 'html_param', 'log_plots_param', 'fold_shuffle_param', 'is_multiclass', 'memory', 'y', 'fold_groups_param', 'n_jobs_param', 'gpu_param', 'fix_imbalance', 'y_test'}
2026-05-27 00:16:58,534:INFO:Checking environment
2026-05-27 00:16:58,534:INFO:python_version: 3.11.9
2026-05-27 00:16:58,534:INFO:python_build: ('tags/v3.11.9:de54cf5', 'Apr  2 2024 10:12:12')
2026-05-27 00:16:58,534:INFO:machine: AMD64
2026-05-27 00:16:58,535:INFO:platform: Windows-10-10.0.26200-SP0
2026-05-27 00:16:58,535:INFO:Memory: svmem(total=25087217664, available=7513210880, percent=70.1, used=17574006784, free=7513210880)
2026-05-27 00:16:58,535:INFO:Physical Core: 6
2026-05-27 00:16:58,535:INFO:Logical Core: 12
2026-05-27 00:16:58,535:INFO:Checking libraries
2026-05-27 00:16:58,535:INFO:System:
2026-05-27 00:16:58,535:INFO:    python: 3.11.9 (tags/v3.11.9:de54cf5, Apr  2 2024, 10:12:12) [MSC v.1938 64 bit (AMD64)]
2026-05-27 00:16:58,535:INFO:executable: c:\Users\HP\Documents\GitHub\ML-dating-app-behaviour\.venv\Scripts\python.exe
2026-05-27 00:16:58,535:INFO:   machine: Windows-10-10.0.26200-SP0
2026-05-27 00:16:58,535:INFO:PyCaret required dependencies:
2026-05-27 00:16:58,535:INFO:                 pip: 26.1.1
2026-05-27 00:16:58,535:INFO:          setuptools: 65.5.0
2026-05-27 00:16:58,535:INFO:             pycaret: 3.3.2
2026-05-27 00:16:58,535:INFO:             IPython: 9.13.0
2026-05-27 00:16:58,535:INFO:          ipywidgets: 8.1.8
2026-05-27 00:16:58,535:INFO:                tqdm: 4.67.3
2026-05-27 00:16:58,535:INFO:               numpy: 1.26.4
2026-05-27 00:16:58,537:INFO:              pandas: 2.1.4
2026-05-27 00:16:58,537:INFO:              jinja2: 3.1.6
2026-05-27 00:16:58,537:INFO:               scipy: 1.11.4
2026-05-27 00:16:58,537:INFO:              joblib: 1.3.2
2026-05-27 00:16:58,537:INFO:             sklearn: 1.4.2
2026-05-27 00:16:58,537:INFO:                pyod: 3.4.0
2026-05-27 00:16:58,537:INFO:            imblearn: 0.14.1
2026-05-27 00:16:58,537:INFO:   category_encoders: 2.7.0
2026-05-27 00:16:58,537:INFO:            lightgbm: 4.6.0
2026-05-27 00:16:58,537:INFO:               numba: 0.65.1
2026-05-27 00:16:58,537:INFO:            requests: 2.34.2
2026-05-27 00:16:58,537:INFO:          matplotlib: 3.7.5
2026-05-27 00:16:58,537:INFO:          scikitplot: 0.3.7
2026-05-27 00:16:58,537:INFO:         yellowbrick: 1.5
2026-05-27 00:16:58,537:INFO:              plotly: 6.7.0
2026-05-27 00:16:58,538:INFO:    plotly-resampler: Not installed
2026-05-27 00:16:58,538:INFO:             kaleido: 1.3.0
2026-05-27 00:16:58,538:INFO:           schemdraw: 0.15
2026-05-27 00:16:58,538:INFO:         statsmodels: 0.14.6
2026-05-27 00:16:58,538:INFO:              sktime: 0.26.0
2026-05-27 00:16:58,538:INFO:               tbats: 1.1.3
2026-05-27 00:16:58,538:INFO:            pmdarima: 2.0.4
2026-05-27 00:16:58,538:INFO:              psutil: 7.2.2
2026-05-27 00:16:58,538:INFO:          markupsafe: 3.0.3
2026-05-27 00:16:58,538:INFO:             pickle5: Not installed
2026-05-27 00:16:58,538:INFO:         cloudpickle: 3.1.2
2026-05-27 00:16:58,538:INFO:         deprecation: 2.1.0
2026-05-27 00:16:58,538:INFO:              xxhash: 3.7.0
2026-05-27 00:16:58,538:INFO:           wurlitzer: Not installed
2026-05-27 00:16:58,538:INFO:PyCaret optional dependencies:
2026-05-27 00:16:58,538:INFO:                shap: 0.49.1
2026-05-27 00:16:58,538:INFO:           interpret: Not installed
2026-05-27 00:16:58,538:INFO:                umap: Not installed
2026-05-27 00:16:58,538:INFO:     ydata_profiling: Not installed
2026-05-27 00:16:58,538:INFO:  explainerdashboard: Not installed
2026-05-27 00:16:58,538:INFO:             autoviz: Not installed
2026-05-27 00:16:58,538:INFO:           fairlearn: Not installed
2026-05-27 00:16:58,538:INFO:          deepchecks: Not installed
2026-05-27 00:16:58,538:INFO:             xgboost: 3.2.0
2026-05-27 00:16:58,538:INFO:            catboost: 1.2.10
2026-05-27 00:16:58,539:INFO:              kmodes: Not installed
2026-05-27 00:16:58,539:INFO:             mlxtend: Not installed
2026-05-27 00:16:58,539:INFO:       statsforecast: Not installed
2026-05-27 00:16:58,539:INFO:        tune_sklearn: Not installed
2026-05-27 00:16:58,539:INFO:                 ray: Not installed
2026-05-27 00:16:58,539:INFO:            hyperopt: Not installed
2026-05-27 00:16:58,539:INFO:              optuna: 4.8.0
2026-05-27 00:16:58,539:INFO:               skopt: Not installed
2026-05-27 00:16:58,539:INFO:              mlflow: Not installed
2026-05-27 00:16:58,539:INFO:              gradio: Not installed
2026-05-27 00:16:58,539:INFO:             fastapi: Not installed
2026-05-27 00:16:58,539:INFO:             uvicorn: 0.48.0
2026-05-27 00:16:58,539:INFO:              m2cgen: Not installed
2026-05-27 00:16:58,539:INFO:           evidently: Not installed
2026-05-27 00:16:58,539:INFO:               fugue: Not installed
2026-05-27 00:16:58,539:INFO:           streamlit: 1.57.0
2026-05-27 00:16:58,539:INFO:             prophet: Not installed
2026-05-27 00:16:58,539:INFO:None
2026-05-27 00:16:58,539:INFO:Set up GPU usage.
2026-05-27 00:16:58,539:WARNING:
'cuml' is a soft dependency and not included in the pycaret installation. Please run: `pip install cuml` to install.
2026-05-27 00:16:58,539:WARNING:cuML is outdated or not found. Required version is >=23.08.
                Please visit https://rapids.ai/install for installation instructions.
2026-05-27 00:16:58,539:INFO:Set up data.
2026-05-27 00:16:58,577:INFO:Set up folding strategy.
2026-05-27 00:16:58,578:INFO:Set up train/test split.
2026-05-27 00:16:58,634:INFO:Set up index.
2026-05-27 00:16:58,635:INFO:Assigning column types.
2026-05-27 00:16:58,689:INFO:Engine successfully changes for model 'lr' to 'sklearn'.
2026-05-27 00:16:58,689:WARNING:
'cuml' is a soft dependency and not included in the pycaret installation. Please run: `pip install cuml` to install.
2026-05-27 00:16:58,769:INFO:Engine for model 'knn' has not been set explicitly, hence returning None.
2026-05-27 00:16:58,769:WARNING:
'cuml' is a soft dependency and not included in the pycaret installation. Please run: `pip install cuml` to install.
2026-05-27 00:16:58,770:WARNING:
'cuml' is a soft dependency and not included in the pycaret installation. Please run: `pip install cuml` to install.
2026-05-27 00:16:58,771:INFO:Engine for model 'rbfsvm' has not been set explicitly, hence returning None.
2026-05-27 00:16:58,771:WARNING:
'cuml' is a soft dependency and not included in the pycaret installation. Please run: `pip install cuml` to install.
2026-05-27 00:16:58,816:WARNING:
'cuml' is a soft dependency and not included in the pycaret installation. Please run: `pip install cuml` to install.
2026-05-27 00:16:58,825:WARNING:
'cuml' is a soft dependency and not included in the pycaret installation. Please run: `pip install cuml` to install.
2026-05-27 00:16:58,827:INFO:Soft dependency imported: xgboost: 3.2.0
2026-05-27 00:16:59,032:INFO:Soft dependency imported: catboost: 1.2.10
2026-05-27 00:16:59,033:WARNING:
'cuml' is a soft dependency and not included in the pycaret installation. Please run: `pip install cuml` to install.
2026-05-27 00:16:59,108:INFO:Engine for model 'knn' has not been set explicitly, hence returning None.
2026-05-27 00:16:59,108:WARNING:
'cuml' is a soft dependency and not included in the pycaret installation. Please run: `pip install cuml` to install.
2026-05-27 00:16:59,109:WARNING:
'cuml' is a soft dependency and not included in the pycaret installation. Please run: `pip install cuml` to install.
2026-05-27 00:16:59,110:INFO:Engine for model 'rbfsvm' has not been set explicitly, hence returning None.
2026-05-27 00:16:59,111:WARNING:
'cuml' is a soft dependency and not included in the pycaret installation. Please run: `pip install cuml` to install.
2026-05-27 00:16:59,145:WARNING:
'cuml' is a soft dependency and not included in the pycaret installation. Please run: `pip install cuml` to install.
2026-05-27 00:16:59,150:WARNING:
'cuml' is a soft dependency and not included in the pycaret installation. Please run: `pip install cuml` to install.
2026-05-27 00:16:59,151:INFO:Soft dependency imported: xgboost: 3.2.0
2026-05-27 00:16:59,325:INFO:Soft dependency imported: catboost: 1.2.10
2026-05-27 00:16:59,326:INFO:Engine successfully changes for model 'knn' to 'sklearn'.
2026-05-27 00:16:59,326:WARNING:
'cuml' is a soft dependency and not included in the pycaret installation. Please run: `pip install cuml` to install.
2026-05-27 00:16:59,396:WARNING:
'cuml' is a soft dependency and not included in the pycaret installation. Please run: `pip install cuml` to install.
2026-05-27 00:16:59,396:WARNING:
'cuml' is a soft dependency and not included in the pycaret installation. Please run: `pip install cuml` to install.
2026-05-27 00:16:59,397:INFO:Engine for model 'rbfsvm' has not been set explicitly, hence returning None.
2026-05-27 00:16:59,397:WARNING:
'cuml' is a soft dependency and not included in the pycaret installation. Please run: `pip install cuml` to install.
2026-05-27 00:16:59,429:WARNING:
'cuml' is a soft dependency and not included in the pycaret installation. Please run: `pip install cuml` to install.
2026-05-27 00:16:59,436:WARNING:
'cuml' is a soft dependency and not included in the pycaret installation. Please run: `pip install cuml` to install.
2026-05-27 00:16:59,437:INFO:Soft dependency imported: xgboost: 3.2.0
2026-05-27 00:16:59,577:INFO:Soft dependency imported: catboost: 1.2.10
2026-05-27 00:16:59,579:WARNING:
'cuml' is a soft dependency and not included in the pycaret installation. Please run: `pip install cuml` to install.
2026-05-27 00:16:59,630:WARNING:
'cuml' is a soft dependency and not included in the pycaret installation. Please run: `pip install cuml` to install.
2026-05-27 00:16:59,632:WARNING:
'cuml' is a soft dependency and not included in the pycaret installation. Please run: `pip install cuml` to install.
2026-05-27 00:16:59,632:INFO:Engine for model 'rbfsvm' has not been set explicitly, hence returning None.
2026-05-27 00:16:59,632:WARNING:
'cuml' is a soft dependency and not included in the pycaret installation. Please run: `pip install cuml` to install.
2026-05-27 00:16:59,656:WARNING:
'cuml' is a soft dependency and not included in the pycaret installation. Please run: `pip install cuml` to install.
2026-05-27 00:16:59,661:WARNING:
'cuml' is a soft dependency and not included in the pycaret installation. Please run: `pip install cuml` to install.
2026-05-27 00:16:59,662:INFO:Soft dependency imported: xgboost: 3.2.0
2026-05-27 00:16:59,791:INFO:Soft dependency imported: catboost: 1.2.10
2026-05-27 00:16:59,791:INFO:Engine successfully changes for model 'rbfsvm' to 'sklearn'.
2026-05-27 00:16:59,792:WARNING:
'cuml' is a soft dependency and not included in the pycaret installation. Please run: `pip install cuml` to install.
2026-05-27 00:16:59,847:WARNING:
'cuml' is a soft dependency and not included in the pycaret installation. Please run: `pip install cuml` to install.
2026-05-27 00:16:59,848:WARNING:
'cuml' is a soft dependency and not included in the pycaret installation. Please run: `pip install cuml` to install.
2026-05-27 00:16:59,849:WARNING:
'cuml' is a soft dependency and not included in the pycaret installation. Please run: `pip install cuml` to install.
2026-05-27 00:16:59,877:WARNING:
'cuml' is a soft dependency and not included in the pycaret installation. Please run: `pip install cuml` to install.
2026-05-27 00:16:59,883:WARNING:
'cuml' is a soft dependency and not included in the pycaret installation. Please run: `pip install cuml` to install.
2026-05-27 00:16:59,884:INFO:Soft dependency imported: xgboost: 3.2.0
2026-05-27 00:17:00,106:INFO:Soft dependency imported: catboost: 1.2.10
2026-05-27 00:17:00,106:WARNING:
'cuml' is a soft dependency and not included in the pycaret installation. Please run: `pip install cuml` to install.
2026-05-27 00:17:00,164:WARNING:
'cuml' is a soft dependency and not included in the pycaret installation. Please run: `pip install cuml` to install.
2026-05-27 00:17:00,165:WARNING:
'cuml' is a soft dependency and not included in the pycaret installation. Please run: `pip install cuml` to install.
2026-05-27 00:17:00,165:WARNING:
'cuml' is a soft dependency and not included in the pycaret installation. Please run: `pip install cuml` to install.
2026-05-27 00:17:00,197:WARNING:
'cuml' is a soft dependency and not included in the pycaret installation. Please run: `pip install cuml` to install.
2026-05-27 00:17:00,205:WARNING:
'cuml' is a soft dependency and not included in the pycaret installation. Please run: `pip install cuml` to install.
2026-05-27 00:17:00,206:INFO:Soft dependency imported: xgboost: 3.2.0
2026-05-27 00:17:00,327:INFO:Soft dependency imported: catboost: 1.2.10
2026-05-27 00:17:00,329:INFO:Preparing preprocessing pipeline...
2026-05-27 00:17:00,339:INFO:Set up simple imputation.
2026-05-27 00:17:00,349:INFO:Set up column name cleaning.
2026-05-27 00:17:00,507:INFO:Finished creating preprocessing pipeline.
2026-05-27 00:17:00,510:INFO:Pipeline: Pipeline(memory=FastMemory(location=C:\Users\HP\AppData\Local\Temp\joblib),
         steps=[('numerical_imputer',
                 TransformerWrapper(exclude=None,
                                    include=['body_type_Average',
                                             'body_type_Curvy',
                                             'body_type_Muscular',
                                             'body_type_Slim', 'education_enc',
                                             'gender_Female', 'gender_Male',
                                             'gender_Non-binary',
                                             'gender_Prefer Not to Say',
                                             'gender_Transgender', 'height_cm',
                                             'intere...
                ('categorical_imputer',
                 TransformerWrapper(exclude=None, include=[],
                                    transformer=SimpleImputer(add_indicator=False,
                                                              copy=True,
                                                              fill_value=None,
                                                              keep_empty_features=False,
                                                              missing_values=nan,
                                                              strategy='most_frequent'))),
                ('clean_column_names',
                 TransformerWrapper(exclude=None, include=None,
                                    transformer=CleanColumnNames(match='[\\]\\[\\,\\{\\}\\"\\:]+')))],
         verbose=False)
2026-05-27 00:17:00,510:INFO:Creating final display dataframe.
2026-05-27 00:17:00,908:INFO:Setup _display_container:                     Description             Value
0                    Session id               123
1                        Target            target
2                   Target type            Binary
3           Original data shape       (48240, 68)
4        Transformed data shape       (48240, 68)
5   Transformed train set shape       (33768, 68)
6    Transformed test set shape       (14472, 68)
7              Numeric features                67
8                    Preprocess              True
9               Imputation type            simple
10           Numeric imputation              mean
11       Categorical imputation              mode
12               Fold Generator   StratifiedKFold
13                  Fold Number                10
14                     CPU Jobs                -1
15                      Use GPU              True
16               Log Experiment             False
17              Experiment Name  clf-default-name
18                          USI              ce08
2026-05-27 00:17:00,908:WARNING:
'cuml' is a soft dependency and not included in the pycaret installation. Please run: `pip install cuml` to install.
2026-05-27 00:17:00,955:WARNING:
'cuml' is a soft dependency and not included in the pycaret installation. Please run: `pip install cuml` to install.
2026-05-27 00:17:00,955:WARNING:
'cuml' is a soft dependency and not included in the pycaret installation. Please run: `pip install cuml` to install.
2026-05-27 00:17:00,955:WARNING:
'cuml' is a soft dependency and not included in the pycaret installation. Please run: `pip install cuml` to install.
2026-05-27 00:17:00,978:WARNING:
'cuml' is a soft dependency and not included in the pycaret installation. Please run: `pip install cuml` to install.
2026-05-27 00:17:00,983:WARNING:
'cuml' is a soft dependency and not included in the pycaret installation. Please run: `pip install cuml` to install.
2026-05-27 00:17:00,984:INFO:Soft dependency imported: xgboost: 3.2.0
2026-05-27 00:17:01,100:INFO:Soft dependency imported: catboost: 1.2.10
2026-05-27 00:17:01,101:WARNING:
'cuml' is a soft dependency and not included in the pycaret installation. Please run: `pip install cuml` to install.
2026-05-27 00:17:01,150:WARNING:
'cuml' is a soft dependency and not included in the pycaret installation. Please run: `pip install cuml` to install.
2026-05-27 00:17:01,150:WARNING:
'cuml' is a soft dependency and not included in the pycaret installation. Please run: `pip install cuml` to install.
2026-05-27 00:17:01,151:WARNING:
'cuml' is a soft dependency and not included in the pycaret installation. Please run: `pip install cuml` to install.
2026-05-27 00:17:01,179:WARNING:
'cuml' is a soft dependency and not included in the pycaret installation. Please run: `pip install cuml` to install.
2026-05-27 00:17:01,185:WARNING:
'cuml' is a soft dependency and not included in the pycaret installation. Please run: `pip install cuml` to install.
2026-05-27 00:17:01,186:INFO:Soft dependency imported: xgboost: 3.2.0
2026-05-27 00:17:01,312:INFO:Soft dependency imported: catboost: 1.2.10
2026-05-27 00:17:01,313:INFO:setup() successfully completed in 2.78s...............
2026-05-27 00:17:01,313:INFO:Initializing compare_models()
2026-05-27 00:17:01,314:INFO:compare_models(self=<pycaret.classification.oop.ClassificationExperiment object at 0x000001B8471F9E10>, include=None, exclude=None, fold=None, round=4, cross_validation=True, sort=Accuracy, n_select=1, budget_time=None, turbo=True, errors=ignore, fit_kwargs=None, groups=None, experiment_custom_tags=None, probability_threshold=None, verbose=True, parallel=None, caller_params={'self': <pycaret.classification.oop.ClassificationExperiment object at 0x000001B8471F9E10>, 'include': None, 'exclude': None, 'fold': None, 'round': 4, 'cross_validation': True, 'sort': 'Accuracy', 'n_select': 1, 'budget_time': None, 'turbo': True, 'errors': 'ignore', 'fit_kwargs': None, 'groups': None, 'experiment_custom_tags': None, 'probability_threshold': None, 'engine': None, 'verbose': True, 'parallel': None, '__class__': <class 'pycaret.classification.oop.ClassificationExperiment'>})
2026-05-27 00:17:01,314:INFO:Checking exceptions
2026-05-27 00:17:01,354:INFO:Preparing display monitor
2026-05-27 00:17:01,360:INFO:Initializing Logistic Regression
2026-05-27 00:17:01,360:INFO:Total runtime is 0.0 minutes
2026-05-27 00:17:01,361:INFO:SubProcess create_model() called ==================================
2026-05-27 00:17:01,361:INFO:Initializing create_model()
2026-05-27 00:17:01,361:INFO:create_model(self=<pycaret.classification.oop.ClassificationExperiment object at 0x000001B8471F9E10>, estimator=lr, fold=StratifiedKFold(n_splits=10, random_state=None, shuffle=False), round=4, cross_validation=True, predict=True, fit_kwargs={}, groups=None, refit=False, probability_threshold=None, experiment_custom_tags=None, verbose=False, system=False, add_to_model_list=True, metrics=None, display=<pycaret.internal.display.display.CommonDisplay object at 0x000001B8471FA290>, model_only=True, return_train_score=False, error_score=0.0, kwargs={})
2026-05-27 00:17:01,361:INFO:Checking exceptions
2026-05-27 00:17:01,361:INFO:Importing libraries
2026-05-27 00:17:01,362:INFO:Copying training dataset
2026-05-27 00:17:01,434:INFO:Defining folds
2026-05-27 00:17:01,434:INFO:Declaring metric variables
2026-05-27 00:17:01,434:INFO:Importing untrained model
2026-05-27 00:17:01,434:INFO:Logistic Regression Imported successfully
2026-05-27 00:17:01,435:INFO:Starting cross validation
2026-05-27 00:17:01,435:INFO:Cross validating with StratifiedKFold(n_splits=10, random_state=None, shuffle=False), n_jobs=1
2026-05-27 00:17:03,849:INFO:Calculating mean and std
2026-05-27 00:17:03,852:INFO:Creating metrics dataframe
2026-05-27 00:17:03,855:INFO:Uploading results into container
2026-05-27 00:17:03,856:INFO:Uploading model into container now
2026-05-27 00:17:03,857:INFO:_master_model_container: 1
2026-05-27 00:17:03,857:INFO:_display_container: 2
2026-05-27 00:17:03,857:INFO:LogisticRegression(C=1.0, class_weight=None, dual=False, fit_intercept=True,
                   intercept_scaling=1, l1_ratio=None, max_iter=1000,
                   multi_class='auto', n_jobs=None, penalty='l2',
                   random_state=123, solver='lbfgs', tol=0.0001, verbose=0,
                   warm_start=False)
2026-05-27 00:17:03,857:INFO:create_model() successfully completed......................................
2026-05-27 00:17:04,097:INFO:SubProcess create_model() end ==================================
2026-05-27 00:17:04,098:INFO:Creating metrics dataframe
2026-05-27 00:17:04,100:INFO:Initializing K Neighbors Classifier
2026-05-27 00:17:04,100:INFO:Total runtime is 0.045672961076100665 minutes
2026-05-27 00:17:04,100:INFO:SubProcess create_model() called ==================================
2026-05-27 00:17:04,101:INFO:Initializing create_model()
2026-05-27 00:17:04,101:INFO:create_model(self=<pycaret.classification.oop.ClassificationExperiment object at 0x000001B8471F9E10>, estimator=knn, fold=StratifiedKFold(n_splits=10, random_state=None, shuffle=False), round=4, cross_validation=True, predict=True, fit_kwargs={}, groups=None, refit=False, probability_threshold=None, experiment_custom_tags=None, verbose=False, system=False, add_to_model_list=True, metrics=None, display=<pycaret.internal.display.display.CommonDisplay object at 0x000001B8471FA290>, model_only=True, return_train_score=False, error_score=0.0, kwargs={})
2026-05-27 00:17:04,101:INFO:Checking exceptions
2026-05-27 00:17:04,101:INFO:Importing libraries
2026-05-27 00:17:04,101:INFO:Copying training dataset
2026-05-27 00:17:04,162:INFO:Defining folds
2026-05-27 00:17:04,162:INFO:Declaring metric variables
2026-05-27 00:17:04,163:INFO:Importing untrained model
2026-05-27 00:17:04,163:INFO:K Neighbors Classifier Imported successfully
2026-05-27 00:17:04,163:INFO:Starting cross validation
2026-05-27 00:17:04,165:INFO:Cross validating with StratifiedKFold(n_splits=10, random_state=None, shuffle=False), n_jobs=1
2026-05-27 00:17:11,562:INFO:Calculating mean and std
2026-05-27 00:17:11,566:INFO:Creating metrics dataframe
2026-05-27 00:17:11,570:INFO:Uploading results into container
2026-05-27 00:17:11,571:INFO:Uploading model into container now
2026-05-27 00:17:11,573:INFO:_master_model_container: 2
2026-05-27 00:17:11,573:INFO:_display_container: 2
2026-05-27 00:17:11,574:INFO:KNeighborsClassifier(algorithm='auto', leaf_size=30, metric='minkowski',
                     metric_params=None, n_jobs=-1, n_neighbors=5, p=2,
                     weights='uniform')
2026-05-27 00:17:11,574:INFO:create_model() successfully completed......................................
2026-05-27 00:17:11,818:INFO:SubProcess create_model() end ==================================
2026-05-27 00:17:11,818:INFO:Creating metrics dataframe
2026-05-27 00:17:11,821:INFO:Initializing Naive Bayes
2026-05-27 00:17:11,821:INFO:Total runtime is 0.17435113986333212 minutes
2026-05-27 00:17:11,821:INFO:SubProcess create_model() called ==================================
2026-05-27 00:17:11,821:INFO:Initializing create_model()
2026-05-27 00:17:11,821:INFO:create_model(self=<pycaret.classification.oop.ClassificationExperiment object at 0x000001B8471F9E10>, estimator=nb, fold=StratifiedKFold(n_splits=10, random_state=None, shuffle=False), round=4, cross_validation=True, predict=True, fit_kwargs={}, groups=None, refit=False, probability_threshold=None, experiment_custom_tags=None, verbose=False, system=False, add_to_model_list=True, metrics=None, display=<pycaret.internal.display.display.CommonDisplay object at 0x000001B8471FA290>, model_only=True, return_train_score=False, error_score=0.0, kwargs={})
2026-05-27 00:17:11,821:INFO:Checking exceptions
2026-05-27 00:17:11,821:INFO:Importing libraries
2026-05-27 00:17:11,821:INFO:Copying training dataset
2026-05-27 00:17:11,891:INFO:Defining folds
2026-05-27 00:17:11,892:INFO:Declaring metric variables
2026-05-27 00:17:11,892:INFO:Importing untrained model
2026-05-27 00:17:11,893:INFO:Naive Bayes Imported successfully
2026-05-27 00:17:11,893:INFO:Starting cross validation
2026-05-27 00:17:11,895:INFO:Cross validating with StratifiedKFold(n_splits=10, random_state=None, shuffle=False), n_jobs=1
2026-05-27 00:17:13,454:INFO:Calculating mean and std
2026-05-27 00:17:13,456:INFO:Creating metrics dataframe
2026-05-27 00:17:13,459:INFO:Uploading results into container
2026-05-27 00:17:13,459:INFO:Uploading model into container now
2026-05-27 00:17:13,460:INFO:_master_model_container: 3
2026-05-27 00:17:13,460:INFO:_display_container: 2
2026-05-27 00:17:13,460:INFO:GaussianNB(priors=None, var_smoothing=1e-09)
2026-05-27 00:17:13,460:INFO:create_model() successfully completed......................................
2026-05-27 00:17:13,692:INFO:SubProcess create_model() end ==================================
2026-05-27 00:17:13,692:INFO:Creating metrics dataframe
2026-05-27 00:17:13,694:INFO:Initializing Decision Tree Classifier
2026-05-27 00:17:13,694:INFO:Total runtime is 0.20556587378184002 minutes
2026-05-27 00:17:13,694:INFO:SubProcess create_model() called ==================================
2026-05-27 00:17:13,694:INFO:Initializing create_model()
2026-05-27 00:17:13,694:INFO:create_model(self=<pycaret.classification.oop.ClassificationExperiment object at 0x000001B8471F9E10>, estimator=dt, fold=StratifiedKFold(n_splits=10, random_state=None, shuffle=False), round=4, cross_validation=True, predict=True, fit_kwargs={}, groups=None, refit=False, probability_threshold=None, experiment_custom_tags=None, verbose=False, system=False, add_to_model_list=True, metrics=None, display=<pycaret.internal.display.display.CommonDisplay object at 0x000001B8471FA290>, model_only=True, return_train_score=False, error_score=0.0, kwargs={})
2026-05-27 00:17:13,695:INFO:Checking exceptions
2026-05-27 00:17:13,695:INFO:Importing libraries
2026-05-27 00:17:13,695:INFO:Copying training dataset
2026-05-27 00:17:13,755:INFO:Defining folds
2026-05-27 00:17:13,756:INFO:Declaring metric variables
2026-05-27 00:17:13,757:INFO:Importing untrained model
2026-05-27 00:17:13,757:INFO:Decision Tree Classifier Imported successfully
2026-05-27 00:17:13,758:INFO:Starting cross validation
2026-05-27 00:17:13,759:INFO:Cross validating with StratifiedKFold(n_splits=10, random_state=None, shuffle=False), n_jobs=1
2026-05-27 00:17:20,166:INFO:Calculating mean and std
2026-05-27 00:17:20,168:INFO:Creating metrics dataframe
2026-05-27 00:17:20,172:INFO:Uploading results into container
2026-05-27 00:17:20,173:INFO:Uploading model into container now
2026-05-27 00:17:20,174:INFO:_master_model_container: 4
2026-05-27 00:17:20,174:INFO:_display_container: 2
2026-05-27 00:17:20,174:INFO:DecisionTreeClassifier(ccp_alpha=0.0, class_weight=None, criterion='gini',
                       max_depth=None, max_features=None, max_leaf_nodes=None,
                       min_impurity_decrease=0.0, min_samples_leaf=1,
                       min_samples_split=2, min_weight_fraction_leaf=0.0,
                       monotonic_cst=None, random_state=123, splitter='best')
2026-05-27 00:17:20,174:INFO:create_model() successfully completed......................................
2026-05-27 00:17:20,404:INFO:SubProcess create_model() end ==================================
2026-05-27 00:17:20,404:INFO:Creating metrics dataframe
2026-05-27 00:17:20,406:INFO:Initializing SVM - Linear Kernel
2026-05-27 00:17:20,406:INFO:Total runtime is 0.31743147373199465 minutes
2026-05-27 00:17:20,406:INFO:SubProcess create_model() called ==================================
2026-05-27 00:17:20,407:INFO:Initializing create_model()
2026-05-27 00:17:20,407:INFO:create_model(self=<pycaret.classification.oop.ClassificationExperiment object at 0x000001B8471F9E10>, estimator=svm, fold=StratifiedKFold(n_splits=10, random_state=None, shuffle=False), round=4, cross_validation=True, predict=True, fit_kwargs={}, groups=None, refit=False, probability_threshold=None, experiment_custom_tags=None, verbose=False, system=False, add_to_model_list=True, metrics=None, display=<pycaret.internal.display.display.CommonDisplay object at 0x000001B8471FA290>, model_only=True, return_train_score=False, error_score=0.0, kwargs={})
2026-05-27 00:17:20,407:INFO:Checking exceptions
2026-05-27 00:17:20,407:INFO:Importing libraries
2026-05-27 00:17:20,407:INFO:Copying training dataset
2026-05-27 00:17:20,468:INFO:Defining folds
2026-05-27 00:17:20,468:INFO:Declaring metric variables
2026-05-27 00:17:20,469:INFO:Importing untrained model
2026-05-27 00:17:20,469:INFO:SVM - Linear Kernel Imported successfully
2026-05-27 00:17:20,470:INFO:Starting cross validation
2026-05-27 00:17:20,471:INFO:Cross validating with StratifiedKFold(n_splits=10, random_state=None, shuffle=False), n_jobs=1
2026-05-27 00:17:25,239:INFO:Calculating mean and std
2026-05-27 00:17:25,243:INFO:Creating metrics dataframe
2026-05-27 00:17:25,247:INFO:Uploading results into container
2026-05-27 00:17:25,247:INFO:Uploading model into container now
2026-05-27 00:17:25,248:INFO:_master_model_container: 5
2026-05-27 00:17:25,248:INFO:_display_container: 2
2026-05-27 00:17:25,249:INFO:SGDClassifier(alpha=0.0001, average=False, class_weight=None,
              early_stopping=False, epsilon=0.1, eta0=0.001, fit_intercept=True,
              l1_ratio=0.15, learning_rate='optimal', loss='hinge',
              max_iter=1000, n_iter_no_change=5, n_jobs=-1, penalty='l2',
              power_t=0.5, random_state=123, shuffle=True, tol=0.001,
              validation_fraction=0.1, verbose=0, warm_start=False)
2026-05-27 00:17:25,249:INFO:create_model() successfully completed......................................
2026-05-27 00:17:25,484:INFO:SubProcess create_model() end ==================================
2026-05-27 00:17:25,484:INFO:Creating metrics dataframe
2026-05-27 00:17:25,486:INFO:Initializing Ridge Classifier
2026-05-27 00:17:25,486:INFO:Total runtime is 0.4021077911059062 minutes
2026-05-27 00:17:25,486:INFO:SubProcess create_model() called ==================================
2026-05-27 00:17:25,487:INFO:Initializing create_model()
2026-05-27 00:17:25,487:INFO:create_model(self=<pycaret.classification.oop.ClassificationExperiment object at 0x000001B8471F9E10>, estimator=ridge, fold=StratifiedKFold(n_splits=10, random_state=None, shuffle=False), round=4, cross_validation=True, predict=True, fit_kwargs={}, groups=None, refit=False, probability_threshold=None, experiment_custom_tags=None, verbose=False, system=False, add_to_model_list=True, metrics=None, display=<pycaret.internal.display.display.CommonDisplay object at 0x000001B8471FA290>, model_only=True, return_train_score=False, error_score=0.0, kwargs={})
2026-05-27 00:17:25,487:INFO:Checking exceptions
2026-05-27 00:17:25,487:INFO:Importing libraries
2026-05-27 00:17:25,487:INFO:Copying training dataset
2026-05-27 00:17:25,547:INFO:Defining folds
2026-05-27 00:17:25,547:INFO:Declaring metric variables
2026-05-27 00:17:25,547:INFO:Importing untrained model
2026-05-27 00:17:25,549:INFO:Ridge Classifier Imported successfully
2026-05-27 00:17:25,550:INFO:Starting cross validation
2026-05-27 00:17:25,551:INFO:Cross validating with StratifiedKFold(n_splits=10, random_state=None, shuffle=False), n_jobs=1
2026-05-27 00:17:26,866:INFO:Calculating mean and std
2026-05-27 00:17:26,869:INFO:Creating metrics dataframe
2026-05-27 00:17:26,872:INFO:Uploading results into container
2026-05-27 00:17:26,873:INFO:Uploading model into container now
2026-05-27 00:17:26,874:INFO:_master_model_container: 6
2026-05-27 00:17:26,874:INFO:_display_container: 2
2026-05-27 00:17:26,874:INFO:RidgeClassifier(alpha=1.0, class_weight=None, copy_X=True, fit_intercept=True,
                max_iter=None, positive=False, random_state=123, solver='auto',
                tol=0.0001)
2026-05-27 00:17:26,874:INFO:create_model() successfully completed......................................
2026-05-27 00:17:27,128:INFO:SubProcess create_model() end ==================================
2026-05-27 00:17:27,129:INFO:Creating metrics dataframe
2026-05-27 00:17:27,131:INFO:Initializing Random Forest Classifier
2026-05-27 00:17:27,131:INFO:Total runtime is 0.42952517271041873 minutes
2026-05-27 00:17:27,131:INFO:SubProcess create_model() called ==================================
2026-05-27 00:17:27,131:INFO:Initializing create_model()
2026-05-27 00:17:27,131:INFO:create_model(self=<pycaret.classification.oop.ClassificationExperiment object at 0x000001B8471F9E10>, estimator=rf, fold=StratifiedKFold(n_splits=10, random_state=None, shuffle=False), round=4, cross_validation=True, predict=True, fit_kwargs={}, groups=None, refit=False, probability_threshold=None, experiment_custom_tags=None, verbose=False, system=False, add_to_model_list=True, metrics=None, display=<pycaret.internal.display.display.CommonDisplay object at 0x000001B8471FA290>, model_only=True, return_train_score=False, error_score=0.0, kwargs={})
2026-05-27 00:17:27,131:INFO:Checking exceptions
2026-05-27 00:17:27,131:INFO:Importing libraries
2026-05-27 00:17:27,131:INFO:Copying training dataset
2026-05-27 00:17:27,192:INFO:Defining folds
2026-05-27 00:17:27,193:INFO:Declaring metric variables
2026-05-27 00:17:27,193:INFO:Importing untrained model
2026-05-27 00:17:27,194:INFO:Random Forest Classifier Imported successfully
2026-05-27 00:17:27,194:INFO:Starting cross validation
2026-05-27 00:17:27,196:INFO:Cross validating with StratifiedKFold(n_splits=10, random_state=None, shuffle=False), n_jobs=1
2026-05-27 00:17:42,188:INFO:Calculating mean and std
2026-05-27 00:17:42,190:INFO:Creating metrics dataframe
2026-05-27 00:17:42,193:INFO:Uploading results into container
2026-05-27 00:17:42,195:INFO:Uploading model into container now
2026-05-27 00:17:42,195:INFO:_master_model_container: 7
2026-05-27 00:17:42,195:INFO:_display_container: 2
2026-05-27 00:17:42,195:INFO:RandomForestClassifier(bootstrap=True, ccp_alpha=0.0, class_weight=None,
                       criterion='gini', max_depth=None, max_features='sqrt',
                       max_leaf_nodes=None, max_samples=None,
                       min_impurity_decrease=0.0, min_samples_leaf=1,
                       min_samples_split=2, min_weight_fraction_leaf=0.0,
                       monotonic_cst=None, n_estimators=100, n_jobs=-1,
                       oob_score=False, random_state=123, verbose=0,
                       warm_start=False)
2026-05-27 00:17:42,195:INFO:create_model() successfully completed......................................
2026-05-27 00:17:42,482:INFO:SubProcess create_model() end ==================================
2026-05-27 00:17:42,483:INFO:Creating metrics dataframe
2026-05-27 00:17:42,485:INFO:Initializing Quadratic Discriminant Analysis
2026-05-27 00:17:42,485:INFO:Total runtime is 0.6854137659072876 minutes
2026-05-27 00:17:42,485:INFO:SubProcess create_model() called ==================================
2026-05-27 00:17:42,486:INFO:Initializing create_model()
2026-05-27 00:17:42,486:INFO:create_model(self=<pycaret.classification.oop.ClassificationExperiment object at 0x000001B8471F9E10>, estimator=qda, fold=StratifiedKFold(n_splits=10, random_state=None, shuffle=False), round=4, cross_validation=True, predict=True, fit_kwargs={}, groups=None, refit=False, probability_threshold=None, experiment_custom_tags=None, verbose=False, system=False, add_to_model_list=True, metrics=None, display=<pycaret.internal.display.display.CommonDisplay object at 0x000001B8471FA290>, model_only=True, return_train_score=False, error_score=0.0, kwargs={})
2026-05-27 00:17:42,486:INFO:Checking exceptions
2026-05-27 00:17:42,486:INFO:Importing libraries
2026-05-27 00:17:42,486:INFO:Copying training dataset
2026-05-27 00:17:42,549:INFO:Defining folds
2026-05-27 00:17:42,550:INFO:Declaring metric variables
2026-05-27 00:17:42,550:INFO:Importing untrained model
2026-05-27 00:17:42,551:INFO:Quadratic Discriminant Analysis Imported successfully
2026-05-27 00:17:42,552:INFO:Starting cross validation
2026-05-27 00:17:42,553:INFO:Cross validating with StratifiedKFold(n_splits=10, random_state=None, shuffle=False), n_jobs=1
2026-05-27 00:17:45,710:INFO:Calculating mean and std
2026-05-27 00:17:45,713:INFO:Creating metrics dataframe
2026-05-27 00:17:45,716:INFO:Uploading results into container
2026-05-27 00:17:45,717:INFO:Uploading model into container now
2026-05-27 00:17:45,719:INFO:_master_model_container: 8
2026-05-27 00:17:45,719:INFO:_display_container: 2
2026-05-27 00:17:45,720:INFO:QuadraticDiscriminantAnalysis(priors=None, reg_param=0.0,
                              store_covariance=False, tol=0.0001)
2026-05-27 00:17:45,721:INFO:create_model() successfully completed......................................
2026-05-27 00:17:46,017:INFO:SubProcess create_model() end ==================================
2026-05-27 00:17:46,017:INFO:Creating metrics dataframe
2026-05-27 00:17:46,021:INFO:Initializing Ada Boost Classifier
2026-05-27 00:17:46,021:INFO:Total runtime is 0.7443588137626649 minutes
2026-05-27 00:17:46,021:INFO:SubProcess create_model() called ==================================
2026-05-27 00:17:46,022:INFO:Initializing create_model()
2026-05-27 00:17:46,022:INFO:create_model(self=<pycaret.classification.oop.ClassificationExperiment object at 0x000001B8471F9E10>, estimator=ada, fold=StratifiedKFold(n_splits=10, random_state=None, shuffle=False), round=4, cross_validation=True, predict=True, fit_kwargs={}, groups=None, refit=False, probability_threshold=None, experiment_custom_tags=None, verbose=False, system=False, add_to_model_list=True, metrics=None, display=<pycaret.internal.display.display.CommonDisplay object at 0x000001B8471FA290>, model_only=True, return_train_score=False, error_score=0.0, kwargs={})
2026-05-27 00:17:46,022:INFO:Checking exceptions
2026-05-27 00:17:46,022:INFO:Importing libraries
2026-05-27 00:17:46,022:INFO:Copying training dataset
2026-05-27 00:17:46,091:INFO:Defining folds
2026-05-27 00:17:46,092:INFO:Declaring metric variables
2026-05-27 00:17:46,092:INFO:Importing untrained model
2026-05-27 00:17:46,093:INFO:Ada Boost Classifier Imported successfully
2026-05-27 00:17:46,094:INFO:Starting cross validation
2026-05-27 00:17:46,095:INFO:Cross validating with StratifiedKFold(n_splits=10, random_state=None, shuffle=False), n_jobs=1
2026-05-27 00:18:03,518:INFO:Calculating mean and std
2026-05-27 00:18:03,520:INFO:Creating metrics dataframe
2026-05-27 00:18:03,522:INFO:Uploading results into container
2026-05-27 00:18:03,523:INFO:Uploading model into container now
2026-05-27 00:18:03,524:INFO:_master_model_container: 9
2026-05-27 00:18:03,525:INFO:_display_container: 2
2026-05-27 00:18:03,525:INFO:AdaBoostClassifier(algorithm='SAMME.R', estimator=None, learning_rate=1.0,
                   n_estimators=50, random_state=123)
2026-05-27 00:18:03,525:INFO:create_model() successfully completed......................................
2026-05-27 00:18:03,761:INFO:SubProcess create_model() end ==================================
2026-05-27 00:18:03,761:INFO:Creating metrics dataframe
2026-05-27 00:18:03,764:INFO:Initializing Gradient Boosting Classifier
2026-05-27 00:18:03,764:INFO:Total runtime is 1.0400716543197632 minutes
2026-05-27 00:18:03,764:INFO:SubProcess create_model() called ==================================
2026-05-27 00:18:03,764:INFO:Initializing create_model()
2026-05-27 00:18:03,764:INFO:create_model(self=<pycaret.classification.oop.ClassificationExperiment object at 0x000001B8471F9E10>, estimator=gbc, fold=StratifiedKFold(n_splits=10, random_state=None, shuffle=False), round=4, cross_validation=True, predict=True, fit_kwargs={}, groups=None, refit=False, probability_threshold=None, experiment_custom_tags=None, verbose=False, system=False, add_to_model_list=True, metrics=None, display=<pycaret.internal.display.display.CommonDisplay object at 0x000001B8471FA290>, model_only=True, return_train_score=False, error_score=0.0, kwargs={})
2026-05-27 00:18:03,765:INFO:Checking exceptions
2026-05-27 00:18:03,765:INFO:Importing libraries
2026-05-27 00:18:03,765:INFO:Copying training dataset
2026-05-27 00:18:03,826:INFO:Defining folds
2026-05-27 00:18:03,826:INFO:Declaring metric variables
2026-05-27 00:18:03,827:INFO:Importing untrained model
2026-05-27 00:18:03,828:INFO:Gradient Boosting Classifier Imported successfully
2026-05-27 00:18:03,828:INFO:Starting cross validation
2026-05-27 00:18:03,829:INFO:Cross validating with StratifiedKFold(n_splits=10, random_state=None, shuffle=False), n_jobs=1
2026-05-27 00:19:00,988:INFO:Calculating mean and std
2026-05-27 00:19:00,990:INFO:Creating metrics dataframe
2026-05-27 00:19:00,993:INFO:Uploading results into container
2026-05-27 00:19:00,996:INFO:Uploading model into container now
2026-05-27 00:19:00,997:INFO:_master_model_container: 10
2026-05-27 00:19:00,997:INFO:_display_container: 2
2026-05-27 00:19:00,997:INFO:GradientBoostingClassifier(ccp_alpha=0.0, criterion='friedman_mse', init=None,
                           learning_rate=0.1, loss='log_loss', max_depth=3,
                           max_features=None, max_leaf_nodes=None,
                           min_impurity_decrease=0.0, min_samples_leaf=1,
                           min_samples_split=2, min_weight_fraction_leaf=0.0,
                           n_estimators=100, n_iter_no_change=None,
                           random_state=123, subsample=1.0, tol=0.0001,
                           validation_fraction=0.1, verbose=0,
                           warm_start=False)
2026-05-27 00:19:00,997:INFO:create_model() successfully completed......................................
2026-05-27 00:19:01,251:INFO:SubProcess create_model() end ==================================
2026-05-27 00:19:01,251:INFO:Creating metrics dataframe
2026-05-27 00:19:01,253:INFO:Initializing Linear Discriminant Analysis
2026-05-27 00:19:01,253:INFO:Total runtime is 1.998222279548645 minutes
2026-05-27 00:19:01,253:INFO:SubProcess create_model() called ==================================
2026-05-27 00:19:01,253:INFO:Initializing create_model()
2026-05-27 00:19:01,253:INFO:create_model(self=<pycaret.classification.oop.ClassificationExperiment object at 0x000001B8471F9E10>, estimator=lda, fold=StratifiedKFold(n_splits=10, random_state=None, shuffle=False), round=4, cross_validation=True, predict=True, fit_kwargs={}, groups=None, refit=False, probability_threshold=None, experiment_custom_tags=None, verbose=False, system=False, add_to_model_list=True, metrics=None, display=<pycaret.internal.display.display.CommonDisplay object at 0x000001B8471FA290>, model_only=True, return_train_score=False, error_score=0.0, kwargs={})
2026-05-27 00:19:01,253:INFO:Checking exceptions
2026-05-27 00:19:01,253:INFO:Importing libraries
2026-05-27 00:19:01,253:INFO:Copying training dataset
2026-05-27 00:19:01,314:INFO:Defining folds
2026-05-27 00:19:01,314:INFO:Declaring metric variables
2026-05-27 00:19:01,315:INFO:Importing untrained model
2026-05-27 00:19:01,317:INFO:Linear Discriminant Analysis Imported successfully
2026-05-27 00:19:01,317:INFO:Starting cross validation
2026-05-27 00:19:01,318:INFO:Cross validating with StratifiedKFold(n_splits=10, random_state=None, shuffle=False), n_jobs=1
2026-05-27 00:19:03,703:INFO:Calculating mean and std
2026-05-27 00:19:03,707:INFO:Creating metrics dataframe
2026-05-27 00:19:03,710:INFO:Uploading results into container
2026-05-27 00:19:03,713:INFO:Uploading model into container now
2026-05-27 00:19:03,714:INFO:_master_model_container: 11
2026-05-27 00:19:03,714:INFO:_display_container: 2
2026-05-27 00:19:03,714:INFO:LinearDiscriminantAnalysis(covariance_estimator=None, n_components=None,
                           priors=None, shrinkage=None, solver='svd',
                           store_covariance=False, tol=0.0001)
2026-05-27 00:19:03,715:INFO:create_model() successfully completed......................................
2026-05-27 00:19:03,948:INFO:SubProcess create_model() end ==================================
2026-05-27 00:19:03,948:INFO:Creating metrics dataframe
2026-05-27 00:19:03,950:INFO:Initializing Extra Trees Classifier
2026-05-27 00:19:03,951:INFO:Total runtime is 2.0431928912798565 minutes
2026-05-27 00:19:03,951:INFO:SubProcess create_model() called ==================================
2026-05-27 00:19:03,951:INFO:Initializing create_model()
2026-05-27 00:19:03,951:INFO:create_model(self=<pycaret.classification.oop.ClassificationExperiment object at 0x000001B8471F9E10>, estimator=et, fold=StratifiedKFold(n_splits=10, random_state=None, shuffle=False), round=4, cross_validation=True, predict=True, fit_kwargs={}, groups=None, refit=False, probability_threshold=None, experiment_custom_tags=None, verbose=False, system=False, add_to_model_list=True, metrics=None, display=<pycaret.internal.display.display.CommonDisplay object at 0x000001B8471FA290>, model_only=True, return_train_score=False, error_score=0.0, kwargs={})
2026-05-27 00:19:03,951:INFO:Checking exceptions
2026-05-27 00:19:03,951:INFO:Importing libraries
2026-05-27 00:19:03,951:INFO:Copying training dataset
2026-05-27 00:19:04,013:INFO:Defining folds
2026-05-27 00:19:04,014:INFO:Declaring metric variables
2026-05-27 00:19:04,014:INFO:Importing untrained model
2026-05-27 00:19:04,014:INFO:Extra Trees Classifier Imported successfully
2026-05-27 00:19:04,015:INFO:Starting cross validation
2026-05-27 00:19:04,016:INFO:Cross validating with StratifiedKFold(n_splits=10, random_state=None, shuffle=False), n_jobs=1
2026-05-27 00:19:20,144:INFO:Calculating mean and std
2026-05-27 00:19:20,147:INFO:Creating metrics dataframe
2026-05-27 00:19:20,150:INFO:Uploading results into container
2026-05-27 00:19:20,152:INFO:Uploading model into container now
2026-05-27 00:19:20,152:INFO:_master_model_container: 12
2026-05-27 00:19:20,152:INFO:_display_container: 2
2026-05-27 00:19:20,153:INFO:ExtraTreesClassifier(bootstrap=False, ccp_alpha=0.0, class_weight=None,
                     criterion='gini', max_depth=None, max_features='sqrt',
                     max_leaf_nodes=None, max_samples=None,
                     min_impurity_decrease=0.0, min_samples_leaf=1,
                     min_samples_split=2, min_weight_fraction_leaf=0.0,
                     monotonic_cst=None, n_estimators=100, n_jobs=-1,
                     oob_score=False, random_state=123, verbose=0,
                     warm_start=False)
2026-05-27 00:19:20,153:INFO:create_model() successfully completed......................................
2026-05-27 00:19:20,381:INFO:SubProcess create_model() end ==================================
2026-05-27 00:19:20,381:INFO:Creating metrics dataframe
2026-05-27 00:19:20,383:INFO:Initializing Extreme Gradient Boosting
2026-05-27 00:19:20,383:INFO:Total runtime is 2.3170528093973797 minutes
2026-05-27 00:19:20,384:INFO:SubProcess create_model() called ==================================
2026-05-27 00:19:20,384:INFO:Initializing create_model()
2026-05-27 00:19:20,384:INFO:create_model(self=<pycaret.classification.oop.ClassificationExperiment object at 0x000001B8471F9E10>, estimator=xgboost, fold=StratifiedKFold(n_splits=10, random_state=None, shuffle=False), round=4, cross_validation=True, predict=True, fit_kwargs={}, groups=None, refit=False, probability_threshold=None, experiment_custom_tags=None, verbose=False, system=False, add_to_model_list=True, metrics=None, display=<pycaret.internal.display.display.CommonDisplay object at 0x000001B8471FA290>, model_only=True, return_train_score=False, error_score=0.0, kwargs={})
2026-05-27 00:19:20,384:INFO:Checking exceptions
2026-05-27 00:19:20,384:INFO:Importing libraries
2026-05-27 00:19:20,384:INFO:Copying training dataset
2026-05-27 00:19:20,444:INFO:Defining folds
2026-05-27 00:19:20,444:INFO:Declaring metric variables
2026-05-27 00:19:20,445:INFO:Importing untrained model
2026-05-27 00:19:20,445:INFO:Extreme Gradient Boosting Imported successfully
2026-05-27 00:19:20,446:INFO:Starting cross validation
2026-05-27 00:19:20,447:INFO:Cross validating with StratifiedKFold(n_splits=10, random_state=None, shuffle=False), n_jobs=1
2026-05-27 00:19:33,950:INFO:Calculating mean and std
2026-05-27 00:19:33,957:INFO:Creating metrics dataframe
2026-05-27 00:19:33,962:INFO:Uploading results into container
2026-05-27 00:19:33,962:INFO:Uploading model into container now
2026-05-27 00:19:33,963:INFO:_master_model_container: 13
2026-05-27 00:19:33,963:INFO:_display_container: 2
2026-05-27 00:19:33,964:INFO:XGBClassifier(base_score=None, booster='gbtree', callbacks=None,
              colsample_bylevel=None, colsample_bynode=None,
              colsample_bytree=None, device='gpu', early_stopping_rounds=None,
              enable_categorical=False, eval_metric=None, feature_types=None,
              feature_weights=None, gamma=None, grow_policy=None,
              importance_type=None, interaction_constraints=None,
              learning_rate=None, max_bin=None, max_cat_threshold=None,
              max_cat_to_onehot=None, max_delta_step=None, max_depth=None,
              max_leaves=None, min_child_weight=None, missing=nan,
              monotone_constraints=None, multi_strategy=None, n_estimators=None,
              n_jobs=-1, num_parallel_tree=None, ...)
2026-05-27 00:19:33,965:INFO:create_model() successfully completed......................................
2026-05-27 00:19:34,211:INFO:SubProcess create_model() end ==================================
2026-05-27 00:19:34,211:INFO:Creating metrics dataframe
2026-05-27 00:19:34,213:INFO:Initializing Light Gradient Boosting Machine
2026-05-27 00:19:34,213:INFO:Total runtime is 2.5475549976030987 minutes
2026-05-27 00:19:34,213:INFO:SubProcess create_model() called ==================================
2026-05-27 00:19:34,213:INFO:Initializing create_model()
2026-05-27 00:19:34,213:INFO:create_model(self=<pycaret.classification.oop.ClassificationExperiment object at 0x000001B8471F9E10>, estimator=lightgbm, fold=StratifiedKFold(n_splits=10, random_state=None, shuffle=False), round=4, cross_validation=True, predict=True, fit_kwargs={}, groups=None, refit=False, probability_threshold=None, experiment_custom_tags=None, verbose=False, system=False, add_to_model_list=True, metrics=None, display=<pycaret.internal.display.display.CommonDisplay object at 0x000001B8471FA290>, model_only=True, return_train_score=False, error_score=0.0, kwargs={})
2026-05-27 00:19:34,213:INFO:Checking exceptions
2026-05-27 00:19:34,213:INFO:Importing libraries
2026-05-27 00:19:34,213:INFO:Copying training dataset
2026-05-27 00:19:34,274:INFO:Defining folds
2026-05-27 00:19:34,275:INFO:Declaring metric variables
2026-05-27 00:19:34,275:INFO:Importing untrained model
2026-05-27 00:19:34,276:INFO:Light Gradient Boosting Machine Imported successfully
2026-05-27 00:19:34,276:INFO:Starting cross validation
2026-05-27 00:19:34,277:INFO:Cross validating with StratifiedKFold(n_splits=10, random_state=None, shuffle=False), n_jobs=1
2026-05-27 00:19:52,120:INFO:Calculating mean and std
2026-05-27 00:19:52,123:INFO:Creating metrics dataframe
2026-05-27 00:19:52,126:INFO:Uploading results into container
2026-05-27 00:19:52,127:INFO:Uploading model into container now
2026-05-27 00:19:52,128:INFO:_master_model_container: 14
2026-05-27 00:19:52,128:INFO:_display_container: 2
2026-05-27 00:19:52,129:INFO:LGBMClassifier(boosting_type='gbdt', class_weight=None, colsample_bytree=1.0,
               device='gpu', importance_type='split', learning_rate=0.1,
               max_depth=-1, min_child_samples=20, min_child_weight=0.001,
               min_split_gain=0.0, n_estimators=100, n_jobs=-1, num_leaves=31,
               objective=None, random_state=123, reg_alpha=0.0, reg_lambda=0.0,
               subsample=1.0, subsample_for_bin=200000, subsample_freq=0)
2026-05-27 00:19:52,130:INFO:create_model() successfully completed......................................
2026-05-27 00:19:52,372:INFO:SubProcess create_model() end ==================================
2026-05-27 00:19:52,372:INFO:Creating metrics dataframe
2026-05-27 00:19:52,374:INFO:Initializing CatBoost Classifier
2026-05-27 00:19:52,374:INFO:Total runtime is 2.8502401034037272 minutes
2026-05-27 00:19:52,374:INFO:SubProcess create_model() called ==================================
2026-05-27 00:19:52,374:INFO:Initializing create_model()
2026-05-27 00:19:52,374:INFO:create_model(self=<pycaret.classification.oop.ClassificationExperiment object at 0x000001B8471F9E10>, estimator=catboost, fold=StratifiedKFold(n_splits=10, random_state=None, shuffle=False), round=4, cross_validation=True, predict=True, fit_kwargs={}, groups=None, refit=False, probability_threshold=None, experiment_custom_tags=None, verbose=False, system=False, add_to_model_list=True, metrics=None, display=<pycaret.internal.display.display.CommonDisplay object at 0x000001B8471FA290>, model_only=True, return_train_score=False, error_score=0.0, kwargs={})
2026-05-27 00:19:52,374:INFO:Checking exceptions
2026-05-27 00:19:52,374:INFO:Importing libraries
2026-05-27 00:19:52,375:INFO:Copying training dataset
2026-05-27 00:19:52,435:INFO:Defining folds
2026-05-27 00:19:52,436:INFO:Declaring metric variables
2026-05-27 00:19:52,436:INFO:Importing untrained model
2026-05-27 00:19:52,436:INFO:CatBoost Classifier Imported successfully
2026-05-27 00:19:52,437:INFO:Starting cross validation
2026-05-27 00:19:52,438:INFO:Cross validating with StratifiedKFold(n_splits=10, random_state=None, shuffle=False), n_jobs=1
2026-05-27 00:57:08,866:INFO:Calculating mean and std
2026-05-27 00:57:08,874:INFO:Creating metrics dataframe
2026-05-27 00:57:08,879:INFO:Uploading results into container
2026-05-27 00:57:08,880:INFO:Uploading model into container now
2026-05-27 00:57:08,882:INFO:_master_model_container: 15
2026-05-27 00:57:08,882:INFO:_display_container: 2
2026-05-27 00:57:08,882:INFO:CatBoostClassifier(border_count=32, random_state=123, task_type='GPU', verbose=False)
2026-05-27 00:57:08,882:INFO:create_model() successfully completed......................................
2026-05-27 00:57:09,660:INFO:SubProcess create_model() end ==================================
2026-05-27 00:57:09,661:INFO:Creating metrics dataframe
2026-05-27 00:57:09,668:INFO:Initializing Dummy Classifier
2026-05-27 00:57:09,669:INFO:Total runtime is 40.138485376040144 minutes
2026-05-27 00:57:09,669:INFO:SubProcess create_model() called ==================================
2026-05-27 00:57:09,670:INFO:Initializing create_model()
2026-05-27 00:57:09,670:INFO:create_model(self=<pycaret.classification.oop.ClassificationExperiment object at 0x000001B8471F9E10>, estimator=dummy, fold=StratifiedKFold(n_splits=10, random_state=None, shuffle=False), round=4, cross_validation=True, predict=True, fit_kwargs={}, groups=None, refit=False, probability_threshold=None, experiment_custom_tags=None, verbose=False, system=False, add_to_model_list=True, metrics=None, display=<pycaret.internal.display.display.CommonDisplay object at 0x000001B8471FA290>, model_only=True, return_train_score=False, error_score=0.0, kwargs={})
2026-05-27 00:57:09,670:INFO:Checking exceptions
2026-05-27 00:57:09,670:INFO:Importing libraries
2026-05-27 00:57:09,670:INFO:Copying training dataset
2026-05-27 00:57:09,860:INFO:Defining folds
2026-05-27 00:57:09,860:INFO:Declaring metric variables
2026-05-27 00:57:09,862:INFO:Importing untrained model
2026-05-27 00:57:09,863:INFO:Dummy Classifier Imported successfully
2026-05-27 00:57:09,864:INFO:Starting cross validation
2026-05-27 00:57:09,865:INFO:Cross validating with StratifiedKFold(n_splits=10, random_state=None, shuffle=False), n_jobs=1
2026-05-27 00:57:12,468:INFO:Calculating mean and std
2026-05-27 00:57:12,472:INFO:Creating metrics dataframe
2026-05-27 00:57:12,474:INFO:Uploading results into container
2026-05-27 00:57:12,475:INFO:Uploading model into container now
2026-05-27 00:57:12,476:INFO:_master_model_container: 16
2026-05-27 00:57:12,476:INFO:_display_container: 2
2026-05-27 00:57:12,476:INFO:DummyClassifier(constant=None, random_state=123, strategy='prior')
2026-05-27 00:57:12,476:INFO:create_model() successfully completed......................................
2026-05-27 00:57:12,796:INFO:SubProcess create_model() end ==================================
2026-05-27 00:57:12,796:INFO:Creating metrics dataframe
2026-05-27 00:57:12,808:INFO:Initializing create_model()
2026-05-27 00:57:12,809:INFO:create_model(self=<pycaret.classification.oop.ClassificationExperiment object at 0x000001B8471F9E10>, estimator=CatBoostClassifier(border_count=32, random_state=123, task_type='GPU', verbose=False), fold=StratifiedKFold(n_splits=10, random_state=None, shuffle=False), round=4, cross_validation=False, predict=False, fit_kwargs={}, groups=None, refit=True, probability_threshold=None, experiment_custom_tags=None, verbose=False, system=False, add_to_model_list=True, metrics=None, display=None, model_only=True, return_train_score=False, error_score=0.0, kwargs={})
2026-05-27 00:57:12,809:INFO:Checking exceptions
2026-05-27 00:57:12,810:INFO:Importing libraries
2026-05-27 00:57:12,810:INFO:Copying training dataset
2026-05-27 00:57:12,899:INFO:Defining folds
2026-05-27 00:57:12,899:INFO:Declaring metric variables
2026-05-27 00:57:12,899:INFO:Importing untrained model
2026-05-27 00:57:12,899:INFO:Declaring custom model
2026-05-27 00:57:12,900:INFO:CatBoost Classifier Imported successfully
2026-05-27 00:57:12,901:INFO:Cross validation set to False
2026-05-27 00:57:12,901:INFO:Fitting Model
2026-05-27 01:01:19,513:INFO:CatBoostClassifier(border_count=32, random_state=123, task_type='GPU', verbose=False)
2026-05-27 01:01:19,513:INFO:create_model() successfully completed......................................
2026-05-27 01:01:19,807:INFO:_master_model_container: 16
2026-05-27 01:01:19,808:INFO:_display_container: 2
2026-05-27 01:01:19,808:INFO:CatBoostClassifier(border_count=32, random_state=123, task_type='GPU', verbose=False)
2026-05-27 01:01:19,808:INFO:compare_models() successfully completed......................................
2026-05-27 14:41:19,051:WARNING:
'cuml' is a soft dependency and not included in the pycaret installation. Please run: `pip install cuml` to install.
2026-05-27 14:41:19,051:WARNING:
'cuml' is a soft dependency and not included in the pycaret installation. Please run: `pip install cuml` to install.
2026-05-27 14:41:19,051:WARNING:
'cuml' is a soft dependency and not included in the pycaret installation. Please run: `pip install cuml` to install.
2026-05-27 14:41:19,051:WARNING:
'cuml' is a soft dependency and not included in the pycaret installation. Please run: `pip install cuml` to install.
2026-05-27 14:41:19,571:INFO:PyCaret ClassificationExperiment
2026-05-27 14:41:19,572:INFO:Logging name: clf-default-name
2026-05-27 14:41:19,572:INFO:ML Usecase: MLUsecase.CLASSIFICATION
2026-05-27 14:41:19,572:INFO:version 3.3.2
2026-05-27 14:41:19,572:INFO:Initializing setup()
2026-05-27 14:41:19,572:INFO:self.USI: 696a
2026-05-27 14:41:19,572:INFO:self._variable_keys: {'X_train', 'is_multiclass', 'USI', 'pipeline', 'X_test', 'memory', 'y_test', 'data', 'log_plots_param', 'target_param', '_available_plots', '_ml_usecase', 'gpu_n_jobs_param', 'y_train', 'fold_generator', 'fix_imbalance', 'html_param', 'logging_param', 'n_jobs_param', 'seed', 'fold_shuffle_param', 'fold_groups_param', 'exp_name_log', 'X', 'idx', 'y', 'gpu_param', 'exp_id'}
2026-05-27 14:41:19,572:INFO:Checking environment
2026-05-27 14:41:19,572:INFO:python_version: 3.11.9
2026-05-27 14:41:19,572:INFO:python_build: ('tags/v3.11.9:de54cf5', 'Apr  2 2024 10:12:12')
2026-05-27 14:41:19,572:INFO:machine: AMD64
2026-05-27 14:41:19,572:INFO:platform: Windows-10-10.0.26200-SP0
2026-05-27 14:41:19,572:INFO:Memory: svmem(total=25087217664, available=10816643072, percent=56.9, used=14270574592, free=10816643072)
2026-05-27 14:41:19,573:INFO:Physical Core: 6
2026-05-27 14:41:19,573:INFO:Logical Core: 12
2026-05-27 14:41:19,573:INFO:Checking libraries
2026-05-27 14:41:19,573:INFO:System:
2026-05-27 14:41:19,573:INFO:    python: 3.11.9 (tags/v3.11.9:de54cf5, Apr  2 2024, 10:12:12) [MSC v.1938 64 bit (AMD64)]
2026-05-27 14:41:19,573:INFO:executable: c:\Users\HP\Documents\GitHub\ML-dating-app-behaviour\.venv\Scripts\python.exe
2026-05-27 14:41:19,573:INFO:   machine: Windows-10-10.0.26200-SP0
2026-05-27 14:41:19,573:INFO:PyCaret required dependencies:
2026-05-27 14:41:19,580:INFO:                 pip: 26.1.1
2026-05-27 14:41:19,580:INFO:          setuptools: 65.5.0
2026-05-27 14:41:19,580:INFO:             pycaret: 3.3.2
2026-05-27 14:41:19,580:INFO:             IPython: 9.13.0
2026-05-27 14:41:19,580:INFO:          ipywidgets: 8.1.8
2026-05-27 14:41:19,580:INFO:                tqdm: 4.67.3
2026-05-27 14:41:19,580:INFO:               numpy: 1.26.4
2026-05-27 14:41:19,580:INFO:              pandas: 2.1.4
2026-05-27 14:41:19,580:INFO:              jinja2: 3.1.6
2026-05-27 14:41:19,580:INFO:               scipy: 1.11.4
2026-05-27 14:41:19,580:INFO:              joblib: 1.3.2
2026-05-27 14:41:19,580:INFO:             sklearn: 1.4.2
2026-05-27 14:41:19,581:INFO:                pyod: 3.4.0
2026-05-27 14:41:19,581:INFO:            imblearn: 0.14.1
2026-05-27 14:41:19,581:INFO:   category_encoders: 2.7.0
2026-05-27 14:41:19,581:INFO:            lightgbm: 4.6.0
2026-05-27 14:41:19,581:INFO:               numba: 0.65.1
2026-05-27 14:41:19,581:INFO:            requests: 2.34.2
2026-05-27 14:41:19,581:INFO:          matplotlib: 3.7.5
2026-05-27 14:41:19,581:INFO:          scikitplot: 0.3.7
2026-05-27 14:41:19,581:INFO:         yellowbrick: 1.5
2026-05-27 14:41:19,581:INFO:              plotly: 6.7.0
2026-05-27 14:41:19,581:INFO:    plotly-resampler: Not installed
2026-05-27 14:41:19,581:INFO:             kaleido: 1.3.0
2026-05-27 14:41:19,581:INFO:           schemdraw: 0.15
2026-05-27 14:41:19,581:INFO:         statsmodels: 0.14.6
2026-05-27 14:41:19,581:INFO:              sktime: 0.26.0
2026-05-27 14:41:19,581:INFO:               tbats: 1.1.3
2026-05-27 14:41:19,581:INFO:            pmdarima: 2.0.4
2026-05-27 14:41:19,581:INFO:              psutil: 7.2.2
2026-05-27 14:41:19,581:INFO:          markupsafe: 3.0.3
2026-05-27 14:41:19,581:INFO:             pickle5: Not installed
2026-05-27 14:41:19,581:INFO:         cloudpickle: 3.1.2
2026-05-27 14:41:19,581:INFO:         deprecation: 2.1.0
2026-05-27 14:41:19,581:INFO:              xxhash: 3.6.0
2026-05-27 14:41:19,581:INFO:           wurlitzer: Not installed
2026-05-27 14:41:19,581:INFO:PyCaret optional dependencies:
2026-05-27 14:41:19,630:INFO:                shap: 0.49.1
2026-05-27 14:41:19,631:INFO:           interpret: Not installed
2026-05-27 14:41:19,631:INFO:                umap: Not installed
2026-05-27 14:41:19,631:INFO:     ydata_profiling: Not installed
2026-05-27 14:41:19,631:INFO:  explainerdashboard: Not installed
2026-05-27 14:41:19,631:INFO:             autoviz: Not installed
2026-05-27 14:41:19,631:INFO:           fairlearn: 0.13.0
2026-05-27 14:41:19,631:INFO:          deepchecks: Not installed
2026-05-27 14:41:19,631:INFO:             xgboost: 3.2.0
2026-05-27 14:41:19,631:INFO:            catboost: 1.2.10
2026-05-27 14:41:19,631:INFO:              kmodes: Not installed
2026-05-27 14:41:19,631:INFO:             mlxtend: Not installed
2026-05-27 14:41:19,631:INFO:       statsforecast: Not installed
2026-05-27 14:41:19,631:INFO:        tune_sklearn: Not installed
2026-05-27 14:41:19,631:INFO:                 ray: Not installed
2026-05-27 14:41:19,631:INFO:            hyperopt: Not installed
2026-05-27 14:41:19,631:INFO:              optuna: 4.8.0
2026-05-27 14:41:19,631:INFO:               skopt: Not installed
2026-05-27 14:41:19,631:INFO:              mlflow: Not installed
2026-05-27 14:41:19,631:INFO:              gradio: Not installed
2026-05-27 14:41:19,631:INFO:             fastapi: Not installed
2026-05-27 14:41:19,631:INFO:             uvicorn: 0.48.0
2026-05-27 14:41:19,631:INFO:              m2cgen: Not installed
2026-05-27 14:41:19,631:INFO:           evidently: Not installed
2026-05-27 14:41:19,631:INFO:               fugue: Not installed
2026-05-27 14:41:19,631:INFO:           streamlit: 1.57.0
2026-05-27 14:41:19,631:INFO:             prophet: Not installed
2026-05-27 14:41:19,632:INFO:None
2026-05-27 14:41:19,632:INFO:Set up GPU usage.
2026-05-27 14:41:19,632:WARNING:
'cuml' is a soft dependency and not included in the pycaret installation. Please run: `pip install cuml` to install.
2026-05-27 14:41:19,632:WARNING:cuML is outdated or not found. Required version is >=23.08.
                Please visit https://rapids.ai/install for installation instructions.
2026-05-27 14:41:19,632:INFO:Set up data.
2026-05-27 14:41:19,674:INFO:Set up folding strategy.
2026-05-27 14:41:19,674:INFO:Set up train/test split.
2026-05-27 14:41:19,749:INFO:Set up index.
2026-05-27 14:41:19,754:INFO:Assigning column types.
2026-05-27 14:41:19,867:INFO:Engine successfully changes for model 'lr' to 'sklearn'.
2026-05-27 14:41:19,868:WARNING:
'cuml' is a soft dependency and not included in the pycaret installation. Please run: `pip install cuml` to install.
2026-05-27 14:41:19,928:INFO:Engine for model 'knn' has not been set explicitly, hence returning None.
2026-05-27 14:41:19,928:WARNING:
'cuml' is a soft dependency and not included in the pycaret installation. Please run: `pip install cuml` to install.
2026-05-27 14:41:19,934:WARNING:
'cuml' is a soft dependency and not included in the pycaret installation. Please run: `pip install cuml` to install.
2026-05-27 14:41:19,935:INFO:Engine for model 'rbfsvm' has not been set explicitly, hence returning None.
2026-05-27 14:41:19,936:WARNING:
'cuml' is a soft dependency and not included in the pycaret installation. Please run: `pip install cuml` to install.
2026-05-27 14:41:19,964:WARNING:
'cuml' is a soft dependency and not included in the pycaret installation. Please run: `pip install cuml` to install.
2026-05-27 14:41:19,972:WARNING:
'cuml' is a soft dependency and not included in the pycaret installation. Please run: `pip install cuml` to install.
2026-05-27 14:41:19,978:INFO:Soft dependency imported: xgboost: 3.2.0
2026-05-27 14:41:25,631:INFO:Soft dependency imported: catboost: 1.2.10
2026-05-27 14:41:25,659:WARNING:
'cuml' is a soft dependency and not included in the pycaret installation. Please run: `pip install cuml` to install.
2026-05-27 14:41:27,064:INFO:Engine for model 'knn' has not been set explicitly, hence returning None.
2026-05-27 14:41:27,066:WARNING:
'cuml' is a soft dependency and not included in the pycaret installation. Please run: `pip install cuml` to install.
2026-05-27 14:41:27,071:WARNING:
'cuml' is a soft dependency and not included in the pycaret installation. Please run: `pip install cuml` to install.
2026-05-27 14:41:27,081:INFO:Engine for model 'rbfsvm' has not been set explicitly, hence returning None.
2026-05-27 14:41:27,082:WARNING:
'cuml' is a soft dependency and not included in the pycaret installation. Please run: `pip install cuml` to install.
2026-05-27 14:41:28,238:WARNING:
'cuml' is a soft dependency and not included in the pycaret installation. Please run: `pip install cuml` to install.
2026-05-27 14:41:28,402:WARNING:
'cuml' is a soft dependency and not included in the pycaret installation. Please run: `pip install cuml` to install.
2026-05-27 14:41:28,465:INFO:Soft dependency imported: xgboost: 3.2.0
2026-05-27 14:41:33,942:INFO:Soft dependency imported: catboost: 1.2.10
2026-05-27 14:41:33,944:INFO:Engine successfully changes for model 'knn' to 'sklearn'.
2026-05-27 14:41:33,944:WARNING:
'cuml' is a soft dependency and not included in the pycaret installation. Please run: `pip install cuml` to install.
2026-05-27 14:41:34,033:WARNING:
'cuml' is a soft dependency and not included in the pycaret installation. Please run: `pip install cuml` to install.
2026-05-27 14:41:34,033:WARNING:
'cuml' is a soft dependency and not included in the pycaret installation. Please run: `pip install cuml` to install.
2026-05-27 14:41:34,034:INFO:Engine for model 'rbfsvm' has not been set explicitly, hence returning None.
2026-05-27 14:41:34,034:WARNING:
'cuml' is a soft dependency and not included in the pycaret installation. Please run: `pip install cuml` to install.
2026-05-27 14:41:34,070:WARNING:
'cuml' is a soft dependency and not included in the pycaret installation. Please run: `pip install cuml` to install.
2026-05-27 14:41:34,076:WARNING:
'cuml' is a soft dependency and not included in the pycaret installation. Please run: `pip install cuml` to install.
2026-05-27 14:41:34,077:INFO:Soft dependency imported: xgboost: 3.2.0
2026-05-27 14:41:34,225:INFO:Soft dependency imported: catboost: 1.2.10
2026-05-27 14:41:34,226:WARNING:
'cuml' is a soft dependency and not included in the pycaret installation. Please run: `pip install cuml` to install.
2026-05-27 14:41:34,300:WARNING:
'cuml' is a soft dependency and not included in the pycaret installation. Please run: `pip install cuml` to install.
2026-05-27 14:41:34,300:WARNING:
'cuml' is a soft dependency and not included in the pycaret installation. Please run: `pip install cuml` to install.
2026-05-27 14:41:34,301:INFO:Engine for model 'rbfsvm' has not been set explicitly, hence returning None.
2026-05-27 14:41:34,301:WARNING:
'cuml' is a soft dependency and not included in the pycaret installation. Please run: `pip install cuml` to install.
2026-05-27 14:41:34,333:WARNING:
'cuml' is a soft dependency and not included in the pycaret installation. Please run: `pip install cuml` to install.
2026-05-27 14:41:34,339:WARNING:
'cuml' is a soft dependency and not included in the pycaret installation. Please run: `pip install cuml` to install.
2026-05-27 14:41:34,340:INFO:Soft dependency imported: xgboost: 3.2.0
2026-05-27 14:41:34,481:INFO:Soft dependency imported: catboost: 1.2.10
2026-05-27 14:41:34,481:INFO:Engine successfully changes for model 'rbfsvm' to 'sklearn'.
2026-05-27 14:41:34,482:WARNING:
'cuml' is a soft dependency and not included in the pycaret installation. Please run: `pip install cuml` to install.
2026-05-27 14:41:34,561:WARNING:
'cuml' is a soft dependency and not included in the pycaret installation. Please run: `pip install cuml` to install.
2026-05-27 14:41:34,561:WARNING:
'cuml' is a soft dependency and not included in the pycaret installation. Please run: `pip install cuml` to install.
2026-05-27 14:41:34,562:WARNING:
'cuml' is a soft dependency and not included in the pycaret installation. Please run: `pip install cuml` to install.
2026-05-27 14:41:34,596:WARNING:
'cuml' is a soft dependency and not included in the pycaret installation. Please run: `pip install cuml` to install.
2026-05-27 14:41:34,602:WARNING:
'cuml' is a soft dependency and not included in the pycaret installation. Please run: `pip install cuml` to install.
2026-05-27 14:41:34,603:INFO:Soft dependency imported: xgboost: 3.2.0
2026-05-27 14:41:34,724:INFO:Soft dependency imported: catboost: 1.2.10
2026-05-27 14:41:34,725:WARNING:
'cuml' is a soft dependency and not included in the pycaret installation. Please run: `pip install cuml` to install.
2026-05-27 14:41:34,791:WARNING:
'cuml' is a soft dependency and not included in the pycaret installation. Please run: `pip install cuml` to install.
2026-05-27 14:41:34,791:WARNING:
'cuml' is a soft dependency and not included in the pycaret installation. Please run: `pip install cuml` to install.
2026-05-27 14:41:34,793:WARNING:
'cuml' is a soft dependency and not included in the pycaret installation. Please run: `pip install cuml` to install.
2026-05-27 14:41:34,824:WARNING:
'cuml' is a soft dependency and not included in the pycaret installation. Please run: `pip install cuml` to install.
2026-05-27 14:41:34,828:WARNING:
'cuml' is a soft dependency and not included in the pycaret installation. Please run: `pip install cuml` to install.
2026-05-27 14:41:34,829:INFO:Soft dependency imported: xgboost: 3.2.0
2026-05-27 14:41:34,951:INFO:Soft dependency imported: catboost: 1.2.10
2026-05-27 14:41:34,970:INFO:Preparing preprocessing pipeline...
2026-05-27 14:41:34,986:INFO:Set up simple imputation.
2026-05-27 14:41:35,000:INFO:Set up column name cleaning.
2026-05-27 14:41:35,184:INFO:Finished creating preprocessing pipeline.
2026-05-27 14:41:35,189:INFO:Pipeline: Pipeline(memory=FastMemory(location=C:\Users\HP\AppData\Local\Temp\joblib),
         steps=[('numerical_imputer',
                 TransformerWrapper(exclude=None,
                                    include=['body_type_Average',
                                             'body_type_Muscular',
                                             'body_type_Slim', 'education_enc',
                                             'emoji_usage_rate', 'gender_Male',
                                             'gender_Non-binary',
                                             'gender_Prefer Not to Say',
                                             'interest_Anime',
                                             'interest_Binge-Watching',
                                             'interest_Bo...
                ('categorical_imputer',
                 TransformerWrapper(exclude=None, include=[],
                                    transformer=SimpleImputer(add_indicator=False,
                                                              copy=True,
                                                              fill_value=None,
                                                              keep_empty_features=False,
                                                              missing_values=nan,
                                                              strategy='most_frequent'))),
                ('clean_column_names',
                 TransformerWrapper(exclude=None, include=None,
                                    transformer=CleanColumnNames(match='[\\]\\[\\,\\{\\}\\"\\:]+')))],
         verbose=False)
2026-05-27 14:41:35,189:INFO:Creating final display dataframe.
2026-05-27 14:41:35,616:INFO:Setup _display_container:                     Description             Value
0                    Session id               123
1                        Target            target
2                   Target type            Binary
3           Original data shape       (48240, 69)
4        Transformed data shape       (48240, 69)
5   Transformed train set shape       (33768, 69)
6    Transformed test set shape       (14472, 69)
7              Numeric features                68
8                    Preprocess              True
9               Imputation type            simple
10           Numeric imputation              mean
11       Categorical imputation              mode
12               Fold Generator   StratifiedKFold
13                  Fold Number                10
14                     CPU Jobs                -1
15                      Use GPU              True
16               Log Experiment             False
17              Experiment Name  clf-default-name
18                          USI              696a
2026-05-27 14:41:35,617:WARNING:
'cuml' is a soft dependency and not included in the pycaret installation. Please run: `pip install cuml` to install.
2026-05-27 14:41:35,665:WARNING:
'cuml' is a soft dependency and not included in the pycaret installation. Please run: `pip install cuml` to install.
2026-05-27 14:41:35,665:WARNING:
'cuml' is a soft dependency and not included in the pycaret installation. Please run: `pip install cuml` to install.
2026-05-27 14:41:35,666:WARNING:
'cuml' is a soft dependency and not included in the pycaret installation. Please run: `pip install cuml` to install.
2026-05-27 14:41:35,688:WARNING:
'cuml' is a soft dependency and not included in the pycaret installation. Please run: `pip install cuml` to install.
2026-05-27 14:41:35,692:WARNING:
'cuml' is a soft dependency and not included in the pycaret installation. Please run: `pip install cuml` to install.
2026-05-27 14:41:35,693:INFO:Soft dependency imported: xgboost: 3.2.0
2026-05-27 14:41:35,814:INFO:Soft dependency imported: catboost: 1.2.10
2026-05-27 14:41:35,816:WARNING:
'cuml' is a soft dependency and not included in the pycaret installation. Please run: `pip install cuml` to install.
2026-05-27 14:41:35,882:WARNING:
'cuml' is a soft dependency and not included in the pycaret installation. Please run: `pip install cuml` to install.
2026-05-27 14:41:35,882:WARNING:
'cuml' is a soft dependency and not included in the pycaret installation. Please run: `pip install cuml` to install.
2026-05-27 14:41:35,883:WARNING:
'cuml' is a soft dependency and not included in the pycaret installation. Please run: `pip install cuml` to install.
2026-05-27 14:41:35,917:WARNING:
'cuml' is a soft dependency and not included in the pycaret installation. Please run: `pip install cuml` to install.
2026-05-27 14:41:35,922:WARNING:
'cuml' is a soft dependency and not included in the pycaret installation. Please run: `pip install cuml` to install.
2026-05-27 14:41:35,923:INFO:Soft dependency imported: xgboost: 3.2.0
2026-05-27 14:41:36,059:INFO:Soft dependency imported: catboost: 1.2.10
2026-05-27 14:41:36,061:INFO:setup() successfully completed in 16.5s...............
2026-05-27 14:41:36,062:INFO:Initializing compare_models()
2026-05-27 14:41:36,062:INFO:compare_models(self=<pycaret.classification.oop.ClassificationExperiment object at 0x000001D316B7BC10>, include=None, exclude=None, fold=None, round=4, cross_validation=True, sort=Accuracy, n_select=1, budget_time=None, turbo=True, errors=ignore, fit_kwargs=None, groups=None, experiment_custom_tags=None, probability_threshold=None, verbose=True, parallel=None, caller_params={'self': <pycaret.classification.oop.ClassificationExperiment object at 0x000001D316B7BC10>, 'include': None, 'exclude': None, 'fold': None, 'round': 4, 'cross_validation': True, 'sort': 'Accuracy', 'n_select': 1, 'budget_time': None, 'turbo': True, 'errors': 'ignore', 'fit_kwargs': None, 'groups': None, 'experiment_custom_tags': None, 'probability_threshold': None, 'engine': None, 'verbose': True, 'parallel': None, '__class__': <class 'pycaret.classification.oop.ClassificationExperiment'>})
2026-05-27 14:41:36,062:INFO:Checking exceptions
2026-05-27 14:41:36,118:INFO:Preparing display monitor
2026-05-27 14:41:36,126:INFO:Initializing Logistic Regression
2026-05-27 14:41:36,126:INFO:Total runtime is 1.6768773396809895e-05 minutes
2026-05-27 14:41:36,126:INFO:SubProcess create_model() called ==================================
2026-05-27 14:41:36,128:INFO:Initializing create_model()
2026-05-27 14:41:36,128:INFO:create_model(self=<pycaret.classification.oop.ClassificationExperiment object at 0x000001D316B7BC10>, estimator=lr, fold=StratifiedKFold(n_splits=10, random_state=None, shuffle=False), round=4, cross_validation=True, predict=True, fit_kwargs={}, groups=None, refit=False, probability_threshold=None, experiment_custom_tags=None, verbose=False, system=False, add_to_model_list=True, metrics=None, display=<pycaret.internal.display.display.CommonDisplay object at 0x000001D2E320A650>, model_only=True, return_train_score=False, error_score=0.0, kwargs={})
2026-05-27 14:41:36,128:INFO:Checking exceptions
2026-05-27 14:41:36,129:INFO:Importing libraries
2026-05-27 14:41:36,129:INFO:Copying training dataset
2026-05-27 14:41:36,234:INFO:Defining folds
2026-05-27 14:41:36,236:INFO:Declaring metric variables
2026-05-27 14:41:36,236:INFO:Importing untrained model
2026-05-27 14:41:36,237:INFO:Logistic Regression Imported successfully
2026-05-27 14:41:36,238:INFO:Starting cross validation
2026-05-27 14:41:36,239:INFO:Cross validating with StratifiedKFold(n_splits=10, random_state=None, shuffle=False), n_jobs=1
2026-05-27 14:41:39,191:INFO:Calculating mean and std
2026-05-27 14:41:39,191:INFO:Creating metrics dataframe
2026-05-27 14:41:39,194:INFO:Uploading results into container
2026-05-27 14:41:39,195:INFO:Uploading model into container now
2026-05-27 14:41:39,196:INFO:_master_model_container: 1
2026-05-27 14:41:39,196:INFO:_display_container: 2
2026-05-27 14:41:39,197:INFO:LogisticRegression(C=1.0, class_weight=None, dual=False, fit_intercept=True,
                   intercept_scaling=1, l1_ratio=None, max_iter=1000,
                   multi_class='auto', n_jobs=None, penalty='l2',
                   random_state=123, solver='lbfgs', tol=0.0001, verbose=0,
                   warm_start=False)
2026-05-27 14:41:39,197:INFO:create_model() successfully completed......................................
2026-05-27 14:41:39,534:INFO:SubProcess create_model() end ==================================
2026-05-27 14:41:39,534:INFO:Creating metrics dataframe
2026-05-27 14:41:39,540:INFO:Initializing K Neighbors Classifier
2026-05-27 14:41:39,540:INFO:Total runtime is 0.056912684440612794 minutes
2026-05-27 14:41:39,541:INFO:SubProcess create_model() called ==================================
2026-05-27 14:41:39,541:INFO:Initializing create_model()
2026-05-27 14:41:39,541:INFO:create_model(self=<pycaret.classification.oop.ClassificationExperiment object at 0x000001D316B7BC10>, estimator=knn, fold=StratifiedKFold(n_splits=10, random_state=None, shuffle=False), round=4, cross_validation=True, predict=True, fit_kwargs={}, groups=None, refit=False, probability_threshold=None, experiment_custom_tags=None, verbose=False, system=False, add_to_model_list=True, metrics=None, display=<pycaret.internal.display.display.CommonDisplay object at 0x000001D2E320A650>, model_only=True, return_train_score=False, error_score=0.0, kwargs={})
2026-05-27 14:41:39,541:INFO:Checking exceptions
2026-05-27 14:41:39,541:INFO:Importing libraries
2026-05-27 14:41:39,541:INFO:Copying training dataset
2026-05-27 14:41:39,642:INFO:Defining folds
2026-05-27 14:41:39,642:INFO:Declaring metric variables
2026-05-27 14:41:39,642:INFO:Importing untrained model
2026-05-27 14:41:39,642:INFO:K Neighbors Classifier Imported successfully
2026-05-27 14:41:39,644:INFO:Starting cross validation
2026-05-27 14:41:39,647:INFO:Cross validating with StratifiedKFold(n_splits=10, random_state=None, shuffle=False), n_jobs=1
2026-05-27 14:41:50,338:INFO:Calculating mean and std
2026-05-27 14:41:50,340:INFO:Creating metrics dataframe
2026-05-27 14:41:50,344:INFO:Uploading results into container
2026-05-27 14:41:50,345:INFO:Uploading model into container now
2026-05-27 14:41:50,346:INFO:_master_model_container: 2
2026-05-27 14:41:50,346:INFO:_display_container: 2
2026-05-27 14:41:50,346:INFO:KNeighborsClassifier(algorithm='auto', leaf_size=30, metric='minkowski',
                     metric_params=None, n_jobs=-1, n_neighbors=5, p=2,
                     weights='uniform')
2026-05-27 14:41:50,347:INFO:create_model() successfully completed......................................
2026-05-27 14:41:50,674:INFO:SubProcess create_model() end ==================================
2026-05-27 14:41:50,674:INFO:Creating metrics dataframe
2026-05-27 14:41:50,678:INFO:Initializing Naive Bayes
2026-05-27 14:41:50,678:INFO:Total runtime is 0.24253918329874674 minutes
2026-05-27 14:41:50,678:INFO:SubProcess create_model() called ==================================
2026-05-27 14:41:50,679:INFO:Initializing create_model()
2026-05-27 14:41:50,679:INFO:create_model(self=<pycaret.classification.oop.ClassificationExperiment object at 0x000001D316B7BC10>, estimator=nb, fold=StratifiedKFold(n_splits=10, random_state=None, shuffle=False), round=4, cross_validation=True, predict=True, fit_kwargs={}, groups=None, refit=False, probability_threshold=None, experiment_custom_tags=None, verbose=False, system=False, add_to_model_list=True, metrics=None, display=<pycaret.internal.display.display.CommonDisplay object at 0x000001D2E320A650>, model_only=True, return_train_score=False, error_score=0.0, kwargs={})
2026-05-27 14:41:50,679:INFO:Checking exceptions
2026-05-27 14:41:50,679:INFO:Importing libraries
2026-05-27 14:41:50,679:INFO:Copying training dataset
2026-05-27 14:41:50,743:INFO:Defining folds
2026-05-27 14:41:50,743:INFO:Declaring metric variables
2026-05-27 14:41:50,743:INFO:Importing untrained model
2026-05-27 14:41:50,743:INFO:Naive Bayes Imported successfully
2026-05-27 14:41:50,744:INFO:Starting cross validation
2026-05-27 14:41:50,744:INFO:Cross validating with StratifiedKFold(n_splits=10, random_state=None, shuffle=False), n_jobs=1
2026-05-27 14:41:52,211:INFO:Calculating mean and std
2026-05-27 14:41:52,212:INFO:Creating metrics dataframe
2026-05-27 14:41:52,213:INFO:Uploading results into container
2026-05-27 14:41:52,214:INFO:Uploading model into container now
2026-05-27 14:41:52,214:INFO:_master_model_container: 3
2026-05-27 14:41:52,215:INFO:_display_container: 2
2026-05-27 14:41:52,215:INFO:GaussianNB(priors=None, var_smoothing=1e-09)
2026-05-27 14:41:52,215:INFO:create_model() successfully completed......................................
2026-05-27 14:41:52,504:INFO:SubProcess create_model() end ==================================
2026-05-27 14:41:52,504:INFO:Creating metrics dataframe
2026-05-27 14:41:52,505:INFO:Initializing Decision Tree Classifier
2026-05-27 14:41:52,506:INFO:Total runtime is 0.2730155984560649 minutes
2026-05-27 14:41:52,506:INFO:SubProcess create_model() called ==================================
2026-05-27 14:41:52,506:INFO:Initializing create_model()
2026-05-27 14:41:52,506:INFO:create_model(self=<pycaret.classification.oop.ClassificationExperiment object at 0x000001D316B7BC10>, estimator=dt, fold=StratifiedKFold(n_splits=10, random_state=None, shuffle=False), round=4, cross_validation=True, predict=True, fit_kwargs={}, groups=None, refit=False, probability_threshold=None, experiment_custom_tags=None, verbose=False, system=False, add_to_model_list=True, metrics=None, display=<pycaret.internal.display.display.CommonDisplay object at 0x000001D2E320A650>, model_only=True, return_train_score=False, error_score=0.0, kwargs={})
2026-05-27 14:41:52,507:INFO:Checking exceptions
2026-05-27 14:41:52,507:INFO:Importing libraries
2026-05-27 14:41:52,507:INFO:Copying training dataset
2026-05-27 14:41:52,567:INFO:Defining folds
2026-05-27 14:41:52,568:INFO:Declaring metric variables
2026-05-27 14:41:52,568:INFO:Importing untrained model
2026-05-27 14:41:52,568:INFO:Decision Tree Classifier Imported successfully
2026-05-27 14:41:52,568:INFO:Starting cross validation
2026-05-27 14:41:52,569:INFO:Cross validating with StratifiedKFold(n_splits=10, random_state=None, shuffle=False), n_jobs=1
2026-05-27 14:42:00,379:INFO:Calculating mean and std
2026-05-27 14:42:00,381:INFO:Creating metrics dataframe
2026-05-27 14:42:00,383:INFO:Uploading results into container
2026-05-27 14:42:00,384:INFO:Uploading model into container now
2026-05-27 14:42:00,385:INFO:_master_model_container: 4
2026-05-27 14:42:00,385:INFO:_display_container: 2
2026-05-27 14:42:00,385:INFO:DecisionTreeClassifier(ccp_alpha=0.0, class_weight=None, criterion='gini',
                       max_depth=None, max_features=None, max_leaf_nodes=None,
                       min_impurity_decrease=0.0, min_samples_leaf=1,
                       min_samples_split=2, min_weight_fraction_leaf=0.0,
                       monotonic_cst=None, random_state=123, splitter='best')
2026-05-27 14:42:00,385:INFO:create_model() successfully completed......................................
2026-05-27 14:42:00,701:INFO:SubProcess create_model() end ==================================
2026-05-27 14:42:00,701:INFO:Creating metrics dataframe
2026-05-27 14:42:00,704:INFO:Initializing SVM - Linear Kernel
2026-05-27 14:42:00,704:INFO:Total runtime is 0.40964478651682534 minutes
2026-05-27 14:42:00,704:INFO:SubProcess create_model() called ==================================
2026-05-27 14:42:00,704:INFO:Initializing create_model()
2026-05-27 14:42:00,704:INFO:create_model(self=<pycaret.classification.oop.ClassificationExperiment object at 0x000001D316B7BC10>, estimator=svm, fold=StratifiedKFold(n_splits=10, random_state=None, shuffle=False), round=4, cross_validation=True, predict=True, fit_kwargs={}, groups=None, refit=False, probability_threshold=None, experiment_custom_tags=None, verbose=False, system=False, add_to_model_list=True, metrics=None, display=<pycaret.internal.display.display.CommonDisplay object at 0x000001D2E320A650>, model_only=True, return_train_score=False, error_score=0.0, kwargs={})
2026-05-27 14:42:00,704:INFO:Checking exceptions
2026-05-27 14:42:00,704:INFO:Importing libraries
2026-05-27 14:42:00,705:INFO:Copying training dataset
2026-05-27 14:42:00,766:INFO:Defining folds
2026-05-27 14:42:00,772:INFO:Declaring metric variables
2026-05-27 14:42:00,774:INFO:Importing untrained model
2026-05-27 14:42:00,775:INFO:SVM - Linear Kernel Imported successfully
2026-05-27 14:42:00,775:INFO:Starting cross validation
2026-05-27 14:42:00,776:INFO:Cross validating with StratifiedKFold(n_splits=10, random_state=None, shuffle=False), n_jobs=1
2026-05-27 14:42:05,954:INFO:Calculating mean and std
2026-05-27 14:42:05,955:INFO:Creating metrics dataframe
2026-05-27 14:42:05,958:INFO:Uploading results into container
2026-05-27 14:42:05,958:INFO:Uploading model into container now
2026-05-27 14:42:05,959:INFO:_master_model_container: 5
2026-05-27 14:42:05,959:INFO:_display_container: 2
2026-05-27 14:42:05,960:INFO:SGDClassifier(alpha=0.0001, average=False, class_weight=None,
              early_stopping=False, epsilon=0.1, eta0=0.001, fit_intercept=True,
              l1_ratio=0.15, learning_rate='optimal', loss='hinge',
              max_iter=1000, n_iter_no_change=5, n_jobs=-1, penalty='l2',
              power_t=0.5, random_state=123, shuffle=True, tol=0.001,
              validation_fraction=0.1, verbose=0, warm_start=False)
2026-05-27 14:42:05,960:INFO:create_model() successfully completed......................................
2026-05-27 14:42:06,268:INFO:SubProcess create_model() end ==================================
2026-05-27 14:42:06,268:INFO:Creating metrics dataframe
2026-05-27 14:42:06,271:INFO:Initializing Ridge Classifier
2026-05-27 14:42:06,271:INFO:Total runtime is 0.5024251619974772 minutes
2026-05-27 14:42:06,271:INFO:SubProcess create_model() called ==================================
2026-05-27 14:42:06,271:INFO:Initializing create_model()
2026-05-27 14:42:06,271:INFO:create_model(self=<pycaret.classification.oop.ClassificationExperiment object at 0x000001D316B7BC10>, estimator=ridge, fold=StratifiedKFold(n_splits=10, random_state=None, shuffle=False), round=4, cross_validation=True, predict=True, fit_kwargs={}, groups=None, refit=False, probability_threshold=None, experiment_custom_tags=None, verbose=False, system=False, add_to_model_list=True, metrics=None, display=<pycaret.internal.display.display.CommonDisplay object at 0x000001D2E320A650>, model_only=True, return_train_score=False, error_score=0.0, kwargs={})
2026-05-27 14:42:06,271:INFO:Checking exceptions
2026-05-27 14:42:06,271:INFO:Importing libraries
2026-05-27 14:42:06,271:INFO:Copying training dataset
2026-05-27 14:42:06,339:INFO:Defining folds
2026-05-27 14:42:06,340:INFO:Declaring metric variables
2026-05-27 14:42:06,340:INFO:Importing untrained model
2026-05-27 14:42:06,341:INFO:Ridge Classifier Imported successfully
2026-05-27 14:42:06,342:INFO:Starting cross validation
2026-05-27 14:42:06,343:INFO:Cross validating with StratifiedKFold(n_splits=10, random_state=None, shuffle=False), n_jobs=1
2026-05-27 14:42:07,746:INFO:Calculating mean and std
2026-05-27 14:42:07,748:INFO:Creating metrics dataframe
2026-05-27 14:42:07,752:INFO:Uploading results into container
2026-05-27 14:42:07,755:INFO:Uploading model into container now
2026-05-27 14:42:07,758:INFO:_master_model_container: 6
2026-05-27 14:42:07,758:INFO:_display_container: 2
2026-05-27 14:42:07,759:INFO:RidgeClassifier(alpha=1.0, class_weight=None, copy_X=True, fit_intercept=True,
                max_iter=None, positive=False, random_state=123, solver='auto',
                tol=0.0001)
2026-05-27 14:42:07,759:INFO:create_model() successfully completed......................................
2026-05-27 14:42:08,082:INFO:SubProcess create_model() end ==================================
2026-05-27 14:42:08,082:INFO:Creating metrics dataframe
2026-05-27 14:42:08,084:INFO:Initializing Random Forest Classifier
2026-05-27 14:42:08,084:INFO:Total runtime is 0.5326518972714742 minutes
2026-05-27 14:42:08,085:INFO:SubProcess create_model() called ==================================
2026-05-27 14:42:08,085:INFO:Initializing create_model()
2026-05-27 14:42:08,085:INFO:create_model(self=<pycaret.classification.oop.ClassificationExperiment object at 0x000001D316B7BC10>, estimator=rf, fold=StratifiedKFold(n_splits=10, random_state=None, shuffle=False), round=4, cross_validation=True, predict=True, fit_kwargs={}, groups=None, refit=False, probability_threshold=None, experiment_custom_tags=None, verbose=False, system=False, add_to_model_list=True, metrics=None, display=<pycaret.internal.display.display.CommonDisplay object at 0x000001D2E320A650>, model_only=True, return_train_score=False, error_score=0.0, kwargs={})
2026-05-27 14:42:08,085:INFO:Checking exceptions
2026-05-27 14:42:08,085:INFO:Importing libraries
2026-05-27 14:42:08,085:INFO:Copying training dataset
2026-05-27 14:42:08,148:INFO:Defining folds
2026-05-27 14:42:08,148:INFO:Declaring metric variables
2026-05-27 14:42:08,148:INFO:Importing untrained model
2026-05-27 14:42:08,149:INFO:Random Forest Classifier Imported successfully
2026-05-27 14:42:08,149:INFO:Starting cross validation
2026-05-27 14:42:08,150:INFO:Cross validating with StratifiedKFold(n_splits=10, random_state=None, shuffle=False), n_jobs=1
2026-05-27 14:42:23,853:INFO:Calculating mean and std
2026-05-27 14:42:23,857:INFO:Creating metrics dataframe
2026-05-27 14:42:23,858:INFO:Uploading results into container
2026-05-27 14:42:23,859:INFO:Uploading model into container now
2026-05-27 14:42:23,859:INFO:_master_model_container: 7
2026-05-27 14:42:23,859:INFO:_display_container: 2
2026-05-27 14:42:23,860:INFO:RandomForestClassifier(bootstrap=True, ccp_alpha=0.0, class_weight=None,
                       criterion='gini', max_depth=None, max_features='sqrt',
                       max_leaf_nodes=None, max_samples=None,
                       min_impurity_decrease=0.0, min_samples_leaf=1,
                       min_samples_split=2, min_weight_fraction_leaf=0.0,
                       monotonic_cst=None, n_estimators=100, n_jobs=-1,
                       oob_score=False, random_state=123, verbose=0,
                       warm_start=False)
2026-05-27 14:42:23,860:INFO:create_model() successfully completed......................................
2026-05-27 14:42:24,208:INFO:SubProcess create_model() end ==================================
2026-05-27 14:42:24,208:INFO:Creating metrics dataframe
2026-05-27 14:42:24,210:INFO:Initializing Quadratic Discriminant Analysis
2026-05-27 14:42:24,210:INFO:Total runtime is 0.8014084378878276 minutes
2026-05-27 14:42:24,211:INFO:SubProcess create_model() called ==================================
2026-05-27 14:42:24,211:INFO:Initializing create_model()
2026-05-27 14:42:24,211:INFO:create_model(self=<pycaret.classification.oop.ClassificationExperiment object at 0x000001D316B7BC10>, estimator=qda, fold=StratifiedKFold(n_splits=10, random_state=None, shuffle=False), round=4, cross_validation=True, predict=True, fit_kwargs={}, groups=None, refit=False, probability_threshold=None, experiment_custom_tags=None, verbose=False, system=False, add_to_model_list=True, metrics=None, display=<pycaret.internal.display.display.CommonDisplay object at 0x000001D2E320A650>, model_only=True, return_train_score=False, error_score=0.0, kwargs={})
2026-05-27 14:42:24,211:INFO:Checking exceptions
2026-05-27 14:42:24,211:INFO:Importing libraries
2026-05-27 14:42:24,211:INFO:Copying training dataset
2026-05-27 14:42:24,283:INFO:Defining folds
2026-05-27 14:42:24,283:INFO:Declaring metric variables
2026-05-27 14:42:24,283:INFO:Importing untrained model
2026-05-27 14:42:24,284:INFO:Quadratic Discriminant Analysis Imported successfully
2026-05-27 14:42:24,284:INFO:Starting cross validation
2026-05-27 14:42:24,286:INFO:Cross validating with StratifiedKFold(n_splits=10, random_state=None, shuffle=False), n_jobs=1
2026-05-27 14:42:27,067:INFO:Calculating mean and std
2026-05-27 14:42:27,069:INFO:Creating metrics dataframe
2026-05-27 14:42:27,070:INFO:Uploading results into container
2026-05-27 14:42:27,071:INFO:Uploading model into container now
2026-05-27 14:42:27,071:INFO:_master_model_container: 8
2026-05-27 14:42:27,071:INFO:_display_container: 2
2026-05-27 14:42:27,072:INFO:QuadraticDiscriminantAnalysis(priors=None, reg_param=0.0,
                              store_covariance=False, tol=0.0001)
2026-05-27 14:42:27,072:INFO:create_model() successfully completed......................................
2026-05-27 14:42:27,371:INFO:SubProcess create_model() end ==================================
2026-05-27 14:42:27,371:INFO:Creating metrics dataframe
2026-05-27 14:42:27,373:INFO:Initializing Ada Boost Classifier
2026-05-27 14:42:27,374:INFO:Total runtime is 0.8541529734929403 minutes
2026-05-27 14:42:27,374:INFO:SubProcess create_model() called ==================================
2026-05-27 14:42:27,374:INFO:Initializing create_model()
2026-05-27 14:42:27,374:INFO:create_model(self=<pycaret.classification.oop.ClassificationExperiment object at 0x000001D316B7BC10>, estimator=ada, fold=StratifiedKFold(n_splits=10, random_state=None, shuffle=False), round=4, cross_validation=True, predict=True, fit_kwargs={}, groups=None, refit=False, probability_threshold=None, experiment_custom_tags=None, verbose=False, system=False, add_to_model_list=True, metrics=None, display=<pycaret.internal.display.display.CommonDisplay object at 0x000001D2E320A650>, model_only=True, return_train_score=False, error_score=0.0, kwargs={})
2026-05-27 14:42:27,374:INFO:Checking exceptions
2026-05-27 14:42:27,374:INFO:Importing libraries
2026-05-27 14:42:27,374:INFO:Copying training dataset
2026-05-27 14:42:27,435:INFO:Defining folds
2026-05-27 14:42:27,435:INFO:Declaring metric variables
2026-05-27 14:42:27,435:INFO:Importing untrained model
2026-05-27 14:42:27,437:INFO:Ada Boost Classifier Imported successfully
2026-05-27 14:42:27,437:INFO:Starting cross validation
2026-05-27 14:42:27,438:INFO:Cross validating with StratifiedKFold(n_splits=10, random_state=None, shuffle=False), n_jobs=1
2026-05-27 14:42:48,068:INFO:Calculating mean and std
2026-05-27 14:42:48,070:INFO:Creating metrics dataframe
2026-05-27 14:42:48,073:INFO:Uploading results into container
2026-05-27 14:42:48,074:INFO:Uploading model into container now
2026-05-27 14:42:48,074:INFO:_master_model_container: 9
2026-05-27 14:42:48,074:INFO:_display_container: 2
2026-05-27 14:42:48,076:INFO:AdaBoostClassifier(algorithm='SAMME.R', estimator=None, learning_rate=1.0,
                   n_estimators=50, random_state=123)
2026-05-27 14:42:48,076:INFO:create_model() successfully completed......................................
2026-05-27 14:42:48,374:INFO:SubProcess create_model() end ==================================
2026-05-27 14:42:48,374:INFO:Creating metrics dataframe
2026-05-27 14:42:48,376:INFO:Initializing Gradient Boosting Classifier
2026-05-27 14:42:48,376:INFO:Total runtime is 1.204182767868042 minutes
2026-05-27 14:42:48,377:INFO:SubProcess create_model() called ==================================
2026-05-27 14:42:48,377:INFO:Initializing create_model()
2026-05-27 14:42:48,377:INFO:create_model(self=<pycaret.classification.oop.ClassificationExperiment object at 0x000001D316B7BC10>, estimator=gbc, fold=StratifiedKFold(n_splits=10, random_state=None, shuffle=False), round=4, cross_validation=True, predict=True, fit_kwargs={}, groups=None, refit=False, probability_threshold=None, experiment_custom_tags=None, verbose=False, system=False, add_to_model_list=True, metrics=None, display=<pycaret.internal.display.display.CommonDisplay object at 0x000001D2E320A650>, model_only=True, return_train_score=False, error_score=0.0, kwargs={})
2026-05-27 14:42:48,377:INFO:Checking exceptions
2026-05-27 14:42:48,377:INFO:Importing libraries
2026-05-27 14:42:48,377:INFO:Copying training dataset
2026-05-27 14:42:48,438:INFO:Defining folds
2026-05-27 14:42:48,438:INFO:Declaring metric variables
2026-05-27 14:42:48,438:INFO:Importing untrained model
2026-05-27 14:42:48,438:INFO:Gradient Boosting Classifier Imported successfully
2026-05-27 14:42:48,439:INFO:Starting cross validation
2026-05-27 14:42:48,440:INFO:Cross validating with StratifiedKFold(n_splits=10, random_state=None, shuffle=False), n_jobs=1
2026-05-27 14:44:04,812:INFO:Calculating mean and std
2026-05-27 14:44:04,814:INFO:Creating metrics dataframe
2026-05-27 14:44:04,826:INFO:Uploading results into container
2026-05-27 14:44:04,827:INFO:Uploading model into container now
2026-05-27 14:44:04,828:INFO:_master_model_container: 10
2026-05-27 14:44:04,828:INFO:_display_container: 2
2026-05-27 14:44:04,829:INFO:GradientBoostingClassifier(ccp_alpha=0.0, criterion='friedman_mse', init=None,
                           learning_rate=0.1, loss='log_loss', max_depth=3,
                           max_features=None, max_leaf_nodes=None,
                           min_impurity_decrease=0.0, min_samples_leaf=1,
                           min_samples_split=2, min_weight_fraction_leaf=0.0,
                           n_estimators=100, n_iter_no_change=None,
                           random_state=123, subsample=1.0, tol=0.0001,
                           validation_fraction=0.1, verbose=0,
                           warm_start=False)
2026-05-27 14:44:04,829:INFO:create_model() successfully completed......................................
2026-05-27 14:44:05,139:INFO:SubProcess create_model() end ==================================
2026-05-27 14:44:05,139:INFO:Creating metrics dataframe
2026-05-27 14:44:05,141:INFO:Initializing Linear Discriminant Analysis
2026-05-27 14:44:05,142:INFO:Total runtime is 2.483612835407257 minutes
2026-05-27 14:44:05,142:INFO:SubProcess create_model() called ==================================
2026-05-27 14:44:05,142:INFO:Initializing create_model()
2026-05-27 14:44:05,142:INFO:create_model(self=<pycaret.classification.oop.ClassificationExperiment object at 0x000001D316B7BC10>, estimator=lda, fold=StratifiedKFold(n_splits=10, random_state=None, shuffle=False), round=4, cross_validation=True, predict=True, fit_kwargs={}, groups=None, refit=False, probability_threshold=None, experiment_custom_tags=None, verbose=False, system=False, add_to_model_list=True, metrics=None, display=<pycaret.internal.display.display.CommonDisplay object at 0x000001D2E320A650>, model_only=True, return_train_score=False, error_score=0.0, kwargs={})
2026-05-27 14:44:05,142:INFO:Checking exceptions
2026-05-27 14:44:05,143:INFO:Importing libraries
2026-05-27 14:44:05,143:INFO:Copying training dataset
2026-05-27 14:44:05,204:INFO:Defining folds
2026-05-27 14:44:05,205:INFO:Declaring metric variables
2026-05-27 14:44:05,205:INFO:Importing untrained model
2026-05-27 14:44:05,205:INFO:Linear Discriminant Analysis Imported successfully
2026-05-27 14:44:05,205:INFO:Starting cross validation
2026-05-27 14:44:05,207:INFO:Cross validating with StratifiedKFold(n_splits=10, random_state=None, shuffle=False), n_jobs=1
2026-05-27 14:44:07,593:INFO:Calculating mean and std
2026-05-27 14:44:07,594:INFO:Creating metrics dataframe
2026-05-27 14:44:07,596:INFO:Uploading results into container
2026-05-27 14:44:07,597:INFO:Uploading model into container now
2026-05-27 14:44:07,597:INFO:_master_model_container: 11
2026-05-27 14:44:07,598:INFO:_display_container: 2
2026-05-27 14:44:07,598:INFO:LinearDiscriminantAnalysis(covariance_estimator=None, n_components=None,
                           priors=None, shrinkage=None, solver='svd',
                           store_covariance=False, tol=0.0001)
2026-05-27 14:44:07,599:INFO:create_model() successfully completed......................................
2026-05-27 14:44:07,903:INFO:SubProcess create_model() end ==================================
2026-05-27 14:44:07,904:INFO:Creating metrics dataframe
2026-05-27 14:44:07,906:INFO:Initializing Extra Trees Classifier
2026-05-27 14:44:07,906:INFO:Total runtime is 2.5296847462654113 minutes
2026-05-27 14:44:07,906:INFO:SubProcess create_model() called ==================================
2026-05-27 14:44:07,907:INFO:Initializing create_model()
2026-05-27 14:44:07,907:INFO:create_model(self=<pycaret.classification.oop.ClassificationExperiment object at 0x000001D316B7BC10>, estimator=et, fold=StratifiedKFold(n_splits=10, random_state=None, shuffle=False), round=4, cross_validation=True, predict=True, fit_kwargs={}, groups=None, refit=False, probability_threshold=None, experiment_custom_tags=None, verbose=False, system=False, add_to_model_list=True, metrics=None, display=<pycaret.internal.display.display.CommonDisplay object at 0x000001D2E320A650>, model_only=True, return_train_score=False, error_score=0.0, kwargs={})
2026-05-27 14:44:07,907:INFO:Checking exceptions
2026-05-27 14:44:07,907:INFO:Importing libraries
2026-05-27 14:44:07,907:INFO:Copying training dataset
2026-05-27 14:44:07,972:INFO:Defining folds
2026-05-27 14:44:07,973:INFO:Declaring metric variables
2026-05-27 14:44:07,973:INFO:Importing untrained model
2026-05-27 14:44:07,973:INFO:Extra Trees Classifier Imported successfully
2026-05-27 14:44:07,973:INFO:Starting cross validation
2026-05-27 14:44:07,975:INFO:Cross validating with StratifiedKFold(n_splits=10, random_state=None, shuffle=False), n_jobs=1
2026-05-27 14:44:23,407:INFO:Calculating mean and std
2026-05-27 14:44:23,410:INFO:Creating metrics dataframe
2026-05-27 14:44:23,412:INFO:Uploading results into container
2026-05-27 14:44:23,413:INFO:Uploading model into container now
2026-05-27 14:44:23,414:INFO:_master_model_container: 12
2026-05-27 14:44:23,414:INFO:_display_container: 2
2026-05-27 14:44:23,414:INFO:ExtraTreesClassifier(bootstrap=False, ccp_alpha=0.0, class_weight=None,
                     criterion='gini', max_depth=None, max_features='sqrt',
                     max_leaf_nodes=None, max_samples=None,
                     min_impurity_decrease=0.0, min_samples_leaf=1,
                     min_samples_split=2, min_weight_fraction_leaf=0.0,
                     monotonic_cst=None, n_estimators=100, n_jobs=-1,
                     oob_score=False, random_state=123, verbose=0,
                     warm_start=False)
2026-05-27 14:44:23,414:INFO:create_model() successfully completed......................................
2026-05-27 14:44:23,726:INFO:SubProcess create_model() end ==================================
2026-05-27 14:44:23,726:INFO:Creating metrics dataframe
2026-05-27 14:44:23,730:INFO:Initializing Extreme Gradient Boosting
2026-05-27 14:44:23,730:INFO:Total runtime is 2.7934099197387696 minutes
2026-05-27 14:44:23,730:INFO:SubProcess create_model() called ==================================
2026-05-27 14:44:23,730:INFO:Initializing create_model()
2026-05-27 14:44:23,730:INFO:create_model(self=<pycaret.classification.oop.ClassificationExperiment object at 0x000001D316B7BC10>, estimator=xgboost, fold=StratifiedKFold(n_splits=10, random_state=None, shuffle=False), round=4, cross_validation=True, predict=True, fit_kwargs={}, groups=None, refit=False, probability_threshold=None, experiment_custom_tags=None, verbose=False, system=False, add_to_model_list=True, metrics=None, display=<pycaret.internal.display.display.CommonDisplay object at 0x000001D2E320A650>, model_only=True, return_train_score=False, error_score=0.0, kwargs={})
2026-05-27 14:44:23,730:INFO:Checking exceptions
2026-05-27 14:44:23,730:INFO:Importing libraries
2026-05-27 14:44:23,730:INFO:Copying training dataset
2026-05-27 14:44:23,793:INFO:Defining folds
2026-05-27 14:44:23,793:INFO:Declaring metric variables
2026-05-27 14:44:23,793:INFO:Importing untrained model
2026-05-27 14:44:23,794:INFO:Extreme Gradient Boosting Imported successfully
2026-05-27 14:44:23,794:INFO:Starting cross validation
2026-05-27 14:44:23,796:INFO:Cross validating with StratifiedKFold(n_splits=10, random_state=None, shuffle=False), n_jobs=1
2026-05-27 14:44:45,673:INFO:Calculating mean and std
2026-05-27 14:44:45,675:INFO:Creating metrics dataframe
2026-05-27 14:44:45,678:INFO:Uploading results into container
2026-05-27 14:44:45,679:INFO:Uploading model into container now
2026-05-27 14:44:45,680:INFO:_master_model_container: 13
2026-05-27 14:44:45,681:INFO:_display_container: 2
2026-05-27 14:44:45,682:INFO:XGBClassifier(base_score=None, booster='gbtree', callbacks=None,
              colsample_bylevel=None, colsample_bynode=None,
              colsample_bytree=None, device='gpu', early_stopping_rounds=None,
              enable_categorical=False, eval_metric=None, feature_types=None,
              feature_weights=None, gamma=None, grow_policy=None,
              importance_type=None, interaction_constraints=None,
              learning_rate=None, max_bin=None, max_cat_threshold=None,
              max_cat_to_onehot=None, max_delta_step=None, max_depth=None,
              max_leaves=None, min_child_weight=None, missing=nan,
              monotone_constraints=None, multi_strategy=None, n_estimators=None,
              n_jobs=-1, num_parallel_tree=None, ...)
2026-05-27 14:44:45,683:INFO:create_model() successfully completed......................................
2026-05-27 14:44:46,002:INFO:SubProcess create_model() end ==================================
2026-05-27 14:44:46,002:INFO:Creating metrics dataframe
2026-05-27 14:44:46,005:INFO:Initializing Light Gradient Boosting Machine
2026-05-27 14:44:46,005:INFO:Total runtime is 3.1646624485651653 minutes
2026-05-27 14:44:46,005:INFO:SubProcess create_model() called ==================================
2026-05-27 14:44:46,005:INFO:Initializing create_model()
2026-05-27 14:44:46,005:INFO:create_model(self=<pycaret.classification.oop.ClassificationExperiment object at 0x000001D316B7BC10>, estimator=lightgbm, fold=StratifiedKFold(n_splits=10, random_state=None, shuffle=False), round=4, cross_validation=True, predict=True, fit_kwargs={}, groups=None, refit=False, probability_threshold=None, experiment_custom_tags=None, verbose=False, system=False, add_to_model_list=True, metrics=None, display=<pycaret.internal.display.display.CommonDisplay object at 0x000001D2E320A650>, model_only=True, return_train_score=False, error_score=0.0, kwargs={})
2026-05-27 14:44:46,005:INFO:Checking exceptions
2026-05-27 14:44:46,005:INFO:Importing libraries
2026-05-27 14:44:46,005:INFO:Copying training dataset
2026-05-27 14:44:46,068:INFO:Defining folds
2026-05-27 14:44:46,069:INFO:Declaring metric variables
2026-05-27 14:44:46,069:INFO:Importing untrained model
2026-05-27 14:44:46,069:INFO:Light Gradient Boosting Machine Imported successfully
2026-05-27 14:44:46,070:INFO:Starting cross validation
2026-05-27 14:44:46,072:INFO:Cross validating with StratifiedKFold(n_splits=10, random_state=None, shuffle=False), n_jobs=1
2026-05-27 14:45:05,845:INFO:Calculating mean and std
2026-05-27 14:45:05,847:INFO:Creating metrics dataframe
2026-05-27 14:45:05,851:INFO:Uploading results into container
2026-05-27 14:45:05,852:INFO:Uploading model into container now
2026-05-27 14:45:05,854:INFO:_master_model_container: 14
2026-05-27 14:45:05,854:INFO:_display_container: 2
2026-05-27 14:45:05,855:INFO:LGBMClassifier(boosting_type='gbdt', class_weight=None, colsample_bytree=1.0,
               device='gpu', importance_type='split', learning_rate=0.1,
               max_depth=-1, min_child_samples=20, min_child_weight=0.001,
               min_split_gain=0.0, n_estimators=100, n_jobs=-1, num_leaves=31,
               objective=None, random_state=123, reg_alpha=0.0, reg_lambda=0.0,
               subsample=1.0, subsample_for_bin=200000, subsample_freq=0)
2026-05-27 14:45:05,856:INFO:create_model() successfully completed......................................
2026-05-27 14:45:06,167:INFO:SubProcess create_model() end ==================================
2026-05-27 14:45:06,167:INFO:Creating metrics dataframe
2026-05-27 14:45:06,169:INFO:Initializing CatBoost Classifier
2026-05-27 14:45:06,169:INFO:Total runtime is 3.5007241129875184 minutes
2026-05-27 14:45:06,169:INFO:SubProcess create_model() called ==================================
2026-05-27 14:45:06,170:INFO:Initializing create_model()
2026-05-27 14:45:06,170:INFO:create_model(self=<pycaret.classification.oop.ClassificationExperiment object at 0x000001D316B7BC10>, estimator=catboost, fold=StratifiedKFold(n_splits=10, random_state=None, shuffle=False), round=4, cross_validation=True, predict=True, fit_kwargs={}, groups=None, refit=False, probability_threshold=None, experiment_custom_tags=None, verbose=False, system=False, add_to_model_list=True, metrics=None, display=<pycaret.internal.display.display.CommonDisplay object at 0x000001D2E320A650>, model_only=True, return_train_score=False, error_score=0.0, kwargs={})
2026-05-27 14:45:06,170:INFO:Checking exceptions
2026-05-27 14:45:06,170:INFO:Importing libraries
2026-05-27 14:45:06,170:INFO:Copying training dataset
2026-05-27 14:45:06,234:INFO:Defining folds
2026-05-27 14:45:06,234:INFO:Declaring metric variables
2026-05-27 14:45:06,234:INFO:Importing untrained model
2026-05-27 14:45:06,234:INFO:CatBoost Classifier Imported successfully
2026-05-27 14:45:06,236:INFO:Starting cross validation
2026-05-27 14:45:06,237:INFO:Cross validating with StratifiedKFold(n_splits=10, random_state=None, shuffle=False), n_jobs=1
2026-05-27 14:45:06,355:WARNING:Warning: less than 75% GPU memory available for training. Free: 442.75 Total: 4095.6875
2026-05-27 14:47:36,449:WARNING:Warning: less than 75% GPU memory available for training. Free: 442.75 Total: 4095.6875
2026-05-27 14:50:24,171:WARNING:Warning: less than 75% GPU memory available for training. Free: 442.75 Total: 4095.6875
2026-05-27 14:53:18,151:WARNING:Warning: less than 75% GPU memory available for training. Free: 442.75 Total: 4095.6875
2026-05-27 14:56:06,715:WARNING:Warning: less than 75% GPU memory available for training. Free: 442.75 Total: 4095.6875
2026-05-27 14:58:41,439:WARNING:Warning: less than 75% GPU memory available for training. Free: 442.75 Total: 4095.6875
2026-05-27 15:01:29,032:WARNING:Warning: less than 75% GPU memory available for training. Free: 442.75 Total: 4095.6875
2026-05-27 15:03:56,406:WARNING:Warning: less than 75% GPU memory available for training. Free: 442.75 Total: 4095.6875
2026-05-27 15:06:34,158:WARNING:Warning: less than 75% GPU memory available for training. Free: 442.75 Total: 4095.6875
2026-05-27 15:09:44,021:WARNING:Warning: less than 75% GPU memory available for training. Free: 442.75 Total: 4095.6875
2026-05-27 15:12:00,491:INFO:Calculating mean and std
2026-05-27 15:12:00,492:INFO:Creating metrics dataframe
2026-05-27 15:12:00,496:INFO:Uploading results into container
2026-05-27 15:12:00,497:INFO:Uploading model into container now
2026-05-27 15:12:00,498:INFO:_master_model_container: 15
2026-05-27 15:12:00,498:INFO:_display_container: 2
2026-05-27 15:12:00,498:INFO:CatBoostClassifier(border_count=32, random_state=123, task_type='GPU', verbose=False)
2026-05-27 15:12:00,498:INFO:create_model() successfully completed......................................
2026-05-27 15:12:03,608:INFO:SubProcess create_model() end ==================================
2026-05-27 15:12:03,610:INFO:Creating metrics dataframe
2026-05-27 15:12:03,658:INFO:Initializing Dummy Classifier
2026-05-27 15:12:03,660:INFO:Total runtime is 30.458902819951376 minutes
2026-05-27 15:12:03,663:INFO:SubProcess create_model() called ==================================
2026-05-27 15:12:03,671:INFO:Initializing create_model()
2026-05-27 15:12:03,671:INFO:create_model(self=<pycaret.classification.oop.ClassificationExperiment object at 0x000001D316B7BC10>, estimator=dummy, fold=StratifiedKFold(n_splits=10, random_state=None, shuffle=False), round=4, cross_validation=True, predict=True, fit_kwargs={}, groups=None, refit=False, probability_threshold=None, experiment_custom_tags=None, verbose=False, system=False, add_to_model_list=True, metrics=None, display=<pycaret.internal.display.display.CommonDisplay object at 0x000001D2E320A650>, model_only=True, return_train_score=False, error_score=0.0, kwargs={})
2026-05-27 15:12:03,673:INFO:Checking exceptions
2026-05-27 15:12:03,673:INFO:Importing libraries
2026-05-27 15:12:03,674:INFO:Copying training dataset
2026-05-27 15:12:05,902:INFO:Defining folds
2026-05-27 15:12:05,903:INFO:Declaring metric variables
2026-05-27 15:12:05,969:INFO:Importing untrained model
2026-05-27 15:12:05,975:INFO:Dummy Classifier Imported successfully
2026-05-27 15:12:05,979:INFO:Starting cross validation
2026-05-27 15:12:05,994:INFO:Cross validating with StratifiedKFold(n_splits=10, random_state=None, shuffle=False), n_jobs=1
2026-05-27 15:12:09,858:INFO:Calculating mean and std
2026-05-27 15:12:09,859:INFO:Creating metrics dataframe
2026-05-27 15:12:09,862:INFO:Uploading results into container
2026-05-27 15:12:09,862:INFO:Uploading model into container now
2026-05-27 15:12:09,863:INFO:_master_model_container: 16
2026-05-27 15:12:09,863:INFO:_display_container: 2
2026-05-27 15:12:09,864:INFO:DummyClassifier(constant=None, random_state=123, strategy='prior')
2026-05-27 15:12:09,864:INFO:create_model() successfully completed......................................
2026-05-27 15:12:10,254:INFO:SubProcess create_model() end ==================================
2026-05-27 15:12:10,254:INFO:Creating metrics dataframe
2026-05-27 15:12:10,260:INFO:Initializing create_model()
2026-05-27 15:12:10,260:INFO:create_model(self=<pycaret.classification.oop.ClassificationExperiment object at 0x000001D316B7BC10>, estimator=CatBoostClassifier(border_count=32, random_state=123, task_type='GPU', verbose=False), fold=StratifiedKFold(n_splits=10, random_state=None, shuffle=False), round=4, cross_validation=False, predict=False, fit_kwargs={}, groups=None, refit=True, probability_threshold=None, experiment_custom_tags=None, verbose=False, system=False, add_to_model_list=True, metrics=None, display=None, model_only=True, return_train_score=False, error_score=0.0, kwargs={})
2026-05-27 15:12:10,260:INFO:Checking exceptions
2026-05-27 15:12:10,261:INFO:Importing libraries
2026-05-27 15:12:10,261:INFO:Copying training dataset
2026-05-27 15:12:10,341:INFO:Defining folds
2026-05-27 15:12:10,341:INFO:Declaring metric variables
2026-05-27 15:12:10,341:INFO:Importing untrained model
2026-05-27 15:12:10,343:INFO:Declaring custom model
2026-05-27 15:12:10,343:INFO:CatBoost Classifier Imported successfully
2026-05-27 15:12:10,344:INFO:Cross validation set to False
2026-05-27 15:12:10,344:INFO:Fitting Model
2026-05-27 15:12:10,417:WARNING:Warning: less than 75% GPU memory available for training. Free: 442.75 Total: 4095.6875
2026-05-27 15:15:05,215:INFO:CatBoostClassifier(border_count=32, random_state=123, task_type='GPU', verbose=False)
2026-05-27 15:15:05,215:INFO:create_model() successfully completed......................................
2026-05-27 15:15:05,638:INFO:_master_model_container: 16
2026-05-27 15:15:05,638:INFO:_display_container: 2
2026-05-27 15:15:05,638:INFO:CatBoostClassifier(border_count=32, random_state=123, task_type='GPU', verbose=False)
2026-05-27 15:15:05,639:INFO:compare_models() successfully completed......................................
2026-05-27 16:20:49,982:WARNING:
'cuml' is a soft dependency and not included in the pycaret installation. Please run: `pip install cuml` to install.
2026-05-27 16:20:49,983:WARNING:
'cuml' is a soft dependency and not included in the pycaret installation. Please run: `pip install cuml` to install.
2026-05-27 16:20:49,983:WARNING:
'cuml' is a soft dependency and not included in the pycaret installation. Please run: `pip install cuml` to install.
2026-05-27 16:20:49,983:WARNING:
'cuml' is a soft dependency and not included in the pycaret installation. Please run: `pip install cuml` to install.
2026-05-27 16:20:50,371:INFO:PyCaret ClassificationExperiment
2026-05-27 16:20:50,371:INFO:Logging name: clf-default-name
2026-05-27 16:20:50,371:INFO:ML Usecase: MLUsecase.CLASSIFICATION
2026-05-27 16:20:50,371:INFO:version 3.3.2
2026-05-27 16:20:50,371:INFO:Initializing setup()
2026-05-27 16:20:50,371:INFO:self.USI: ab90
2026-05-27 16:20:50,372:INFO:self._variable_keys: {'seed', 'fold_groups_param', 'X_train', 'pipeline', 'fold_generator', 'memory', '_ml_usecase', 'USI', 'gpu_param', 'fold_shuffle_param', 'X', 'exp_name_log', 'target_param', 'html_param', 'fix_imbalance', 'n_jobs_param', 'y', 'exp_id', '_available_plots', 'y_test', 'logging_param', 'log_plots_param', 'gpu_n_jobs_param', 'X_test', 'data', 'is_multiclass', 'idx', 'y_train'}
2026-05-27 16:20:50,372:INFO:Checking environment
2026-05-27 16:20:50,372:INFO:python_version: 3.11.9
2026-05-27 16:20:50,372:INFO:python_build: ('tags/v3.11.9:de54cf5', 'Apr  2 2024 10:12:12')
2026-05-27 16:20:50,372:INFO:machine: AMD64
2026-05-27 16:20:50,372:INFO:platform: Windows-10-10.0.26200-SP0
2026-05-27 16:20:50,372:INFO:Memory: svmem(total=25087217664, available=6165676032, percent=75.4, used=18921541632, free=6165676032)
2026-05-27 16:20:50,372:INFO:Physical Core: 6
2026-05-27 16:20:50,372:INFO:Logical Core: 12
2026-05-27 16:20:50,372:INFO:Checking libraries
2026-05-27 16:20:50,372:INFO:System:
2026-05-27 16:20:50,372:INFO:    python: 3.11.9 (tags/v3.11.9:de54cf5, Apr  2 2024, 10:12:12) [MSC v.1938 64 bit (AMD64)]
2026-05-27 16:20:50,372:INFO:executable: c:\Users\HP\Documents\GitHub\ML-dating-app-behaviour\.venv\Scripts\python.exe
2026-05-27 16:20:50,372:INFO:   machine: Windows-10-10.0.26200-SP0
2026-05-27 16:20:50,372:INFO:PyCaret required dependencies:
2026-05-27 16:20:50,377:INFO:                 pip: 26.1.1
2026-05-27 16:20:50,377:INFO:          setuptools: 65.5.0
2026-05-27 16:20:50,378:INFO:             pycaret: 3.3.2
2026-05-27 16:20:50,378:INFO:             IPython: 9.13.0
2026-05-27 16:20:50,378:INFO:          ipywidgets: 8.1.8
2026-05-27 16:20:50,378:INFO:                tqdm: 4.67.3
2026-05-27 16:20:50,378:INFO:               numpy: 1.26.4
2026-05-27 16:20:50,378:INFO:              pandas: 2.1.4
2026-05-27 16:20:50,378:INFO:              jinja2: 3.1.6
2026-05-27 16:20:50,378:INFO:               scipy: 1.11.4
2026-05-27 16:20:50,378:INFO:              joblib: 1.3.2
2026-05-27 16:20:50,378:INFO:             sklearn: 1.4.2
2026-05-27 16:20:50,378:INFO:                pyod: 3.4.0
2026-05-27 16:20:50,378:INFO:            imblearn: 0.14.1
2026-05-27 16:20:50,378:INFO:   category_encoders: 2.7.0
2026-05-27 16:20:50,378:INFO:            lightgbm: 4.6.0
2026-05-27 16:20:50,378:INFO:               numba: 0.65.1
2026-05-27 16:20:50,378:INFO:            requests: 2.34.2
2026-05-27 16:20:50,378:INFO:          matplotlib: 3.7.5
2026-05-27 16:20:50,378:INFO:          scikitplot: 0.3.7
2026-05-27 16:20:50,378:INFO:         yellowbrick: 1.5
2026-05-27 16:20:50,378:INFO:              plotly: 6.7.0
2026-05-27 16:20:50,378:INFO:    plotly-resampler: Not installed
2026-05-27 16:20:50,378:INFO:             kaleido: 1.3.0
2026-05-27 16:20:50,378:INFO:           schemdraw: 0.15
2026-05-27 16:20:50,378:INFO:         statsmodels: 0.14.6
2026-05-27 16:20:50,378:INFO:              sktime: 0.26.0
2026-05-27 16:20:50,379:INFO:               tbats: 1.1.3
2026-05-27 16:20:50,379:INFO:            pmdarima: 2.0.4
2026-05-27 16:20:50,379:INFO:              psutil: 7.2.2
2026-05-27 16:20:50,379:INFO:          markupsafe: 3.0.3
2026-05-27 16:20:50,379:INFO:             pickle5: Not installed
2026-05-27 16:20:50,379:INFO:         cloudpickle: 3.1.2
2026-05-27 16:20:50,379:INFO:         deprecation: 2.1.0
2026-05-27 16:20:50,379:INFO:              xxhash: 3.6.0
2026-05-27 16:20:50,379:INFO:           wurlitzer: Not installed
2026-05-27 16:20:50,379:INFO:PyCaret optional dependencies:
2026-05-27 16:20:50,440:INFO:                shap: 0.49.1
2026-05-27 16:20:50,440:INFO:           interpret: Not installed
2026-05-27 16:20:50,440:INFO:                umap: Not installed
2026-05-27 16:20:50,440:INFO:     ydata_profiling: Not installed
2026-05-27 16:20:50,440:INFO:  explainerdashboard: Not installed
2026-05-27 16:20:50,440:INFO:             autoviz: Not installed
2026-05-27 16:20:50,440:INFO:           fairlearn: 0.13.0
2026-05-27 16:20:50,440:INFO:          deepchecks: Not installed
2026-05-27 16:20:50,440:INFO:             xgboost: 3.2.0
2026-05-27 16:20:50,440:INFO:            catboost: 1.2.10
2026-05-27 16:20:50,440:INFO:              kmodes: Not installed
2026-05-27 16:20:50,440:INFO:             mlxtend: Not installed
2026-05-27 16:20:50,440:INFO:       statsforecast: Not installed
2026-05-27 16:20:50,440:INFO:        tune_sklearn: Not installed
2026-05-27 16:20:50,440:INFO:                 ray: Not installed
2026-05-27 16:20:50,440:INFO:            hyperopt: Not installed
2026-05-27 16:20:50,441:INFO:              optuna: 4.8.0
2026-05-27 16:20:50,441:INFO:               skopt: Not installed
2026-05-27 16:20:50,441:INFO:              mlflow: Not installed
2026-05-27 16:20:50,441:INFO:              gradio: Not installed
2026-05-27 16:20:50,441:INFO:             fastapi: Not installed
2026-05-27 16:20:50,441:INFO:             uvicorn: 0.48.0
2026-05-27 16:20:50,441:INFO:              m2cgen: Not installed
2026-05-27 16:20:50,441:INFO:           evidently: Not installed
2026-05-27 16:20:50,441:INFO:               fugue: Not installed
2026-05-27 16:20:50,441:INFO:           streamlit: 1.57.0
2026-05-27 16:20:50,441:INFO:             prophet: Not installed
2026-05-27 16:20:50,441:INFO:None
2026-05-27 16:20:50,441:INFO:Set up GPU usage.
2026-05-27 16:20:50,441:WARNING:
'cuml' is a soft dependency and not included in the pycaret installation. Please run: `pip install cuml` to install.
2026-05-27 16:20:50,441:WARNING:cuML is outdated or not found. Required version is >=23.08.
                Please visit https://rapids.ai/install for installation instructions.
2026-05-27 16:20:50,441:INFO:Set up data.
2026-05-27 16:20:50,476:INFO:Set up folding strategy.
2026-05-27 16:20:50,476:INFO:Set up train/test split.
2026-05-27 16:20:50,529:INFO:Set up index.
2026-05-27 16:20:50,530:INFO:Assigning column types.
2026-05-27 16:20:50,578:INFO:Engine successfully changes for model 'lr' to 'sklearn'.
2026-05-27 16:20:50,578:WARNING:
'cuml' is a soft dependency and not included in the pycaret installation. Please run: `pip install cuml` to install.
2026-05-27 16:20:50,624:INFO:Engine for model 'knn' has not been set explicitly, hence returning None.
2026-05-27 16:20:50,624:WARNING:
'cuml' is a soft dependency and not included in the pycaret installation. Please run: `pip install cuml` to install.
2026-05-27 16:20:50,627:WARNING:
'cuml' is a soft dependency and not included in the pycaret installation. Please run: `pip install cuml` to install.
2026-05-27 16:20:50,628:INFO:Engine for model 'rbfsvm' has not been set explicitly, hence returning None.
2026-05-27 16:20:50,628:WARNING:
'cuml' is a soft dependency and not included in the pycaret installation. Please run: `pip install cuml` to install.
2026-05-27 16:20:50,651:WARNING:
'cuml' is a soft dependency and not included in the pycaret installation. Please run: `pip install cuml` to install.
2026-05-27 16:20:50,656:WARNING:
'cuml' is a soft dependency and not included in the pycaret installation. Please run: `pip install cuml` to install.
2026-05-27 16:20:50,659:INFO:Soft dependency imported: xgboost: 3.2.0
2026-05-27 16:20:51,426:INFO:Soft dependency imported: catboost: 1.2.10
2026-05-27 16:20:51,427:WARNING:
'cuml' is a soft dependency and not included in the pycaret installation. Please run: `pip install cuml` to install.
2026-05-27 16:20:51,482:INFO:Engine for model 'knn' has not been set explicitly, hence returning None.
2026-05-27 16:20:51,482:WARNING:
'cuml' is a soft dependency and not included in the pycaret installation. Please run: `pip install cuml` to install.
2026-05-27 16:20:51,483:WARNING:
'cuml' is a soft dependency and not included in the pycaret installation. Please run: `pip install cuml` to install.
2026-05-27 16:20:51,483:INFO:Engine for model 'rbfsvm' has not been set explicitly, hence returning None.
2026-05-27 16:20:51,483:WARNING:
'cuml' is a soft dependency and not included in the pycaret installation. Please run: `pip install cuml` to install.
2026-05-27 16:20:51,510:WARNING:
'cuml' is a soft dependency and not included in the pycaret installation. Please run: `pip install cuml` to install.
2026-05-27 16:20:51,515:WARNING:
'cuml' is a soft dependency and not included in the pycaret installation. Please run: `pip install cuml` to install.
2026-05-27 16:20:51,516:INFO:Soft dependency imported: xgboost: 3.2.0
2026-05-27 16:20:51,631:INFO:Soft dependency imported: catboost: 1.2.10
2026-05-27 16:20:51,632:INFO:Engine successfully changes for model 'knn' to 'sklearn'.
2026-05-27 16:20:51,632:WARNING:
'cuml' is a soft dependency and not included in the pycaret installation. Please run: `pip install cuml` to install.
2026-05-27 16:20:51,686:WARNING:
'cuml' is a soft dependency and not included in the pycaret installation. Please run: `pip install cuml` to install.
2026-05-27 16:20:51,686:WARNING:
'cuml' is a soft dependency and not included in the pycaret installation. Please run: `pip install cuml` to install.
2026-05-27 16:20:51,686:INFO:Engine for model 'rbfsvm' has not been set explicitly, hence returning None.
2026-05-27 16:20:51,686:WARNING:
'cuml' is a soft dependency and not included in the pycaret installation. Please run: `pip install cuml` to install.
2026-05-27 16:20:51,711:WARNING:
'cuml' is a soft dependency and not included in the pycaret installation. Please run: `pip install cuml` to install.
2026-05-27 16:20:51,716:WARNING:
'cuml' is a soft dependency and not included in the pycaret installation. Please run: `pip install cuml` to install.
2026-05-27 16:20:51,717:INFO:Soft dependency imported: xgboost: 3.2.0
2026-05-27 16:20:51,824:INFO:Soft dependency imported: catboost: 1.2.10
2026-05-27 16:20:51,824:WARNING:
'cuml' is a soft dependency and not included in the pycaret installation. Please run: `pip install cuml` to install.
2026-05-27 16:20:51,881:WARNING:
'cuml' is a soft dependency and not included in the pycaret installation. Please run: `pip install cuml` to install.
2026-05-27 16:20:51,881:WARNING:
'cuml' is a soft dependency and not included in the pycaret installation. Please run: `pip install cuml` to install.
2026-05-27 16:20:51,882:INFO:Engine for model 'rbfsvm' has not been set explicitly, hence returning None.
2026-05-27 16:20:51,882:WARNING:
'cuml' is a soft dependency and not included in the pycaret installation. Please run: `pip install cuml` to install.
2026-05-27 16:20:51,914:WARNING:
'cuml' is a soft dependency and not included in the pycaret installation. Please run: `pip install cuml` to install.
2026-05-27 16:20:51,921:WARNING:
'cuml' is a soft dependency and not included in the pycaret installation. Please run: `pip install cuml` to install.
2026-05-27 16:20:51,922:INFO:Soft dependency imported: xgboost: 3.2.0
2026-05-27 16:20:52,048:INFO:Soft dependency imported: catboost: 1.2.10
2026-05-27 16:20:52,049:INFO:Engine successfully changes for model 'rbfsvm' to 'sklearn'.
2026-05-27 16:20:52,049:WARNING:
'cuml' is a soft dependency and not included in the pycaret installation. Please run: `pip install cuml` to install.
2026-05-27 16:20:52,104:WARNING:
'cuml' is a soft dependency and not included in the pycaret installation. Please run: `pip install cuml` to install.
2026-05-27 16:20:52,105:WARNING:
'cuml' is a soft dependency and not included in the pycaret installation. Please run: `pip install cuml` to install.
2026-05-27 16:20:52,105:WARNING:
'cuml' is a soft dependency and not included in the pycaret installation. Please run: `pip install cuml` to install.
2026-05-27 16:20:52,139:WARNING:
'cuml' is a soft dependency and not included in the pycaret installation. Please run: `pip install cuml` to install.
2026-05-27 16:20:52,146:WARNING:
'cuml' is a soft dependency and not included in the pycaret installation. Please run: `pip install cuml` to install.
2026-05-27 16:20:52,147:INFO:Soft dependency imported: xgboost: 3.2.0
2026-05-27 16:20:52,256:INFO:Soft dependency imported: catboost: 1.2.10
2026-05-27 16:20:52,257:WARNING:
'cuml' is a soft dependency and not included in the pycaret installation. Please run: `pip install cuml` to install.
2026-05-27 16:20:52,751:WARNING:
'cuml' is a soft dependency and not included in the pycaret installation. Please run: `pip install cuml` to install.
2026-05-27 16:20:52,754:WARNING:
'cuml' is a soft dependency and not included in the pycaret installation. Please run: `pip install cuml` to install.
2026-05-27 16:20:52,771:WARNING:
'cuml' is a soft dependency and not included in the pycaret installation. Please run: `pip install cuml` to install.
2026-05-27 16:20:53,164:WARNING:
'cuml' is a soft dependency and not included in the pycaret installation. Please run: `pip install cuml` to install.
2026-05-27 16:20:53,228:WARNING:
'cuml' is a soft dependency and not included in the pycaret installation. Please run: `pip install cuml` to install.
2026-05-27 16:20:53,240:INFO:Soft dependency imported: xgboost: 3.2.0
2026-05-27 16:20:54,258:INFO:Soft dependency imported: catboost: 1.2.10
2026-05-27 16:20:54,284:INFO:Preparing preprocessing pipeline...
2026-05-27 16:20:54,411:INFO:Set up simple imputation.
2026-05-27 16:20:54,499:INFO:Set up column name cleaning.
2026-05-27 16:20:57,019:INFO:Finished creating preprocessing pipeline.
2026-05-27 16:20:57,081:INFO:Pipeline: Pipeline(memory=FastMemory(location=C:\Users\HP\AppData\Local\Temp\joblib),
         steps=[('numerical_imputer',
                 TransformerWrapper(exclude=None,
                                    include=['body_type_Average',
                                             'body_type_Muscular',
                                             'body_type_Slim', 'education_enc',
                                             'emoji_usage_rate', 'gender_Male',
                                             'gender_Non-binary',
                                             'gender_Prefer Not to Say',
                                             'interest_Anime',
                                             'interest_Binge-Watching',
                                             'interest_Bo...
                ('categorical_imputer',
                 TransformerWrapper(exclude=None, include=[],
                                    transformer=SimpleImputer(add_indicator=False,
                                                              copy=True,
                                                              fill_value=None,
                                                              keep_empty_features=False,
                                                              missing_values=nan,
                                                              strategy='most_frequent'))),
                ('clean_column_names',
                 TransformerWrapper(exclude=None, include=None,
                                    transformer=CleanColumnNames(match='[\\]\\[\\,\\{\\}\\"\\:]+')))],
         verbose=False)
2026-05-27 16:20:57,082:INFO:Creating final display dataframe.
2026-05-27 16:21:00,570:INFO:Setup _display_container:                     Description             Value
0                    Session id               123
1                        Target            target
2                   Target type            Binary
3           Original data shape       (48240, 69)
4        Transformed data shape       (48240, 69)
5   Transformed train set shape       (33768, 69)
6    Transformed test set shape       (14472, 69)
7              Numeric features                68
8                    Preprocess              True
9               Imputation type            simple
10           Numeric imputation              mean
11       Categorical imputation              mode
12               Fold Generator   StratifiedKFold
13                  Fold Number                10
14                     CPU Jobs                -1
15                      Use GPU              True
16               Log Experiment             False
17              Experiment Name  clf-default-name
18                          USI              ab90
2026-05-27 16:21:00,570:WARNING:
'cuml' is a soft dependency and not included in the pycaret installation. Please run: `pip install cuml` to install.
2026-05-27 16:21:00,616:WARNING:
'cuml' is a soft dependency and not included in the pycaret installation. Please run: `pip install cuml` to install.
2026-05-27 16:21:00,616:WARNING:
'cuml' is a soft dependency and not included in the pycaret installation. Please run: `pip install cuml` to install.
2026-05-27 16:21:00,617:WARNING:
'cuml' is a soft dependency and not included in the pycaret installation. Please run: `pip install cuml` to install.
2026-05-27 16:21:00,640:WARNING:
'cuml' is a soft dependency and not included in the pycaret installation. Please run: `pip install cuml` to install.
2026-05-27 16:21:00,645:WARNING:
'cuml' is a soft dependency and not included in the pycaret installation. Please run: `pip install cuml` to install.
2026-05-27 16:21:00,646:INFO:Soft dependency imported: xgboost: 3.2.0
2026-05-27 16:21:00,786:INFO:Soft dependency imported: catboost: 1.2.10
2026-05-27 16:21:00,786:WARNING:
'cuml' is a soft dependency and not included in the pycaret installation. Please run: `pip install cuml` to install.
2026-05-27 16:21:00,854:WARNING:
'cuml' is a soft dependency and not included in the pycaret installation. Please run: `pip install cuml` to install.
2026-05-27 16:21:00,855:WARNING:
'cuml' is a soft dependency and not included in the pycaret installation. Please run: `pip install cuml` to install.
2026-05-27 16:21:00,856:WARNING:
'cuml' is a soft dependency and not included in the pycaret installation. Please run: `pip install cuml` to install.
2026-05-27 16:21:00,886:WARNING:
'cuml' is a soft dependency and not included in the pycaret installation. Please run: `pip install cuml` to install.
2026-05-27 16:21:00,891:WARNING:
'cuml' is a soft dependency and not included in the pycaret installation. Please run: `pip install cuml` to install.
2026-05-27 16:21:00,892:INFO:Soft dependency imported: xgboost: 3.2.0
2026-05-27 16:21:01,002:INFO:Soft dependency imported: catboost: 1.2.10
2026-05-27 16:21:01,004:INFO:setup() successfully completed in 10.64s...............
2026-05-27 16:21:01,004:INFO:Initializing compare_models()
2026-05-27 16:21:01,005:INFO:compare_models(self=<pycaret.classification.oop.ClassificationExperiment object at 0x0000020F96982310>, include=None, exclude=None, fold=None, round=4, cross_validation=True, sort=Accuracy, n_select=1, budget_time=None, turbo=True, errors=ignore, fit_kwargs=None, groups=None, experiment_custom_tags=None, probability_threshold=None, verbose=True, parallel=None, caller_params={'self': <pycaret.classification.oop.ClassificationExperiment object at 0x0000020F96982310>, 'include': None, 'exclude': None, 'fold': None, 'round': 4, 'cross_validation': True, 'sort': 'Accuracy', 'n_select': 1, 'budget_time': None, 'turbo': True, 'errors': 'ignore', 'fit_kwargs': None, 'groups': None, 'experiment_custom_tags': None, 'probability_threshold': None, 'engine': None, 'verbose': True, 'parallel': None, '__class__': <class 'pycaret.classification.oop.ClassificationExperiment'>})
2026-05-27 16:21:01,005:INFO:Checking exceptions
2026-05-27 16:21:01,049:INFO:Preparing display monitor
2026-05-27 16:21:01,056:INFO:Initializing Logistic Regression
2026-05-27 16:21:01,057:INFO:Total runtime is 1.6669432322184246e-05 minutes
2026-05-27 16:21:01,057:INFO:SubProcess create_model() called ==================================
2026-05-27 16:21:01,058:INFO:Initializing create_model()
2026-05-27 16:21:01,058:INFO:create_model(self=<pycaret.classification.oop.ClassificationExperiment object at 0x0000020F96982310>, estimator=lr, fold=StratifiedKFold(n_splits=10, random_state=None, shuffle=False), round=4, cross_validation=True, predict=True, fit_kwargs={}, groups=None, refit=False, probability_threshold=None, experiment_custom_tags=None, verbose=False, system=False, add_to_model_list=True, metrics=None, display=<pycaret.internal.display.display.CommonDisplay object at 0x0000020FA213AE10>, model_only=True, return_train_score=False, error_score=0.0, kwargs={})
2026-05-27 16:21:01,059:INFO:Checking exceptions
2026-05-27 16:21:01,059:INFO:Importing libraries
2026-05-27 16:21:01,059:INFO:Copying training dataset
2026-05-27 16:21:01,138:INFO:Defining folds
2026-05-27 16:21:01,138:INFO:Declaring metric variables
2026-05-27 16:21:01,138:INFO:Importing untrained model
2026-05-27 16:21:01,139:INFO:Logistic Regression Imported successfully
2026-05-27 16:21:01,139:INFO:Starting cross validation
2026-05-27 16:21:01,139:INFO:Cross validating with StratifiedKFold(n_splits=10, random_state=None, shuffle=False), n_jobs=1
2026-05-27 16:21:03,338:INFO:Calculating mean and std
2026-05-27 16:21:03,343:INFO:Creating metrics dataframe
2026-05-27 16:21:03,345:INFO:Uploading results into container
2026-05-27 16:21:03,346:INFO:Uploading model into container now
2026-05-27 16:21:03,347:INFO:_master_model_container: 1
2026-05-27 16:21:03,347:INFO:_display_container: 2
2026-05-27 16:21:03,348:INFO:LogisticRegression(C=1.0, class_weight=None, dual=False, fit_intercept=True,
                   intercept_scaling=1, l1_ratio=None, max_iter=1000,
                   multi_class='auto', n_jobs=None, penalty='l2',
                   random_state=123, solver='lbfgs', tol=0.0001, verbose=0,
                   warm_start=False)
2026-05-27 16:21:03,348:INFO:create_model() successfully completed......................................
2026-05-27 16:21:03,596:INFO:SubProcess create_model() end ==================================
2026-05-27 16:21:03,597:INFO:Creating metrics dataframe
2026-05-27 16:21:03,599:INFO:Initializing K Neighbors Classifier
2026-05-27 16:21:03,599:INFO:Total runtime is 0.04237611691157023 minutes
2026-05-27 16:21:03,599:INFO:SubProcess create_model() called ==================================
2026-05-27 16:21:03,599:INFO:Initializing create_model()
2026-05-27 16:21:03,599:INFO:create_model(self=<pycaret.classification.oop.ClassificationExperiment object at 0x0000020F96982310>, estimator=knn, fold=StratifiedKFold(n_splits=10, random_state=None, shuffle=False), round=4, cross_validation=True, predict=True, fit_kwargs={}, groups=None, refit=False, probability_threshold=None, experiment_custom_tags=None, verbose=False, system=False, add_to_model_list=True, metrics=None, display=<pycaret.internal.display.display.CommonDisplay object at 0x0000020FA213AE10>, model_only=True, return_train_score=False, error_score=0.0, kwargs={})
2026-05-27 16:21:03,599:INFO:Checking exceptions
2026-05-27 16:21:03,599:INFO:Importing libraries
2026-05-27 16:21:03,599:INFO:Copying training dataset
2026-05-27 16:21:03,658:INFO:Defining folds
2026-05-27 16:21:03,658:INFO:Declaring metric variables
2026-05-27 16:21:03,658:INFO:Importing untrained model
2026-05-27 16:21:03,658:INFO:K Neighbors Classifier Imported successfully
2026-05-27 16:21:03,658:INFO:Starting cross validation
2026-05-27 16:21:03,659:INFO:Cross validating with StratifiedKFold(n_splits=10, random_state=None, shuffle=False), n_jobs=1
2026-05-27 16:21:11,593:INFO:Calculating mean and std
2026-05-27 16:21:11,595:INFO:Creating metrics dataframe
2026-05-27 16:21:11,598:INFO:Uploading results into container
2026-05-27 16:21:11,599:INFO:Uploading model into container now
2026-05-27 16:21:11,599:INFO:_master_model_container: 2
2026-05-27 16:21:11,601:INFO:_display_container: 2
2026-05-27 16:21:11,601:INFO:KNeighborsClassifier(algorithm='auto', leaf_size=30, metric='minkowski',
                     metric_params=None, n_jobs=-1, n_neighbors=5, p=2,
                     weights='uniform')
2026-05-27 16:21:11,601:INFO:create_model() successfully completed......................................
2026-05-27 16:21:11,853:INFO:SubProcess create_model() end ==================================
2026-05-27 16:21:11,853:INFO:Creating metrics dataframe
2026-05-27 16:21:11,856:INFO:Initializing Naive Bayes
2026-05-27 16:21:11,856:INFO:Total runtime is 0.1799980878829956 minutes
2026-05-27 16:21:11,857:INFO:SubProcess create_model() called ==================================
2026-05-27 16:21:11,857:INFO:Initializing create_model()
2026-05-27 16:21:11,857:INFO:create_model(self=<pycaret.classification.oop.ClassificationExperiment object at 0x0000020F96982310>, estimator=nb, fold=StratifiedKFold(n_splits=10, random_state=None, shuffle=False), round=4, cross_validation=True, predict=True, fit_kwargs={}, groups=None, refit=False, probability_threshold=None, experiment_custom_tags=None, verbose=False, system=False, add_to_model_list=True, metrics=None, display=<pycaret.internal.display.display.CommonDisplay object at 0x0000020FA213AE10>, model_only=True, return_train_score=False, error_score=0.0, kwargs={})
2026-05-27 16:21:11,857:INFO:Checking exceptions
2026-05-27 16:21:11,857:INFO:Importing libraries
2026-05-27 16:21:11,857:INFO:Copying training dataset
2026-05-27 16:21:11,919:INFO:Defining folds
2026-05-27 16:21:11,919:INFO:Declaring metric variables
2026-05-27 16:21:11,919:INFO:Importing untrained model
2026-05-27 16:21:11,920:INFO:Naive Bayes Imported successfully
2026-05-27 16:21:11,920:INFO:Starting cross validation
2026-05-27 16:21:11,922:INFO:Cross validating with StratifiedKFold(n_splits=10, random_state=None, shuffle=False), n_jobs=1
2026-05-27 16:21:13,199:INFO:Calculating mean and std
2026-05-27 16:21:13,201:INFO:Creating metrics dataframe
2026-05-27 16:21:13,203:INFO:Uploading results into container
2026-05-27 16:21:13,203:INFO:Uploading model into container now
2026-05-27 16:21:13,204:INFO:_master_model_container: 3
2026-05-27 16:21:13,204:INFO:_display_container: 2
2026-05-27 16:21:13,205:INFO:GaussianNB(priors=None, var_smoothing=1e-09)
2026-05-27 16:21:13,205:INFO:create_model() successfully completed......................................
2026-05-27 16:21:13,440:INFO:SubProcess create_model() end ==================================
2026-05-27 16:21:13,440:INFO:Creating metrics dataframe
2026-05-27 16:21:13,442:INFO:Initializing Decision Tree Classifier
2026-05-27 16:21:13,442:INFO:Total runtime is 0.20642995436986286 minutes
2026-05-27 16:21:13,442:INFO:SubProcess create_model() called ==================================
2026-05-27 16:21:13,442:INFO:Initializing create_model()
2026-05-27 16:21:13,442:INFO:create_model(self=<pycaret.classification.oop.ClassificationExperiment object at 0x0000020F96982310>, estimator=dt, fold=StratifiedKFold(n_splits=10, random_state=None, shuffle=False), round=4, cross_validation=True, predict=True, fit_kwargs={}, groups=None, refit=False, probability_threshold=None, experiment_custom_tags=None, verbose=False, system=False, add_to_model_list=True, metrics=None, display=<pycaret.internal.display.display.CommonDisplay object at 0x0000020FA213AE10>, model_only=True, return_train_score=False, error_score=0.0, kwargs={})
2026-05-27 16:21:13,442:INFO:Checking exceptions
2026-05-27 16:21:13,442:INFO:Importing libraries
2026-05-27 16:21:13,442:INFO:Copying training dataset
2026-05-27 16:21:13,499:INFO:Defining folds
2026-05-27 16:21:13,499:INFO:Declaring metric variables
2026-05-27 16:21:13,500:INFO:Importing untrained model
2026-05-27 16:21:13,500:INFO:Decision Tree Classifier Imported successfully
2026-05-27 16:21:13,500:INFO:Starting cross validation
2026-05-27 16:21:13,501:INFO:Cross validating with StratifiedKFold(n_splits=10, random_state=None, shuffle=False), n_jobs=1
2026-05-27 16:21:20,854:INFO:Calculating mean and std
2026-05-27 16:21:20,855:INFO:Creating metrics dataframe
2026-05-27 16:21:20,857:INFO:Uploading results into container
2026-05-27 16:21:20,857:INFO:Uploading model into container now
2026-05-27 16:21:20,858:INFO:_master_model_container: 4
2026-05-27 16:21:20,858:INFO:_display_container: 2
2026-05-27 16:21:20,858:INFO:DecisionTreeClassifier(ccp_alpha=0.0, class_weight=None, criterion='gini',
                       max_depth=None, max_features=None, max_leaf_nodes=None,
                       min_impurity_decrease=0.0, min_samples_leaf=1,
                       min_samples_split=2, min_weight_fraction_leaf=0.0,
                       monotonic_cst=None, random_state=123, splitter='best')
2026-05-27 16:21:20,858:INFO:create_model() successfully completed......................................
2026-05-27 16:21:21,114:INFO:SubProcess create_model() end ==================================
2026-05-27 16:21:21,115:INFO:Creating metrics dataframe
2026-05-27 16:21:21,117:INFO:Initializing SVM - Linear Kernel
2026-05-27 16:21:21,117:INFO:Total runtime is 0.3343434492746989 minutes
2026-05-27 16:21:21,117:INFO:SubProcess create_model() called ==================================
2026-05-27 16:21:21,117:INFO:Initializing create_model()
2026-05-27 16:21:21,117:INFO:create_model(self=<pycaret.classification.oop.ClassificationExperiment object at 0x0000020F96982310>, estimator=svm, fold=StratifiedKFold(n_splits=10, random_state=None, shuffle=False), round=4, cross_validation=True, predict=True, fit_kwargs={}, groups=None, refit=False, probability_threshold=None, experiment_custom_tags=None, verbose=False, system=False, add_to_model_list=True, metrics=None, display=<pycaret.internal.display.display.CommonDisplay object at 0x0000020FA213AE10>, model_only=True, return_train_score=False, error_score=0.0, kwargs={})
2026-05-27 16:21:21,117:INFO:Checking exceptions
2026-05-27 16:21:21,117:INFO:Importing libraries
2026-05-27 16:21:21,117:INFO:Copying training dataset
2026-05-27 16:21:21,175:INFO:Defining folds
2026-05-27 16:21:21,175:INFO:Declaring metric variables
2026-05-27 16:21:21,175:INFO:Importing untrained model
2026-05-27 16:21:21,175:INFO:SVM - Linear Kernel Imported successfully
2026-05-27 16:21:21,176:INFO:Starting cross validation
2026-05-27 16:21:21,177:INFO:Cross validating with StratifiedKFold(n_splits=10, random_state=None, shuffle=False), n_jobs=1
2026-05-27 16:21:25,782:INFO:Calculating mean and std
2026-05-27 16:21:25,784:INFO:Creating metrics dataframe
2026-05-27 16:21:25,786:INFO:Uploading results into container
2026-05-27 16:21:25,786:INFO:Uploading model into container now
2026-05-27 16:21:25,787:INFO:_master_model_container: 5
2026-05-27 16:21:25,787:INFO:_display_container: 2
2026-05-27 16:21:25,787:INFO:SGDClassifier(alpha=0.0001, average=False, class_weight=None,
              early_stopping=False, epsilon=0.1, eta0=0.001, fit_intercept=True,
              l1_ratio=0.15, learning_rate='optimal', loss='hinge',
              max_iter=1000, n_iter_no_change=5, n_jobs=-1, penalty='l2',
              power_t=0.5, random_state=123, shuffle=True, tol=0.001,
              validation_fraction=0.1, verbose=0, warm_start=False)
2026-05-27 16:21:25,788:INFO:create_model() successfully completed......................................
2026-05-27 16:21:26,021:INFO:SubProcess create_model() end ==================================
2026-05-27 16:21:26,021:INFO:Creating metrics dataframe
2026-05-27 16:21:26,023:INFO:Initializing Ridge Classifier
2026-05-27 16:21:26,023:INFO:Total runtime is 0.4161166747411092 minutes
2026-05-27 16:21:26,023:INFO:SubProcess create_model() called ==================================
2026-05-27 16:21:26,023:INFO:Initializing create_model()
2026-05-27 16:21:26,023:INFO:create_model(self=<pycaret.classification.oop.ClassificationExperiment object at 0x0000020F96982310>, estimator=ridge, fold=StratifiedKFold(n_splits=10, random_state=None, shuffle=False), round=4, cross_validation=True, predict=True, fit_kwargs={}, groups=None, refit=False, probability_threshold=None, experiment_custom_tags=None, verbose=False, system=False, add_to_model_list=True, metrics=None, display=<pycaret.internal.display.display.CommonDisplay object at 0x0000020FA213AE10>, model_only=True, return_train_score=False, error_score=0.0, kwargs={})
2026-05-27 16:21:26,024:INFO:Checking exceptions
2026-05-27 16:21:26,024:INFO:Importing libraries
2026-05-27 16:21:26,024:INFO:Copying training dataset
2026-05-27 16:21:26,085:INFO:Defining folds
2026-05-27 16:21:26,085:INFO:Declaring metric variables
2026-05-27 16:21:26,085:INFO:Importing untrained model
2026-05-27 16:21:26,086:INFO:Ridge Classifier Imported successfully
2026-05-27 16:21:26,086:INFO:Starting cross validation
2026-05-27 16:21:26,087:INFO:Cross validating with StratifiedKFold(n_splits=10, random_state=None, shuffle=False), n_jobs=1
2026-05-27 16:21:27,280:INFO:Calculating mean and std
2026-05-27 16:21:27,281:INFO:Creating metrics dataframe
2026-05-27 16:21:27,284:INFO:Uploading results into container
2026-05-27 16:21:27,285:INFO:Uploading model into container now
2026-05-27 16:21:27,285:INFO:_master_model_container: 6
2026-05-27 16:21:27,285:INFO:_display_container: 2
2026-05-27 16:21:27,286:INFO:RidgeClassifier(alpha=1.0, class_weight=None, copy_X=True, fit_intercept=True,
                max_iter=None, positive=False, random_state=123, solver='auto',
                tol=0.0001)
2026-05-27 16:21:27,286:INFO:create_model() successfully completed......................................
2026-05-27 16:21:27,519:INFO:SubProcess create_model() end ==================================
2026-05-27 16:21:27,519:INFO:Creating metrics dataframe
2026-05-27 16:21:27,520:INFO:Initializing Random Forest Classifier
2026-05-27 16:21:27,521:INFO:Total runtime is 0.441083824634552 minutes
2026-05-27 16:21:27,521:INFO:SubProcess create_model() called ==================================
2026-05-27 16:21:27,521:INFO:Initializing create_model()
2026-05-27 16:21:27,521:INFO:create_model(self=<pycaret.classification.oop.ClassificationExperiment object at 0x0000020F96982310>, estimator=rf, fold=StratifiedKFold(n_splits=10, random_state=None, shuffle=False), round=4, cross_validation=True, predict=True, fit_kwargs={}, groups=None, refit=False, probability_threshold=None, experiment_custom_tags=None, verbose=False, system=False, add_to_model_list=True, metrics=None, display=<pycaret.internal.display.display.CommonDisplay object at 0x0000020FA213AE10>, model_only=True, return_train_score=False, error_score=0.0, kwargs={})
2026-05-27 16:21:27,521:INFO:Checking exceptions
2026-05-27 16:21:27,521:INFO:Importing libraries
2026-05-27 16:21:27,521:INFO:Copying training dataset
2026-05-27 16:21:27,582:INFO:Defining folds
2026-05-27 16:21:27,582:INFO:Declaring metric variables
2026-05-27 16:21:27,582:INFO:Importing untrained model
2026-05-27 16:21:27,582:INFO:Random Forest Classifier Imported successfully
2026-05-27 16:21:27,583:INFO:Starting cross validation
2026-05-27 16:21:27,584:INFO:Cross validating with StratifiedKFold(n_splits=10, random_state=None, shuffle=False), n_jobs=1
2026-05-27 16:21:41,979:INFO:Calculating mean and std
2026-05-27 16:21:41,980:INFO:Creating metrics dataframe
2026-05-27 16:21:41,983:INFO:Uploading results into container
2026-05-27 16:21:41,983:INFO:Uploading model into container now
2026-05-27 16:21:41,984:INFO:_master_model_container: 7
2026-05-27 16:21:41,984:INFO:_display_container: 2
2026-05-27 16:21:41,984:INFO:RandomForestClassifier(bootstrap=True, ccp_alpha=0.0, class_weight=None,
                       criterion='gini', max_depth=None, max_features='sqrt',
                       max_leaf_nodes=None, max_samples=None,
                       min_impurity_decrease=0.0, min_samples_leaf=1,
                       min_samples_split=2, min_weight_fraction_leaf=0.0,
                       monotonic_cst=None, n_estimators=100, n_jobs=-1,
                       oob_score=False, random_state=123, verbose=0,
                       warm_start=False)
2026-05-27 16:21:41,984:INFO:create_model() successfully completed......................................
2026-05-27 16:21:42,219:INFO:SubProcess create_model() end ==================================
2026-05-27 16:21:42,220:INFO:Creating metrics dataframe
2026-05-27 16:21:42,222:INFO:Initializing Quadratic Discriminant Analysis
2026-05-27 16:21:42,222:INFO:Total runtime is 0.6860885540644328 minutes
2026-05-27 16:21:42,222:INFO:SubProcess create_model() called ==================================
2026-05-27 16:21:42,222:INFO:Initializing create_model()
2026-05-27 16:21:42,222:INFO:create_model(self=<pycaret.classification.oop.ClassificationExperiment object at 0x0000020F96982310>, estimator=qda, fold=StratifiedKFold(n_splits=10, random_state=None, shuffle=False), round=4, cross_validation=True, predict=True, fit_kwargs={}, groups=None, refit=False, probability_threshold=None, experiment_custom_tags=None, verbose=False, system=False, add_to_model_list=True, metrics=None, display=<pycaret.internal.display.display.CommonDisplay object at 0x0000020FA213AE10>, model_only=True, return_train_score=False, error_score=0.0, kwargs={})
2026-05-27 16:21:42,222:INFO:Checking exceptions
2026-05-27 16:21:42,222:INFO:Importing libraries
2026-05-27 16:21:42,222:INFO:Copying training dataset
2026-05-27 16:21:42,280:INFO:Defining folds
2026-05-27 16:21:42,280:INFO:Declaring metric variables
2026-05-27 16:21:42,280:INFO:Importing untrained model
2026-05-27 16:21:42,280:INFO:Quadratic Discriminant Analysis Imported successfully
2026-05-27 16:21:42,280:INFO:Starting cross validation
2026-05-27 16:21:42,282:INFO:Cross validating with StratifiedKFold(n_splits=10, random_state=None, shuffle=False), n_jobs=1
2026-05-27 16:21:44,803:INFO:Calculating mean and std
2026-05-27 16:21:44,805:INFO:Creating metrics dataframe
2026-05-27 16:21:44,808:INFO:Uploading results into container
2026-05-27 16:21:44,809:INFO:Uploading model into container now
2026-05-27 16:21:44,810:INFO:_master_model_container: 8
2026-05-27 16:21:44,810:INFO:_display_container: 2
2026-05-27 16:21:44,810:INFO:QuadraticDiscriminantAnalysis(priors=None, reg_param=0.0,
                              store_covariance=False, tol=0.0001)
2026-05-27 16:21:44,810:INFO:create_model() successfully completed......................................
2026-05-27 16:21:45,040:INFO:SubProcess create_model() end ==================================
2026-05-27 16:21:45,040:INFO:Creating metrics dataframe
2026-05-27 16:21:45,042:INFO:Initializing Ada Boost Classifier
2026-05-27 16:21:45,043:INFO:Total runtime is 0.7331088900566102 minutes
2026-05-27 16:21:45,043:INFO:SubProcess create_model() called ==================================
2026-05-27 16:21:45,043:INFO:Initializing create_model()
2026-05-27 16:21:45,043:INFO:create_model(self=<pycaret.classification.oop.ClassificationExperiment object at 0x0000020F96982310>, estimator=ada, fold=StratifiedKFold(n_splits=10, random_state=None, shuffle=False), round=4, cross_validation=True, predict=True, fit_kwargs={}, groups=None, refit=False, probability_threshold=None, experiment_custom_tags=None, verbose=False, system=False, add_to_model_list=True, metrics=None, display=<pycaret.internal.display.display.CommonDisplay object at 0x0000020FA213AE10>, model_only=True, return_train_score=False, error_score=0.0, kwargs={})
2026-05-27 16:21:45,043:INFO:Checking exceptions
2026-05-27 16:21:45,043:INFO:Importing libraries
2026-05-27 16:21:45,043:INFO:Copying training dataset
2026-05-27 16:21:45,103:INFO:Defining folds
2026-05-27 16:21:45,103:INFO:Declaring metric variables
2026-05-27 16:21:45,103:INFO:Importing untrained model
2026-05-27 16:21:45,103:INFO:Ada Boost Classifier Imported successfully
2026-05-27 16:21:45,104:INFO:Starting cross validation
2026-05-27 16:21:45,104:INFO:Cross validating with StratifiedKFold(n_splits=10, random_state=None, shuffle=False), n_jobs=1
2026-05-27 16:22:04,245:INFO:Calculating mean and std
2026-05-27 16:22:04,246:INFO:Creating metrics dataframe
2026-05-27 16:22:04,248:INFO:Uploading results into container
2026-05-27 16:22:04,248:INFO:Uploading model into container now
2026-05-27 16:22:04,249:INFO:_master_model_container: 9
2026-05-27 16:22:04,249:INFO:_display_container: 2
2026-05-27 16:22:04,249:INFO:AdaBoostClassifier(algorithm='SAMME.R', estimator=None, learning_rate=1.0,
                   n_estimators=50, random_state=123)
2026-05-27 16:22:04,249:INFO:create_model() successfully completed......................................
2026-05-27 16:22:04,496:INFO:SubProcess create_model() end ==================================
2026-05-27 16:22:04,496:INFO:Creating metrics dataframe
2026-05-27 16:22:04,501:INFO:Initializing Gradient Boosting Classifier
2026-05-27 16:22:04,501:INFO:Total runtime is 1.057406195004781 minutes
2026-05-27 16:22:04,502:INFO:SubProcess create_model() called ==================================
2026-05-27 16:22:04,502:INFO:Initializing create_model()
2026-05-27 16:22:04,502:INFO:create_model(self=<pycaret.classification.oop.ClassificationExperiment object at 0x0000020F96982310>, estimator=gbc, fold=StratifiedKFold(n_splits=10, random_state=None, shuffle=False), round=4, cross_validation=True, predict=True, fit_kwargs={}, groups=None, refit=False, probability_threshold=None, experiment_custom_tags=None, verbose=False, system=False, add_to_model_list=True, metrics=None, display=<pycaret.internal.display.display.CommonDisplay object at 0x0000020FA213AE10>, model_only=True, return_train_score=False, error_score=0.0, kwargs={})
2026-05-27 16:22:04,502:INFO:Checking exceptions
2026-05-27 16:22:04,502:INFO:Importing libraries
2026-05-27 16:22:04,502:INFO:Copying training dataset
2026-05-27 16:22:04,562:INFO:Defining folds
2026-05-27 16:22:04,562:INFO:Declaring metric variables
2026-05-27 16:22:04,563:INFO:Importing untrained model
2026-05-27 16:22:04,564:INFO:Gradient Boosting Classifier Imported successfully
2026-05-27 16:22:04,564:INFO:Starting cross validation
2026-05-27 16:22:04,565:INFO:Cross validating with StratifiedKFold(n_splits=10, random_state=None, shuffle=False), n_jobs=1
2026-05-27 16:23:18,842:INFO:Calculating mean and std
2026-05-27 16:23:18,842:INFO:Creating metrics dataframe
2026-05-27 16:23:18,845:INFO:Uploading results into container
2026-05-27 16:23:18,846:INFO:Uploading model into container now
2026-05-27 16:23:18,847:INFO:_master_model_container: 10
2026-05-27 16:23:18,847:INFO:_display_container: 2
2026-05-27 16:23:18,847:INFO:GradientBoostingClassifier(ccp_alpha=0.0, criterion='friedman_mse', init=None,
                           learning_rate=0.1, loss='log_loss', max_depth=3,
                           max_features=None, max_leaf_nodes=None,
                           min_impurity_decrease=0.0, min_samples_leaf=1,
                           min_samples_split=2, min_weight_fraction_leaf=0.0,
                           n_estimators=100, n_iter_no_change=None,
                           random_state=123, subsample=1.0, tol=0.0001,
                           validation_fraction=0.1, verbose=0,
                           warm_start=False)
2026-05-27 16:23:18,847:INFO:create_model() successfully completed......................................
2026-05-27 16:23:19,075:INFO:SubProcess create_model() end ==================================
2026-05-27 16:23:19,075:INFO:Creating metrics dataframe
2026-05-27 16:23:19,079:INFO:Initializing Linear Discriminant Analysis
2026-05-27 16:23:19,079:INFO:Total runtime is 2.3003826498985287 minutes
2026-05-27 16:23:19,079:INFO:SubProcess create_model() called ==================================
2026-05-27 16:23:19,079:INFO:Initializing create_model()
2026-05-27 16:23:19,079:INFO:create_model(self=<pycaret.classification.oop.ClassificationExperiment object at 0x0000020F96982310>, estimator=lda, fold=StratifiedKFold(n_splits=10, random_state=None, shuffle=False), round=4, cross_validation=True, predict=True, fit_kwargs={}, groups=None, refit=False, probability_threshold=None, experiment_custom_tags=None, verbose=False, system=False, add_to_model_list=True, metrics=None, display=<pycaret.internal.display.display.CommonDisplay object at 0x0000020FA213AE10>, model_only=True, return_train_score=False, error_score=0.0, kwargs={})
2026-05-27 16:23:19,079:INFO:Checking exceptions
2026-05-27 16:23:19,079:INFO:Importing libraries
2026-05-27 16:23:19,079:INFO:Copying training dataset
2026-05-27 16:23:19,141:INFO:Defining folds
2026-05-27 16:23:19,141:INFO:Declaring metric variables
2026-05-27 16:23:19,142:INFO:Importing untrained model
2026-05-27 16:23:19,142:INFO:Linear Discriminant Analysis Imported successfully
2026-05-27 16:23:19,142:INFO:Starting cross validation
2026-05-27 16:23:19,144:INFO:Cross validating with StratifiedKFold(n_splits=10, random_state=None, shuffle=False), n_jobs=1
2026-05-27 16:23:21,266:INFO:Calculating mean and std
2026-05-27 16:23:21,268:INFO:Creating metrics dataframe
2026-05-27 16:23:21,270:INFO:Uploading results into container
2026-05-27 16:23:21,270:INFO:Uploading model into container now
2026-05-27 16:23:21,271:INFO:_master_model_container: 11
2026-05-27 16:23:21,271:INFO:_display_container: 2
2026-05-27 16:23:21,272:INFO:LinearDiscriminantAnalysis(covariance_estimator=None, n_components=None,
                           priors=None, shrinkage=None, solver='svd',
                           store_covariance=False, tol=0.0001)
2026-05-27 16:23:21,272:INFO:create_model() successfully completed......................................
2026-05-27 16:23:21,519:INFO:SubProcess create_model() end ==================================
2026-05-27 16:23:21,519:INFO:Creating metrics dataframe
2026-05-27 16:23:21,521:INFO:Initializing Extra Trees Classifier
2026-05-27 16:23:21,521:INFO:Total runtime is 2.3410812417666116 minutes
2026-05-27 16:23:21,521:INFO:SubProcess create_model() called ==================================
2026-05-27 16:23:21,521:INFO:Initializing create_model()
2026-05-27 16:23:21,521:INFO:create_model(self=<pycaret.classification.oop.ClassificationExperiment object at 0x0000020F96982310>, estimator=et, fold=StratifiedKFold(n_splits=10, random_state=None, shuffle=False), round=4, cross_validation=True, predict=True, fit_kwargs={}, groups=None, refit=False, probability_threshold=None, experiment_custom_tags=None, verbose=False, system=False, add_to_model_list=True, metrics=None, display=<pycaret.internal.display.display.CommonDisplay object at 0x0000020FA213AE10>, model_only=True, return_train_score=False, error_score=0.0, kwargs={})
2026-05-27 16:23:21,521:INFO:Checking exceptions
2026-05-27 16:23:21,521:INFO:Importing libraries
2026-05-27 16:23:21,521:INFO:Copying training dataset
2026-05-27 16:23:21,581:INFO:Defining folds
2026-05-27 16:23:21,581:INFO:Declaring metric variables
2026-05-27 16:23:21,581:INFO:Importing untrained model
2026-05-27 16:23:21,582:INFO:Extra Trees Classifier Imported successfully
2026-05-27 16:23:21,582:INFO:Starting cross validation
2026-05-27 16:23:21,583:INFO:Cross validating with StratifiedKFold(n_splits=10, random_state=None, shuffle=False), n_jobs=1
2026-05-27 16:23:36,566:INFO:Calculating mean and std
2026-05-27 16:23:36,568:INFO:Creating metrics dataframe
2026-05-27 16:23:36,570:INFO:Uploading results into container
2026-05-27 16:23:36,570:INFO:Uploading model into container now
2026-05-27 16:23:36,571:INFO:_master_model_container: 12
2026-05-27 16:23:36,572:INFO:_display_container: 2
2026-05-27 16:23:36,572:INFO:ExtraTreesClassifier(bootstrap=False, ccp_alpha=0.0, class_weight=None,
                     criterion='gini', max_depth=None, max_features='sqrt',
                     max_leaf_nodes=None, max_samples=None,
                     min_impurity_decrease=0.0, min_samples_leaf=1,
                     min_samples_split=2, min_weight_fraction_leaf=0.0,
                     monotonic_cst=None, n_estimators=100, n_jobs=-1,
                     oob_score=False, random_state=123, verbose=0,
                     warm_start=False)
2026-05-27 16:23:36,572:INFO:create_model() successfully completed......................................
2026-05-27 16:23:36,800:INFO:SubProcess create_model() end ==================================
2026-05-27 16:23:36,800:INFO:Creating metrics dataframe
2026-05-27 16:23:36,803:INFO:Initializing Extreme Gradient Boosting
2026-05-27 16:23:36,803:INFO:Total runtime is 2.595769957701365 minutes
2026-05-27 16:23:36,803:INFO:SubProcess create_model() called ==================================
2026-05-27 16:23:36,803:INFO:Initializing create_model()
2026-05-27 16:23:36,804:INFO:create_model(self=<pycaret.classification.oop.ClassificationExperiment object at 0x0000020F96982310>, estimator=xgboost, fold=StratifiedKFold(n_splits=10, random_state=None, shuffle=False), round=4, cross_validation=True, predict=True, fit_kwargs={}, groups=None, refit=False, probability_threshold=None, experiment_custom_tags=None, verbose=False, system=False, add_to_model_list=True, metrics=None, display=<pycaret.internal.display.display.CommonDisplay object at 0x0000020FA213AE10>, model_only=True, return_train_score=False, error_score=0.0, kwargs={})
2026-05-27 16:23:36,804:INFO:Checking exceptions
2026-05-27 16:23:36,804:INFO:Importing libraries
2026-05-27 16:23:36,804:INFO:Copying training dataset
2026-05-27 16:23:36,862:INFO:Defining folds
2026-05-27 16:23:36,862:INFO:Declaring metric variables
2026-05-27 16:23:36,863:INFO:Importing untrained model
2026-05-27 16:23:36,864:INFO:Extreme Gradient Boosting Imported successfully
2026-05-27 16:23:36,864:INFO:Starting cross validation
2026-05-27 16:23:36,865:INFO:Cross validating with StratifiedKFold(n_splits=10, random_state=None, shuffle=False), n_jobs=1
2026-05-27 16:23:52,042:INFO:Calculating mean and std
2026-05-27 16:23:52,058:INFO:Creating metrics dataframe
2026-05-27 16:23:52,082:INFO:Uploading results into container
2026-05-27 16:23:52,088:INFO:Uploading model into container now
2026-05-27 16:23:52,093:INFO:_master_model_container: 13
2026-05-27 16:23:52,094:INFO:_display_container: 2
2026-05-27 16:23:52,114:INFO:XGBClassifier(base_score=None, booster='gbtree', callbacks=None,
              colsample_bylevel=None, colsample_bynode=None,
              colsample_bytree=None, device='gpu', early_stopping_rounds=None,
              enable_categorical=False, eval_metric=None, feature_types=None,
              feature_weights=None, gamma=None, grow_policy=None,
              importance_type=None, interaction_constraints=None,
              learning_rate=None, max_bin=None, max_cat_threshold=None,
              max_cat_to_onehot=None, max_delta_step=None, max_depth=None,
              max_leaves=None, min_child_weight=None, missing=nan,
              monotone_constraints=None, multi_strategy=None, n_estimators=None,
              n_jobs=-1, num_parallel_tree=None, ...)
2026-05-27 16:23:52,119:INFO:create_model() successfully completed......................................
2026-05-27 16:23:54,286:INFO:SubProcess create_model() end ==================================
2026-05-27 16:23:54,288:INFO:Creating metrics dataframe
2026-05-27 16:23:54,314:INFO:Initializing Light Gradient Boosting Machine
2026-05-27 16:23:54,315:INFO:Total runtime is 2.887649659315745 minutes
2026-05-27 16:23:54,317:INFO:SubProcess create_model() called ==================================
2026-05-27 16:23:54,318:INFO:Initializing create_model()
2026-05-27 16:23:54,319:INFO:create_model(self=<pycaret.classification.oop.ClassificationExperiment object at 0x0000020F96982310>, estimator=lightgbm, fold=StratifiedKFold(n_splits=10, random_state=None, shuffle=False), round=4, cross_validation=True, predict=True, fit_kwargs={}, groups=None, refit=False, probability_threshold=None, experiment_custom_tags=None, verbose=False, system=False, add_to_model_list=True, metrics=None, display=<pycaret.internal.display.display.CommonDisplay object at 0x0000020FA213AE10>, model_only=True, return_train_score=False, error_score=0.0, kwargs={})
2026-05-27 16:23:54,320:INFO:Checking exceptions
2026-05-27 16:23:54,320:INFO:Importing libraries
2026-05-27 16:23:54,320:INFO:Copying training dataset
2026-05-27 16:23:55,161:INFO:Defining folds
2026-05-27 16:23:55,163:INFO:Declaring metric variables
2026-05-27 16:23:55,165:INFO:Importing untrained model
2026-05-27 16:23:55,172:INFO:Light Gradient Boosting Machine Imported successfully
2026-05-27 16:23:55,176:INFO:Starting cross validation
2026-05-27 16:23:55,186:INFO:Cross validating with StratifiedKFold(n_splits=10, random_state=None, shuffle=False), n_jobs=1
2026-05-27 16:24:16,309:INFO:Calculating mean and std
2026-05-27 16:24:16,311:INFO:Creating metrics dataframe
2026-05-27 16:24:16,314:INFO:Uploading results into container
2026-05-27 16:24:16,315:INFO:Uploading model into container now
2026-05-27 16:24:16,316:INFO:_master_model_container: 14
2026-05-27 16:24:16,316:INFO:_display_container: 2
2026-05-27 16:24:16,317:INFO:LGBMClassifier(boosting_type='gbdt', class_weight=None, colsample_bytree=1.0,
               device='gpu', importance_type='split', learning_rate=0.1,
               max_depth=-1, min_child_samples=20, min_child_weight=0.001,
               min_split_gain=0.0, n_estimators=100, n_jobs=-1, num_leaves=31,
               objective=None, random_state=123, reg_alpha=0.0, reg_lambda=0.0,
               subsample=1.0, subsample_for_bin=200000, subsample_freq=0)
2026-05-27 16:24:16,317:INFO:create_model() successfully completed......................................
2026-05-27 16:24:16,580:INFO:SubProcess create_model() end ==================================
2026-05-27 16:24:16,580:INFO:Creating metrics dataframe
2026-05-27 16:24:16,583:INFO:Initializing CatBoost Classifier
2026-05-27 16:24:16,583:INFO:Total runtime is 3.258779191970825 minutes
2026-05-27 16:24:16,584:INFO:SubProcess create_model() called ==================================
2026-05-27 16:24:16,584:INFO:Initializing create_model()
2026-05-27 16:24:16,584:INFO:create_model(self=<pycaret.classification.oop.ClassificationExperiment object at 0x0000020F96982310>, estimator=catboost, fold=StratifiedKFold(n_splits=10, random_state=None, shuffle=False), round=4, cross_validation=True, predict=True, fit_kwargs={}, groups=None, refit=False, probability_threshold=None, experiment_custom_tags=None, verbose=False, system=False, add_to_model_list=True, metrics=None, display=<pycaret.internal.display.display.CommonDisplay object at 0x0000020FA213AE10>, model_only=True, return_train_score=False, error_score=0.0, kwargs={})
2026-05-27 16:24:16,584:INFO:Checking exceptions
2026-05-27 16:24:16,584:INFO:Importing libraries
2026-05-27 16:24:16,584:INFO:Copying training dataset
2026-05-27 16:24:16,643:INFO:Defining folds
2026-05-27 16:24:16,643:INFO:Declaring metric variables
2026-05-27 16:24:16,644:INFO:Importing untrained model
2026-05-27 16:24:16,644:INFO:CatBoost Classifier Imported successfully
2026-05-27 16:24:16,644:INFO:Starting cross validation
2026-05-27 16:24:16,645:INFO:Cross validating with StratifiedKFold(n_splits=10, random_state=None, shuffle=False), n_jobs=1
2026-05-27 16:54:18,339:INFO:Calculating mean and std
2026-05-27 16:54:18,340:INFO:Creating metrics dataframe
2026-05-27 16:54:18,342:INFO:Uploading results into container
2026-05-27 16:54:18,343:INFO:Uploading model into container now
2026-05-27 16:54:18,343:INFO:_master_model_container: 15
2026-05-27 16:54:18,345:INFO:_display_container: 2
2026-05-27 16:54:18,345:INFO:CatBoostClassifier(border_count=32, random_state=123, task_type='GPU', verbose=False)
2026-05-27 16:54:18,345:INFO:create_model() successfully completed......................................
2026-05-27 16:54:18,601:INFO:SubProcess create_model() end ==================================
2026-05-27 16:54:18,601:INFO:Creating metrics dataframe
2026-05-27 16:54:18,604:INFO:Initializing Dummy Classifier
2026-05-27 16:54:18,604:INFO:Total runtime is 33.292463032404584 minutes
2026-05-27 16:54:18,604:INFO:SubProcess create_model() called ==================================
2026-05-27 16:54:18,604:INFO:Initializing create_model()
2026-05-27 16:54:18,604:INFO:create_model(self=<pycaret.classification.oop.ClassificationExperiment object at 0x0000020F96982310>, estimator=dummy, fold=StratifiedKFold(n_splits=10, random_state=None, shuffle=False), round=4, cross_validation=True, predict=True, fit_kwargs={}, groups=None, refit=False, probability_threshold=None, experiment_custom_tags=None, verbose=False, system=False, add_to_model_list=True, metrics=None, display=<pycaret.internal.display.display.CommonDisplay object at 0x0000020FA213AE10>, model_only=True, return_train_score=False, error_score=0.0, kwargs={})
2026-05-27 16:54:18,604:INFO:Checking exceptions
2026-05-27 16:54:18,604:INFO:Importing libraries
2026-05-27 16:54:18,604:INFO:Copying training dataset
2026-05-27 16:54:18,673:INFO:Defining folds
2026-05-27 16:54:18,673:INFO:Declaring metric variables
2026-05-27 16:54:18,674:INFO:Importing untrained model
2026-05-27 16:54:18,675:INFO:Dummy Classifier Imported successfully
2026-05-27 16:54:18,675:INFO:Starting cross validation
2026-05-27 16:54:18,677:INFO:Cross validating with StratifiedKFold(n_splits=10, random_state=None, shuffle=False), n_jobs=1
2026-05-27 16:54:19,900:INFO:Calculating mean and std
2026-05-27 16:54:19,902:INFO:Creating metrics dataframe
2026-05-27 16:54:19,906:INFO:Uploading results into container
2026-05-27 16:54:19,907:INFO:Uploading model into container now
2026-05-27 16:54:19,907:INFO:_master_model_container: 16
2026-05-27 16:54:19,908:INFO:_display_container: 2
2026-05-27 16:54:19,908:INFO:DummyClassifier(constant=None, random_state=123, strategy='prior')
2026-05-27 16:54:19,908:INFO:create_model() successfully completed......................................
2026-05-27 16:54:20,182:INFO:SubProcess create_model() end ==================================
2026-05-27 16:54:20,182:INFO:Creating metrics dataframe
2026-05-27 16:54:20,189:INFO:Initializing create_model()
2026-05-27 16:54:20,189:INFO:create_model(self=<pycaret.classification.oop.ClassificationExperiment object at 0x0000020F96982310>, estimator=CatBoostClassifier(border_count=32, random_state=123, task_type='GPU', verbose=False), fold=StratifiedKFold(n_splits=10, random_state=None, shuffle=False), round=4, cross_validation=False, predict=False, fit_kwargs={}, groups=None, refit=True, probability_threshold=None, experiment_custom_tags=None, verbose=False, system=False, add_to_model_list=True, metrics=None, display=None, model_only=True, return_train_score=False, error_score=0.0, kwargs={})
2026-05-27 16:54:20,190:INFO:Checking exceptions
2026-05-27 16:54:20,191:INFO:Importing libraries
2026-05-27 16:54:20,191:INFO:Copying training dataset
2026-05-27 16:54:20,267:INFO:Defining folds
2026-05-27 16:54:20,267:INFO:Declaring metric variables
2026-05-27 16:54:20,267:INFO:Importing untrained model
2026-05-27 16:54:20,267:INFO:Declaring custom model
2026-05-27 16:54:20,267:INFO:CatBoost Classifier Imported successfully
2026-05-27 16:54:20,268:INFO:Cross validation set to False
2026-05-27 16:54:20,268:INFO:Fitting Model
2026-05-27 16:57:06,446:INFO:CatBoostClassifier(border_count=32, random_state=123, task_type='GPU', verbose=False)
2026-05-27 16:57:06,446:INFO:create_model() successfully completed......................................
2026-05-27 16:57:06,714:INFO:_master_model_container: 16
2026-05-27 16:57:06,714:INFO:_display_container: 2
2026-05-27 16:57:06,714:INFO:CatBoostClassifier(border_count=32, random_state=123, task_type='GPU', verbose=False)
2026-05-27 16:57:06,714:INFO:compare_models() successfully completed......................................
